ISO-10303-21;
HEADER;
/* Generated by software containing ST-Developer
 * from STEP Tools, Inc. (www.steptools.com) 
 */

FILE_DESCRIPTION(
/* description */ (''),
/* implementation_level */ '2;1');

FILE_NAME(
/* name */ 'HackPad-TOP.step',
/* time_stamp */ '2026-08-22T12:06:51-04:00',
/* author */ (''),
/* organization */ (''),
/* preprocessor_version */ 'ST-DEVELOPER v20.1',
/* originating_system */ 'Autodesk Translation Framework v15.8.0.0',
/* authorisation */ '');

FILE_SCHEMA (('AUTOMOTIVE_DESIGN { 1 0 10303 214 3 1 1 }'));
ENDSEC;

DATA;
#10=MECHANICAL_DESIGN_GEOMETRIC_PRESENTATION_REPRESENTATION('',(#13),#9428);
#11=SHAPE_REPRESENTATION_RELATIONSHIP('SRR','None',#9435,#12);
#12=ADVANCED_BREP_SHAPE_REPRESENTATION('',(#14),#9427);
#13=STYLED_ITEM('',(#9445),#14);
#14=MANIFOLD_SOLID_BREP('Body3',#5388);
#15=SPHERICAL_SURFACE('',#5492,1.);
#16=SPHERICAL_SURFACE('',#5494,1.);
#17=SPHERICAL_SURFACE('',#5496,1.);
#18=SPHERICAL_SURFACE('',#5498,1.);
#19=CIRCLE('',#5481,1.00000000000001);
#20=CIRCLE('',#5482,0.999999999999996);
#21=CIRCLE('',#5484,0.999999999999996);
#22=CIRCLE('',#5485,1.);
#23=CIRCLE('',#5487,0.999999999999996);
#24=CIRCLE('',#5488,1.);
#25=CIRCLE('',#5490,1.00000000000001);
#26=CIRCLE('',#5491,0.999999999999996);
#27=CIRCLE('',#5493,0.999999999999998);
#28=CIRCLE('',#5495,0.999999999999998);
#29=CIRCLE('',#5497,0.999999999999998);
#30=CIRCLE('',#5499,0.999999999999998);
#31=CIRCLE('',#5501,1.);
#32=CIRCLE('',#5504,1.);
#33=CIRCLE('',#5507,1.45);
#34=CIRCLE('',#5508,1.45);
#35=CIRCLE('',#5509,0.500000000000003);
#36=CIRCLE('',#5510,0.499999999999998);
#37=CIRCLE('',#5511,0.499999999999998);
#38=CIRCLE('',#5512,0.5);
#39=CIRCLE('',#5513,0.499999999999998);
#40=CIRCLE('',#5514,0.499999999999998);
#41=CIRCLE('',#5515,0.500000000000003);
#42=CIRCLE('',#5516,0.499999999999998);
#43=CIRCLE('',#5517,0.499999999999998);
#44=CIRCLE('',#5518,0.499999999999998);
#45=CIRCLE('',#5519,0.499999999999998);
#46=CIRCLE('',#5520,0.499999999999998);
#47=CIRCLE('',#5521,0.499999999999998);
#48=CIRCLE('',#5522,0.499999999999998);
#49=CIRCLE('',#5523,0.499999999999998);
#50=CIRCLE('',#5524,0.499999999999998);
#51=CIRCLE('',#5525,0.499999999999998);
#52=CIRCLE('',#5526,0.499999999999998);
#53=CIRCLE('',#5527,0.499999999999998);
#54=CIRCLE('',#5528,0.5);
#55=CIRCLE('',#5529,0.499999999999998);
#56=CIRCLE('',#5530,0.499999999999998);
#57=CIRCLE('',#5531,0.500000000000003);
#58=CIRCLE('',#5532,0.5);
#59=CIRCLE('',#5533,0.500000000000003);
#60=CIRCLE('',#5534,0.499999999999998);
#61=CIRCLE('',#5535,0.499999999999998);
#62=CIRCLE('',#5536,0.499999999999998);
#63=CIRCLE('',#5537,0.499999999999998);
#64=CIRCLE('',#5538,0.499999999999998);
#65=CIRCLE('',#5539,0.499999999999998);
#66=CIRCLE('',#5540,0.5);
#67=CIRCLE('',#5541,0.499999999999998);
#68=CIRCLE('',#5542,0.499999999999998);
#69=CIRCLE('',#5543,0.499999999999998);
#70=CIRCLE('',#5544,0.499999999999998);
#71=CIRCLE('',#5545,0.499999999999998);
#72=CIRCLE('',#5546,0.500000000000003);
#73=CIRCLE('',#5547,0.500000000000003);
#74=CIRCLE('',#5548,0.499999999999998);
#75=CIRCLE('',#5549,0.500000000000003);
#76=CIRCLE('',#5550,0.500000000000003);
#77=CIRCLE('',#5551,0.499999999999998);
#78=CIRCLE('',#5552,0.499999999999998);
#79=CIRCLE('',#5553,0.499999999999998);
#80=CIRCLE('',#5554,0.499999999999998);
#81=CIRCLE('',#5555,0.499999999999998);
#82=CIRCLE('',#5556,0.499999999999998);
#83=CIRCLE('',#5557,0.499999999999998);
#84=CIRCLE('',#5558,0.499999999999998);
#85=CIRCLE('',#5559,0.500000000000003);
#86=CIRCLE('',#5560,0.499999999999998);
#87=CIRCLE('',#5561,0.499999999999998);
#88=CIRCLE('',#5562,0.500000000000003);
#89=CIRCLE('',#5563,0.499999999999998);
#90=CIRCLE('',#5564,0.499999999999998);
#91=CIRCLE('',#5565,0.499999999999998);
#92=CIRCLE('',#5566,0.500000000000003);
#93=CIRCLE('',#5567,0.499999999999998);
#94=CIRCLE('',#5568,0.499999999999998);
#95=CIRCLE('',#5569,0.500000000000003);
#96=CIRCLE('',#5570,0.499999999999998);
#97=CIRCLE('',#5571,0.499999999999998);
#98=CIRCLE('',#5572,0.499999999999998);
#99=CIRCLE('',#5573,1.45);
#100=CIRCLE('',#5574,1.45);
#101=CIRCLE('',#5576,1.);
#102=CIRCLE('',#5577,1.);
#103=CIRCLE('',#5578,0.500000000000003);
#104=CIRCLE('',#5579,0.5);
#105=CIRCLE('',#5580,0.499999999999998);
#106=CIRCLE('',#5581,0.499999999999998);
#107=CIRCLE('',#5582,0.499999999999998);
#108=CIRCLE('',#5583,0.499999999999998);
#109=CIRCLE('',#5584,0.500000000000003);
#110=CIRCLE('',#5585,0.499999999999998);
#111=CIRCLE('',#5586,0.499999999999998);
#112=CIRCLE('',#5587,0.499999999999998);
#113=CIRCLE('',#5588,0.499999999999998);
#114=CIRCLE('',#5589,0.499999999999998);
#115=CIRCLE('',#5590,0.499999999999998);
#116=CIRCLE('',#5591,0.499999999999998);
#117=CIRCLE('',#5592,0.499999999999998);
#118=CIRCLE('',#5593,0.499999999999998);
#119=CIRCLE('',#5594,0.499999999999998);
#120=CIRCLE('',#5595,0.5);
#121=CIRCLE('',#5596,0.499999999999998);
#122=CIRCLE('',#5597,0.499999999999998);
#123=CIRCLE('',#5598,0.499999999999998);
#124=CIRCLE('',#5599,0.5);
#125=CIRCLE('',#5600,0.500000000000003);
#126=CIRCLE('',#5601,0.499999999999998);
#127=CIRCLE('',#5602,0.500000000000003);
#128=CIRCLE('',#5603,0.499999999999998);
#129=CIRCLE('',#5604,0.499999999999998);
#130=CIRCLE('',#5605,0.499999999999998);
#131=CIRCLE('',#5606,0.499999999999998);
#132=CIRCLE('',#5607,0.5);
#133=CIRCLE('',#5608,0.499999999999998);
#134=CIRCLE('',#5609,0.499999999999998);
#135=CIRCLE('',#5610,0.499999999999998);
#136=CIRCLE('',#5611,0.499999999999998);
#137=CIRCLE('',#5612,0.499999999999998);
#138=CIRCLE('',#5613,0.499999999999998);
#139=CIRCLE('',#5614,0.499999999999998);
#140=CIRCLE('',#5615,0.499999999999998);
#141=CIRCLE('',#5616,0.500000000000003);
#142=CIRCLE('',#5617,0.500000000000003);
#143=CIRCLE('',#5618,0.500000000000003);
#144=CIRCLE('',#5619,0.499999999999998);
#145=CIRCLE('',#5620,0.499999999999998);
#146=CIRCLE('',#5621,0.500000000000003);
#147=CIRCLE('',#5622,0.499999999999998);
#148=CIRCLE('',#5623,0.499999999999998);
#149=CIRCLE('',#5624,0.499999999999998);
#150=CIRCLE('',#5625,0.499999999999998);
#151=CIRCLE('',#5626,0.499999999999998);
#152=CIRCLE('',#5627,0.499999999999998);
#153=CIRCLE('',#5628,0.500000000000003);
#154=CIRCLE('',#5629,0.499999999999998);
#155=CIRCLE('',#5630,0.499999999999998);
#156=CIRCLE('',#5631,0.499999999999998);
#157=CIRCLE('',#5632,0.499999999999998);
#158=CIRCLE('',#5633,0.500000000000003);
#159=CIRCLE('',#5634,0.499999999999998);
#160=CIRCLE('',#5635,0.499999999999998);
#161=CIRCLE('',#5636,0.499999999999998);
#162=CIRCLE('',#5637,0.500000000000003);
#163=CIRCLE('',#5638,0.500000000000003);
#164=CIRCLE('',#5639,0.499999999999998);
#165=CIRCLE('',#5640,0.499999999999998);
#166=CIRCLE('',#5641,0.499999999999998);
#167=CIRCLE('',#5642,1.45);
#168=CIRCLE('',#5643,1.45);
#169=CIRCLE('',#5644,1.45);
#170=CIRCLE('',#5645,1.45);
#171=CYLINDRICAL_SURFACE('',#5480,1.);
#172=CYLINDRICAL_SURFACE('',#5483,1.);
#173=CYLINDRICAL_SURFACE('',#5486,1.);
#174=CYLINDRICAL_SURFACE('',#5489,1.);
#175=CYLINDRICAL_SURFACE('',#5500,1.);
#176=CYLINDRICAL_SURFACE('',#5503,1.);
#177=CYLINDRICAL_SURFACE('',#5646,1.);
#178=CYLINDRICAL_SURFACE('',#5647,1.);
#179=CYLINDRICAL_SURFACE('',#5655,0.5);
#180=CYLINDRICAL_SURFACE('',#5657,0.499999999999998);
#181=CYLINDRICAL_SURFACE('',#5659,0.499999999999998);
#182=CYLINDRICAL_SURFACE('',#5661,0.500000000000003);
#183=CYLINDRICAL_SURFACE('',#5663,0.499999999999998);
#184=CYLINDRICAL_SURFACE('',#5665,0.500000000000003);
#185=CYLINDRICAL_SURFACE('',#5667,0.499999999999998);
#186=CYLINDRICAL_SURFACE('',#5669,0.499999999999998);
#187=CYLINDRICAL_SURFACE('',#5671,0.499999999999998);
#188=CYLINDRICAL_SURFACE('',#5673,0.499999999999998);
#189=CYLINDRICAL_SURFACE('',#5675,0.499999999999998);
#190=CYLINDRICAL_SURFACE('',#5677,0.499999999999998);
#191=CYLINDRICAL_SURFACE('',#5679,0.499999999999998);
#192=CYLINDRICAL_SURFACE('',#5681,0.499999999999998);
#193=CYLINDRICAL_SURFACE('',#5683,0.499999999999998);
#194=CYLINDRICAL_SURFACE('',#5685,0.499999999999998);
#195=CYLINDRICAL_SURFACE('',#5687,0.5);
#196=CYLINDRICAL_SURFACE('',#5689,0.499999999999998);
#197=CYLINDRICAL_SURFACE('',#5691,0.499999999999998);
#198=CYLINDRICAL_SURFACE('',#5693,0.499999999999998);
#199=CYLINDRICAL_SURFACE('',#5695,0.5);
#200=CYLINDRICAL_SURFACE('',#5697,0.500000000000003);
#201=CYLINDRICAL_SURFACE('',#5699,0.499999999999998);
#202=CYLINDRICAL_SURFACE('',#5701,0.499999999999998);
#203=CYLINDRICAL_SURFACE('',#5703,0.499999999999998);
#204=CYLINDRICAL_SURFACE('',#5705,0.499999999999998);
#205=CYLINDRICAL_SURFACE('',#5707,0.499999999999998);
#206=CYLINDRICAL_SURFACE('',#5709,0.500000000000003);
#207=CYLINDRICAL_SURFACE('',#5711,0.5);
#208=CYLINDRICAL_SURFACE('',#5713,0.499999999999998);
#209=CYLINDRICAL_SURFACE('',#5715,0.499999999999998);
#210=CYLINDRICAL_SURFACE('',#5717,0.499999999999998);
#211=CYLINDRICAL_SURFACE('',#5719,0.499999999999998);
#212=CYLINDRICAL_SURFACE('',#5721,0.499999999999998);
#213=CYLINDRICAL_SURFACE('',#5723,0.499999999999998);
#214=CYLINDRICAL_SURFACE('',#5725,0.499999999999998);
#215=CYLINDRICAL_SURFACE('',#5727,0.499999999999998);
#216=CYLINDRICAL_SURFACE('',#5729,0.500000000000003);
#217=CYLINDRICAL_SURFACE('',#5731,0.500000000000003);
#218=CYLINDRICAL_SURFACE('',#5733,0.499999999999998);
#219=CYLINDRICAL_SURFACE('',#5735,0.499999999999998);
#220=CYLINDRICAL_SURFACE('',#5737,0.499999999999998);
#221=CYLINDRICAL_SURFACE('',#5739,0.500000000000003);
#222=CYLINDRICAL_SURFACE('',#5741,0.500000000000003);
#223=CYLINDRICAL_SURFACE('',#5743,0.499999999999998);
#224=CYLINDRICAL_SURFACE('',#5745,0.499999999999998);
#225=CYLINDRICAL_SURFACE('',#5747,0.499999999999998);
#226=CYLINDRICAL_SURFACE('',#5749,0.499999999999998);
#227=CYLINDRICAL_SURFACE('',#5751,0.499999999999998);
#228=CYLINDRICAL_SURFACE('',#5753,0.500000000000003);
#229=CYLINDRICAL_SURFACE('',#5755,0.499999999999998);
#230=CYLINDRICAL_SURFACE('',#5757,0.499999999999998);
#231=CYLINDRICAL_SURFACE('',#5759,0.499999999999998);
#232=CYLINDRICAL_SURFACE('',#5761,0.499999999999998);
#233=CYLINDRICAL_SURFACE('',#5763,0.500000000000003);
#234=CYLINDRICAL_SURFACE('',#5765,0.499999999999998);
#235=CYLINDRICAL_SURFACE('',#5767,0.499999999999998);
#236=CYLINDRICAL_SURFACE('',#5769,0.499999999999998);
#237=CYLINDRICAL_SURFACE('',#5771,0.500000000000003);
#238=CYLINDRICAL_SURFACE('',#5773,0.499999999999998);
#239=CYLINDRICAL_SURFACE('',#5775,0.499999999999998);
#240=CYLINDRICAL_SURFACE('',#5777,0.499999999999998);
#241=CYLINDRICAL_SURFACE('',#5779,0.499999999999998);
#242=CYLINDRICAL_SURFACE('',#5781,0.500000000000003);
#243=CYLINDRICAL_SURFACE('',#5782,1.45);
#244=CYLINDRICAL_SURFACE('',#5783,1.45);
#245=CYLINDRICAL_SURFACE('',#5784,1.45);
#246=CYLINDRICAL_SURFACE('',#5785,1.45);
#247=B_SPLINE_CURVE_WITH_KNOTS('',3,(#7204,#7205,#7206,#7207,#7208),
 .UNSPECIFIED.,.F.,.F.,(4,1,4),(0.,0.0437377981828045,0.115390314527415),
 .UNSPECIFIED.);
#248=B_SPLINE_CURVE_WITH_KNOTS('',3,(#7212,#7213,#7214,#7215,#7216),
 .UNSPECIFIED.,.F.,.F.,(4,1,4),(0.,0.0437377981828045,0.115390314527415),
 .UNSPECIFIED.);
#249=B_SPLINE_CURVE_WITH_KNOTS('',3,(#7229,#7230,#7231,#7232,#7233),
 .UNSPECIFIED.,.F.,.F.,(4,1,4),(0.,0.035375869728024,0.0733452000147817),
 .UNSPECIFIED.);
#250=B_SPLINE_CURVE_WITH_KNOTS('',3,(#7236,#7237,#7238,#7239,#7240),
 .UNSPECIFIED.,.F.,.F.,(4,1,4),(0.,0.035375869728024,0.0733452000147817),
 .UNSPECIFIED.);
#251=B_SPLINE_CURVE_WITH_KNOTS('',3,(#7252,#7253,#7254,#7255,#7256),
 .UNSPECIFIED.,.F.,.F.,(4,1,4),(0.,0.0419807825833105,0.0787432306160914),
 .UNSPECIFIED.);
#252=B_SPLINE_CURVE_WITH_KNOTS('',3,(#7259,#7260,#7261,#7262,#7263),
 .UNSPECIFIED.,.F.,.F.,(4,1,4),(0.,0.0419807825833105,0.0787432306160914),
 .UNSPECIFIED.);
#253=B_SPLINE_CURVE_WITH_KNOTS('',3,(#7275,#7276,#7277,#7278,#7279),
 .UNSPECIFIED.,.F.,.F.,(4,1,4),(0.,0.0712489329544342,0.124773151224986),
 .UNSPECIFIED.);
#254=B_SPLINE_CURVE_WITH_KNOTS('',3,(#7282,#7283,#7284,#7285,#7286),
 .UNSPECIFIED.,.F.,.F.,(4,1,4),(0.,0.0712489329544342,0.124773151224986),
 .UNSPECIFIED.);
#255=B_SPLINE_CURVE_WITH_KNOTS('',3,(#7298,#7299,#7300,#7301,#7302),
 .UNSPECIFIED.,.F.,.F.,(4,1,4),(0.,0.0561374206532762,0.128273312279763),
 .UNSPECIFIED.);
#256=B_SPLINE_CURVE_WITH_KNOTS('',3,(#7305,#7306,#7307,#7308,#7309),
 .UNSPECIFIED.,.F.,.F.,(4,1,4),(0.,0.0561374206532762,0.128273312279763),
 .UNSPECIFIED.);
#257=B_SPLINE_CURVE_WITH_KNOTS('',3,(#7321,#7322,#7323,#7324,#7325),
 .UNSPECIFIED.,.F.,.F.,(4,1,4),(0.,0.0338047414428339,0.0770645741257646),
 .UNSPECIFIED.);
#258=B_SPLINE_CURVE_WITH_KNOTS('',3,(#7328,#7329,#7330,#7331,#7332),
 .UNSPECIFIED.,.F.,.F.,(4,1,4),(0.,0.0338047414428339,0.0770645741257646),
 .UNSPECIFIED.);
#259=B_SPLINE_CURVE_WITH_KNOTS('',3,(#7344,#7345,#7346,#7347,#7348),
 .UNSPECIFIED.,.F.,.F.,(4,1,4),(0.,0.0332462558168699,0.0640353181753004),
 .UNSPECIFIED.);
#260=B_SPLINE_CURVE_WITH_KNOTS('',3,(#7351,#7352,#7353,#7354,#7355),
 .UNSPECIFIED.,.F.,.F.,(4,1,4),(0.,0.0332462558168699,0.0640353181753004),
 .UNSPECIFIED.);
#261=B_SPLINE_CURVE_WITH_KNOTS('',3,(#7367,#7368,#7369,#7370,#7371),
 .UNSPECIFIED.,.F.,.F.,(4,1,4),(0.,0.0505857346923728,0.0851635152552372),
 .UNSPECIFIED.);
#262=B_SPLINE_CURVE_WITH_KNOTS('',3,(#7374,#7375,#7376,#7377,#7378),
 .UNSPECIFIED.,.F.,.F.,(4,1,4),(0.,0.0505857346923728,0.0851635152552372),
 .UNSPECIFIED.);
#263=B_SPLINE_CURVE_WITH_KNOTS('',3,(#7414,#7415,#7416,#7417,#7418),
 .UNSPECIFIED.,.F.,.F.,(4,1,4),(0.,0.055335020531234,0.125289454000745),
 .UNSPECIFIED.);
#264=B_SPLINE_CURVE_WITH_KNOTS('',3,(#7421,#7422,#7423,#7424,#7425),
 .UNSPECIFIED.,.F.,.F.,(4,1,4),(0.,0.055335020531234,0.125289454000745),
 .UNSPECIFIED.);
#265=B_SPLINE_CURVE_WITH_KNOTS('',3,(#7437,#7438,#7439,#7440,#7441),
 .UNSPECIFIED.,.F.,.F.,(4,1,4),(0.,0.05325979359538,0.113784480846954),
 .UNSPECIFIED.);
#266=B_SPLINE_CURVE_WITH_KNOTS('',3,(#7444,#7445,#7446,#7447,#7448),
 .UNSPECIFIED.,.F.,.F.,(4,1,4),(0.,0.05325979359538,0.113784480846954),
 .UNSPECIFIED.);
#267=B_SPLINE_CURVE_WITH_KNOTS('',3,(#7460,#7461,#7462,#7463,#7464),
 .UNSPECIFIED.,.F.,.F.,(4,1,4),(0.,0.0754934232019937,0.144449537935126),
 .UNSPECIFIED.);
#268=B_SPLINE_CURVE_WITH_KNOTS('',3,(#7467,#7468,#7469,#7470,#7471),
 .UNSPECIFIED.,.F.,.F.,(4,1,4),(0.,0.0754934232019937,0.144449537935126),
 .UNSPECIFIED.);
#269=B_SPLINE_CURVE_WITH_KNOTS('',3,(#7483,#7484,#7485,#7486,#7487),
 .UNSPECIFIED.,.F.,.F.,(4,1,4),(0.,0.0799814970973846,0.149799403889785),
 .UNSPECIFIED.);
#270=B_SPLINE_CURVE_WITH_KNOTS('',3,(#7490,#7491,#7492,#7493,#7494),
 .UNSPECIFIED.,.F.,.F.,(4,1,4),(0.,0.0799814970973846,0.149799403889785),
 .UNSPECIFIED.);
#271=B_SPLINE_CURVE_WITH_KNOTS('',3,(#7506,#7507,#7508,#7509,#7510),
 .UNSPECIFIED.,.F.,.F.,(4,1,4),(0.,0.0762293117929385,0.166217787376522),
 .UNSPECIFIED.);
#272=B_SPLINE_CURVE_WITH_KNOTS('',3,(#7513,#7514,#7515,#7516,#7517),
 .UNSPECIFIED.,.F.,.F.,(4,1,4),(0.,0.0762293117929385,0.166217787376522),
 .UNSPECIFIED.);
#273=B_SPLINE_CURVE_WITH_KNOTS('',3,(#7529,#7530,#7531,#7532,#7533),
 .UNSPECIFIED.,.F.,.F.,(4,1,4),(0.,0.0638903239055462,0.131342367801887),
 .UNSPECIFIED.);
#274=B_SPLINE_CURVE_WITH_KNOTS('',3,(#7536,#7537,#7538,#7539,#7540),
 .UNSPECIFIED.,.F.,.F.,(4,1,4),(0.,0.0638903239055462,0.131342367801887),
 .UNSPECIFIED.);
#275=B_SPLINE_CURVE_WITH_KNOTS('',3,(#7552,#7553,#7554,#7555,#7556),
 .UNSPECIFIED.,.F.,.F.,(4,1,4),(0.,0.061973770483433,0.123755766362202),
 .UNSPECIFIED.);
#276=B_SPLINE_CURVE_WITH_KNOTS('',3,(#7559,#7560,#7561,#7562,#7563),
 .UNSPECIFIED.,.F.,.F.,(4,1,4),(0.,0.061973770483433,0.123755766362202),
 .UNSPECIFIED.);
#277=B_SPLINE_CURVE_WITH_KNOTS('',3,(#7575,#7576,#7577,#7578,#7579),
 .UNSPECIFIED.,.F.,.F.,(4,1,4),(0.,0.0764421641446483,0.133090126094356),
 .UNSPECIFIED.);
#278=B_SPLINE_CURVE_WITH_KNOTS('',3,(#7582,#7583,#7584,#7585,#7586),
 .UNSPECIFIED.,.F.,.F.,(4,1,4),(0.,0.0764421641446483,0.133090126094356),
 .UNSPECIFIED.);
#279=B_SPLINE_CURVE_WITH_KNOTS('',3,(#7609,#7610,#7611,#7612,#7613),
 .UNSPECIFIED.,.F.,.F.,(4,1,4),(0.,0.037936930039473,0.101057434373445),
 .UNSPECIFIED.);
#280=B_SPLINE_CURVE_WITH_KNOTS('',3,(#7617,#7618,#7619,#7620,#7621),
 .UNSPECIFIED.,.F.,.F.,(4,1,4),(0.,0.037936930039473,0.101057434373445),
 .UNSPECIFIED.);
#281=B_SPLINE_CURVE_WITH_KNOTS('',3,(#7634,#7635,#7636,#7637,#7638),
 .UNSPECIFIED.,.F.,.F.,(4,1,4),(0.,0.0321939446498053,0.0651456395003579),
 .UNSPECIFIED.);
#282=B_SPLINE_CURVE_WITH_KNOTS('',3,(#7641,#7642,#7643,#7644,#7645),
 .UNSPECIFIED.,.F.,.F.,(4,1,4),(0.,0.0321939446498053,0.0651456395003579),
 .UNSPECIFIED.);
#283=B_SPLINE_CURVE_WITH_KNOTS('',3,(#7657,#7658,#7659,#7660,#7661),
 .UNSPECIFIED.,.F.,.F.,(4,1,4),(0.,0.0350187515710041,0.0675693665267053),
 .UNSPECIFIED.);
#284=B_SPLINE_CURVE_WITH_KNOTS('',3,(#7664,#7665,#7666,#7667,#7668),
 .UNSPECIFIED.,.F.,.F.,(4,1,4),(0.,0.0350187515710041,0.0675693665267053),
 .UNSPECIFIED.);
#285=B_SPLINE_CURVE_WITH_KNOTS('',3,(#7680,#7681,#7682,#7683,#7684),
 .UNSPECIFIED.,.F.,.F.,(4,1,4),(0.,0.0277793665774392,0.0569407338393514),
 .UNSPECIFIED.);
#286=B_SPLINE_CURVE_WITH_KNOTS('',3,(#7687,#7688,#7689,#7690,#7691),
 .UNSPECIFIED.,.F.,.F.,(4,1,4),(0.,0.0277793665774392,0.0569407338393514),
 .UNSPECIFIED.);
#287=B_SPLINE_CURVE_WITH_KNOTS('',3,(#7703,#7704,#7705,#7706,#7707),
 .UNSPECIFIED.,.F.,.F.,(4,1,4),(0.,0.0285727241624949,0.0561735719570882),
 .UNSPECIFIED.);
#288=B_SPLINE_CURVE_WITH_KNOTS('',3,(#7710,#7711,#7712,#7713,#7714),
 .UNSPECIFIED.,.F.,.F.,(4,1,4),(0.,0.0285727241624949,0.0561735719570882),
 .UNSPECIFIED.);
#289=B_SPLINE_CURVE_WITH_KNOTS('',3,(#7726,#7727,#7728,#7729,#7730),
 .UNSPECIFIED.,.F.,.F.,(4,1,4),(0.,0.069201192178308,0.111672332815318),
 .UNSPECIFIED.);
#290=B_SPLINE_CURVE_WITH_KNOTS('',3,(#7733,#7734,#7735,#7736,#7737),
 .UNSPECIFIED.,.F.,.F.,(4,1,4),(0.,0.069201192178308,0.111672332815318),
 .UNSPECIFIED.);
#291=B_SPLINE_CURVE_WITH_KNOTS('',3,(#7779,#7780,#7781,#7782,#7783),
 .UNSPECIFIED.,.F.,.F.,(4,1,4),(0.,0.061902043177421,0.145886993930772),
 .UNSPECIFIED.);
#292=B_SPLINE_CURVE_WITH_KNOTS('',3,(#7786,#7787,#7788,#7789,#7790),
 .UNSPECIFIED.,.F.,.F.,(4,1,4),(0.,0.061902043177421,0.145886993930772),
 .UNSPECIFIED.);
#293=B_SPLINE_CURVE_WITH_KNOTS('',3,(#7802,#7803,#7804,#7805,#7806),
 .UNSPECIFIED.,.F.,.F.,(4,1,4),(0.,0.0415543343019429,0.0801954288600619),
 .UNSPECIFIED.);
#294=B_SPLINE_CURVE_WITH_KNOTS('',3,(#7809,#7810,#7811,#7812,#7813),
 .UNSPECIFIED.,.F.,.F.,(4,1,4),(0.,0.0415543343019429,0.0801954288600619),
 .UNSPECIFIED.);
#295=B_SPLINE_CURVE_WITH_KNOTS('',3,(#7825,#7826,#7827,#7828,#7829),
 .UNSPECIFIED.,.F.,.F.,(4,1,4),(0.,0.0469776709080068,0.0909863991788258),
 .UNSPECIFIED.);
#296=B_SPLINE_CURVE_WITH_KNOTS('',3,(#7832,#7833,#7834,#7835,#7836),
 .UNSPECIFIED.,.F.,.F.,(4,1,4),(0.,0.0469776709080068,0.0909863991788258),
 .UNSPECIFIED.);
#297=B_SPLINE_CURVE_WITH_KNOTS('',3,(#7848,#7849,#7850,#7851,#7852),
 .UNSPECIFIED.,.F.,.F.,(4,1,4),(0.,0.0591317166615123,0.110814507981787),
 .UNSPECIFIED.);
#298=B_SPLINE_CURVE_WITH_KNOTS('',3,(#7855,#7856,#7857,#7858,#7859),
 .UNSPECIFIED.,.F.,.F.,(4,1,4),(0.,0.0591317166615123,0.110814507981787),
 .UNSPECIFIED.);
#299=B_SPLINE_CURVE_WITH_KNOTS('',3,(#7871,#7872,#7873,#7874,#7875),
 .UNSPECIFIED.,.F.,.F.,(4,1,4),(0.,0.0671430081025216,0.143058328987998),
 .UNSPECIFIED.);
#300=B_SPLINE_CURVE_WITH_KNOTS('',3,(#7878,#7879,#7880,#7881,#7882),
 .UNSPECIFIED.,.F.,.F.,(4,1,4),(0.,0.0671430081025216,0.143058328987998),
 .UNSPECIFIED.);
#301=B_SPLINE_CURVE_WITH_KNOTS('',3,(#7894,#7895,#7896,#7897,#7898),
 .UNSPECIFIED.,.F.,.F.,(4,1,4),(0.,0.0601714507460106,0.122602805326121),
 .UNSPECIFIED.);
#302=B_SPLINE_CURVE_WITH_KNOTS('',3,(#7901,#7902,#7903,#7904,#7905),
 .UNSPECIFIED.,.F.,.F.,(4,1,4),(0.,0.0601714507460106,0.122602805326121),
 .UNSPECIFIED.);
#303=B_SPLINE_CURVE_WITH_KNOTS('',3,(#7917,#7918,#7919,#7920,#7921),
 .UNSPECIFIED.,.F.,.F.,(4,1,4),(0.,0.105647733853293,0.167241195855251),
 .UNSPECIFIED.);
#304=B_SPLINE_CURVE_WITH_KNOTS('',3,(#7924,#7925,#7926,#7927,#7928),
 .UNSPECIFIED.,.F.,.F.,(4,1,4),(0.,0.105647733853293,0.167241195855251),
 .UNSPECIFIED.);
#305=B_SPLINE_CURVE_WITH_KNOTS('',3,(#8097,#8098,#8099,#8100,#8101),
 .UNSPECIFIED.,.F.,.F.,(4,1,4),(0.,0.0527321638920232,0.104309549415285),
 .UNSPECIFIED.);
#306=B_SPLINE_CURVE_WITH_KNOTS('',3,(#8105,#8106,#8107,#8108,#8109),
 .UNSPECIFIED.,.F.,.F.,(4,1,4),(0.,0.0527321638920232,0.104309549415285),
 .UNSPECIFIED.);
#307=B_SPLINE_CURVE_WITH_KNOTS('',3,(#8122,#8123,#8124,#8125,#8126),
 .UNSPECIFIED.,.F.,.F.,(4,1,4),(0.,0.0687265335053693,0.138807229173234),
 .UNSPECIFIED.);
#308=B_SPLINE_CURVE_WITH_KNOTS('',3,(#8129,#8130,#8131,#8132,#8133),
 .UNSPECIFIED.,.F.,.F.,(4,1,4),(0.,0.0687265335053693,0.138807229173234),
 .UNSPECIFIED.);
#309=B_SPLINE_CURVE_WITH_KNOTS('',3,(#8145,#8146,#8147,#8148,#8149),
 .UNSPECIFIED.,.F.,.F.,(4,1,4),(0.,0.113340055206597,0.196173657422703),
 .UNSPECIFIED.);
#310=B_SPLINE_CURVE_WITH_KNOTS('',3,(#8152,#8153,#8154,#8155,#8156),
 .UNSPECIFIED.,.F.,.F.,(4,1,4),(0.,0.113340055206597,0.196173657422703),
 .UNSPECIFIED.);
#311=B_SPLINE_CURVE_WITH_KNOTS('',3,(#8168,#8169,#8170,#8171,#8172),
 .UNSPECIFIED.,.F.,.F.,(4,1,4),(0.,0.0810426427293503,0.188634049721713),
 .UNSPECIFIED.);
#312=B_SPLINE_CURVE_WITH_KNOTS('',3,(#8175,#8176,#8177,#8178,#8179),
 .UNSPECIFIED.,.F.,.F.,(4,1,4),(0.,0.0810426427293503,0.188634049721713),
 .UNSPECIFIED.);
#313=B_SPLINE_CURVE_WITH_KNOTS('',3,(#8191,#8192,#8193,#8194,#8195),
 .UNSPECIFIED.,.F.,.F.,(4,1,4),(0.,0.0712764003505385,0.140494860287894),
 .UNSPECIFIED.);
#314=B_SPLINE_CURVE_WITH_KNOTS('',3,(#8198,#8199,#8200,#8201,#8202),
 .UNSPECIFIED.,.F.,.F.,(4,1,4),(0.,0.0712764003505385,0.140494860287894),
 .UNSPECIFIED.);
#315=B_SPLINE_CURVE_WITH_KNOTS('',3,(#8214,#8215,#8216,#8217,#8218),
 .UNSPECIFIED.,.F.,.F.,(4,1,4),(0.,0.0492186168732923,0.101489028318416),
 .UNSPECIFIED.);
#316=B_SPLINE_CURVE_WITH_KNOTS('',3,(#8221,#8222,#8223,#8224,#8225),
 .UNSPECIFIED.,.F.,.F.,(4,1,4),(0.,0.0492186168732923,0.101489028318416),
 .UNSPECIFIED.);
#317=B_SPLINE_CURVE_WITH_KNOTS('',3,(#8237,#8238,#8239,#8240,#8241),
 .UNSPECIFIED.,.F.,.F.,(4,1,4),(0.,0.0519119284189507,0.101037994849487),
 .UNSPECIFIED.);
#318=B_SPLINE_CURVE_WITH_KNOTS('',3,(#8244,#8245,#8246,#8247,#8248),
 .UNSPECIFIED.,.F.,.F.,(4,1,4),(0.,0.0519119284189507,0.101037994849487),
 .UNSPECIFIED.);
#319=B_SPLINE_CURVE_WITH_KNOTS('',3,(#8266,#8267,#8268,#8269,#8270),
 .UNSPECIFIED.,.F.,.F.,(4,1,4),(0.,0.0682505746240512,0.147623455811874),
 .UNSPECIFIED.);
#320=B_SPLINE_CURVE_WITH_KNOTS('',3,(#8273,#8274,#8275,#8276,#8277),
 .UNSPECIFIED.,.F.,.F.,(4,1,4),(0.,0.0682505746240512,0.147623455811874),
 .UNSPECIFIED.);
#321=B_SPLINE_CURVE_WITH_KNOTS('',3,(#8289,#8290,#8291,#8292,#8293),
 .UNSPECIFIED.,.F.,.F.,(4,1,4),(0.,0.116968210799567,0.224516934458338),
 .UNSPECIFIED.);
#322=B_SPLINE_CURVE_WITH_KNOTS('',3,(#8296,#8297,#8298,#8299,#8300),
 .UNSPECIFIED.,.F.,.F.,(4,1,4),(0.,0.116968210799567,0.224516934458338),
 .UNSPECIFIED.);
#323=B_SPLINE_CURVE_WITH_KNOTS('',3,(#8312,#8313,#8314,#8315,#8316),
 .UNSPECIFIED.,.F.,.F.,(4,1,4),(0.,0.126124865389441,0.260071037448326),
 .UNSPECIFIED.);
#324=B_SPLINE_CURVE_WITH_KNOTS('',3,(#8319,#8320,#8321,#8322,#8323),
 .UNSPECIFIED.,.F.,.F.,(4,1,4),(0.,0.126124865389441,0.260071037448326),
 .UNSPECIFIED.);
#325=B_SPLINE_CURVE_WITH_KNOTS('',3,(#8335,#8336,#8337,#8338,#8339),
 .UNSPECIFIED.,.F.,.F.,(4,1,4),(0.,0.155600956292906,0.288992124083428),
 .UNSPECIFIED.);
#326=B_SPLINE_CURVE_WITH_KNOTS('',3,(#8342,#8343,#8344,#8345,#8346),
 .UNSPECIFIED.,.F.,.F.,(4,1,4),(0.,0.155600956292906,0.288992124083428),
 .UNSPECIFIED.);
#327=B_SPLINE_CURVE_WITH_KNOTS('',3,(#8358,#8359,#8360,#8361,#8362),
 .UNSPECIFIED.,.F.,.F.,(4,1,4),(0.,0.130253008545451,0.278458266123251),
 .UNSPECIFIED.);
#328=B_SPLINE_CURVE_WITH_KNOTS('',3,(#8365,#8366,#8367,#8368,#8369),
 .UNSPECIFIED.,.F.,.F.,(4,1,4),(0.,0.130253008545451,0.278458266123251),
 .UNSPECIFIED.);
#329=B_SPLINE_CURVE_WITH_KNOTS('',3,(#8381,#8382,#8383,#8384,#8385),
 .UNSPECIFIED.,.F.,.F.,(4,1,4),(0.,0.128176706747833,0.251846529384803),
 .UNSPECIFIED.);
#330=B_SPLINE_CURVE_WITH_KNOTS('',3,(#8388,#8389,#8390,#8391,#8392),
 .UNSPECIFIED.,.F.,.F.,(4,1,4),(0.,0.128176706747833,0.251846529384803),
 .UNSPECIFIED.);
#331=B_SPLINE_CURVE_WITH_KNOTS('',3,(#8404,#8405,#8406,#8407,#8408),
 .UNSPECIFIED.,.F.,.F.,(4,1,4),(0.,0.0922681056920302,0.195200841153634),
 .UNSPECIFIED.);
#332=B_SPLINE_CURVE_WITH_KNOTS('',3,(#8411,#8412,#8413,#8414,#8415),
 .UNSPECIFIED.,.F.,.F.,(4,1,4),(0.,0.0922681056920302,0.195200841153634),
 .UNSPECIFIED.);
#333=B_SPLINE_CURVE_WITH_KNOTS('',3,(#8427,#8428,#8429,#8430,#8431),
 .UNSPECIFIED.,.F.,.F.,(4,1,4),(0.,0.107433255669118,0.201017702509825),
 .UNSPECIFIED.);
#334=B_SPLINE_CURVE_WITH_KNOTS('',3,(#8434,#8435,#8436,#8437,#8438),
 .UNSPECIFIED.,.F.,.F.,(4,1,4),(0.,0.107433255669118,0.201017702509825),
 .UNSPECIFIED.);
#335=B_SPLINE_CURVE_WITH_KNOTS('',3,(#8455,#8456,#8457,#8458,#8459),
 .UNSPECIFIED.,.F.,.F.,(4,1,4),(0.,0.0573076850899687,0.127333938510571),
 .UNSPECIFIED.);
#336=B_SPLINE_CURVE_WITH_KNOTS('',3,(#8460,#8461,#8462,#8463,#8464),
 .UNSPECIFIED.,.F.,.F.,(4,1,4),(0.,0.0573076850899687,0.127333938510571),
 .UNSPECIFIED.);
#337=B_SPLINE_SURFACE_WITH_KNOTS('',3,1,((#7192,#7193),(#7194,#7195),(#7196,
#7197),(#7198,#7199),(#7200,#7201)),.UNSPECIFIED.,.F.,.F.,.F.,(4,1,4),(2,
2),(0.,0.0437377981828045,0.115390314527415),(0.,0.0499999999999998),
 .UNSPECIFIED.);
#338=B_SPLINE_SURFACE_WITH_KNOTS('',3,1,((#7218,#7219),(#7220,#7221),(#7222,
#7223),(#7224,#7225),(#7226,#7227)),.UNSPECIFIED.,.F.,.F.,.F.,(4,1,4),(2,
2),(0.,0.035375869728024,0.0733452000147817),(0.,0.0499999999999998),
 .UNSPECIFIED.);
#339=B_SPLINE_SURFACE_WITH_KNOTS('',3,1,((#7241,#7242),(#7243,#7244),(#7245,
#7246),(#7247,#7248),(#7249,#7250)),.UNSPECIFIED.,.F.,.F.,.F.,(4,1,4),(2,
2),(0.,0.0419807825833105,0.0787432306160914),(0.,0.0499999999999998),
 .UNSPECIFIED.);
#340=B_SPLINE_SURFACE_WITH_KNOTS('',3,1,((#7264,#7265),(#7266,#7267),(#7268,
#7269),(#7270,#7271),(#7272,#7273)),.UNSPECIFIED.,.F.,.F.,.F.,(4,1,4),(2,
2),(0.,0.0712489329544342,0.124773151224986),(0.,0.0499999999999998),
 .UNSPECIFIED.);
#341=B_SPLINE_SURFACE_WITH_KNOTS('',3,1,((#7287,#7288),(#7289,#7290),(#7291,
#7292),(#7293,#7294),(#7295,#7296)),.UNSPECIFIED.,.F.,.F.,.F.,(4,1,4),(2,
2),(0.,0.0561374206532762,0.128273312279763),(0.,0.0499999999999998),
 .UNSPECIFIED.);
#342=B_SPLINE_SURFACE_WITH_KNOTS('',3,1,((#7310,#7311),(#7312,#7313),(#7314,
#7315),(#7316,#7317),(#7318,#7319)),.UNSPECIFIED.,.F.,.F.,.F.,(4,1,4),(2,
2),(0.,0.0338047414428339,0.0770645741257646),(0.,0.0499999999999998),
 .UNSPECIFIED.);
#343=B_SPLINE_SURFACE_WITH_KNOTS('',3,1,((#7333,#7334),(#7335,#7336),(#7337,
#7338),(#7339,#7340),(#7341,#7342)),.UNSPECIFIED.,.F.,.F.,.F.,(4,1,4),(2,
2),(0.,0.0332462558168699,0.0640353181753004),(0.,0.0499999999999998),
 .UNSPECIFIED.);
#344=B_SPLINE_SURFACE_WITH_KNOTS('',3,1,((#7356,#7357),(#7358,#7359),(#7360,
#7361),(#7362,#7363),(#7364,#7365)),.UNSPECIFIED.,.F.,.F.,.F.,(4,1,4),(2,
2),(0.,0.0505857346923728,0.0851635152552372),(0.,0.0499999999999998),
 .UNSPECIFIED.);
#345=B_SPLINE_SURFACE_WITH_KNOTS('',3,1,((#7403,#7404),(#7405,#7406),(#7407,
#7408),(#7409,#7410),(#7411,#7412)),.UNSPECIFIED.,.F.,.F.,.F.,(4,1,4),(2,
2),(0.,0.055335020531234,0.125289454000745),(0.,0.0499999999999998),
 .UNSPECIFIED.);
#346=B_SPLINE_SURFACE_WITH_KNOTS('',3,1,((#7426,#7427),(#7428,#7429),(#7430,
#7431),(#7432,#7433),(#7434,#7435)),.UNSPECIFIED.,.F.,.F.,.F.,(4,1,4),(2,
2),(0.,0.05325979359538,0.113784480846954),(0.,0.0499999999999998),
 .UNSPECIFIED.);
#347=B_SPLINE_SURFACE_WITH_KNOTS('',3,1,((#7449,#7450),(#7451,#7452),(#7453,
#7454),(#7455,#7456),(#7457,#7458)),.UNSPECIFIED.,.F.,.F.,.F.,(4,1,4),(2,
2),(0.,0.0754934232019937,0.144449537935126),(0.,0.0499999999999998),
 .UNSPECIFIED.);
#348=B_SPLINE_SURFACE_WITH_KNOTS('',3,1,((#7472,#7473),(#7474,#7475),(#7476,
#7477),(#7478,#7479),(#7480,#7481)),.UNSPECIFIED.,.F.,.F.,.F.,(4,1,4),(2,
2),(0.,0.0799814970973846,0.149799403889785),(0.,0.0499999999999998),
 .UNSPECIFIED.);
#349=B_SPLINE_SURFACE_WITH_KNOTS('',3,1,((#7495,#7496),(#7497,#7498),(#7499,
#7500),(#7501,#7502),(#7503,#7504)),.UNSPECIFIED.,.F.,.F.,.F.,(4,1,4),(2,
2),(0.,0.0762293117929385,0.166217787376522),(0.,0.0499999999999998),
 .UNSPECIFIED.);
#350=B_SPLINE_SURFACE_WITH_KNOTS('',3,1,((#7518,#7519),(#7520,#7521),(#7522,
#7523),(#7524,#7525),(#7526,#7527)),.UNSPECIFIED.,.F.,.F.,.F.,(4,1,4),(2,
2),(0.,0.0638903239055462,0.131342367801887),(0.,0.0499999999999998),
 .UNSPECIFIED.);
#351=B_SPLINE_SURFACE_WITH_KNOTS('',3,1,((#7541,#7542),(#7543,#7544),(#7545,
#7546),(#7547,#7548),(#7549,#7550)),.UNSPECIFIED.,.F.,.F.,.F.,(4,1,4),(2,
2),(0.,0.061973770483433,0.123755766362202),(0.,0.0499999999999998),
 .UNSPECIFIED.);
#352=B_SPLINE_SURFACE_WITH_KNOTS('',3,1,((#7564,#7565),(#7566,#7567),(#7568,
#7569),(#7570,#7571),(#7572,#7573)),.UNSPECIFIED.,.F.,.F.,.F.,(4,1,4),(2,
2),(0.,0.0764421641446483,0.133090126094356),(0.,0.0499999999999998),
 .UNSPECIFIED.);
#353=B_SPLINE_SURFACE_WITH_KNOTS('',3,1,((#7597,#7598),(#7599,#7600),(#7601,
#7602),(#7603,#7604),(#7605,#7606)),.UNSPECIFIED.,.F.,.F.,.F.,(4,1,4),(2,
2),(0.,0.037936930039473,0.101057434373445),(0.,0.0499999999999998),
 .UNSPECIFIED.);
#354=B_SPLINE_SURFACE_WITH_KNOTS('',3,1,((#7623,#7624),(#7625,#7626),(#7627,
#7628),(#7629,#7630),(#7631,#7632)),.UNSPECIFIED.,.F.,.F.,.F.,(4,1,4),(2,
2),(0.,0.0321939446498053,0.0651456395003579),(0.,0.0499999999999998),
 .UNSPECIFIED.);
#355=B_SPLINE_SURFACE_WITH_KNOTS('',3,1,((#7646,#7647),(#7648,#7649),(#7650,
#7651),(#7652,#7653),(#7654,#7655)),.UNSPECIFIED.,.F.,.F.,.F.,(4,1,4),(2,
2),(0.,0.0350187515710041,0.0675693665267053),(0.,0.0499999999999998),
 .UNSPECIFIED.);
#356=B_SPLINE_SURFACE_WITH_KNOTS('',3,1,((#7669,#7670),(#7671,#7672),(#7673,
#7674),(#7675,#7676),(#7677,#7678)),.UNSPECIFIED.,.F.,.F.,.F.,(4,1,4),(2,
2),(0.,0.0277793665774392,0.0569407338393514),(0.,0.0499999999999998),
 .UNSPECIFIED.);
#357=B_SPLINE_SURFACE_WITH_KNOTS('',3,1,((#7692,#7693),(#7694,#7695),(#7696,
#7697),(#7698,#7699),(#7700,#7701)),.UNSPECIFIED.,.F.,.F.,.F.,(4,1,4),(2,
2),(0.,0.0285727241624949,0.0561735719570882),(0.,0.0499999999999998),
 .UNSPECIFIED.);
#358=B_SPLINE_SURFACE_WITH_KNOTS('',3,1,((#7715,#7716),(#7717,#7718),(#7719,
#7720),(#7721,#7722),(#7723,#7724)),.UNSPECIFIED.,.F.,.F.,.F.,(4,1,4),(2,
2),(0.,0.069201192178308,0.111672332815318),(0.,0.0499999999999998),
 .UNSPECIFIED.);
#359=B_SPLINE_SURFACE_WITH_KNOTS('',3,1,((#7768,#7769),(#7770,#7771),(#7772,
#7773),(#7774,#7775),(#7776,#7777)),.UNSPECIFIED.,.F.,.F.,.F.,(4,1,4),(2,
2),(0.,0.061902043177421,0.145886993930772),(0.,0.0499999999999998),
 .UNSPECIFIED.);
#360=B_SPLINE_SURFACE_WITH_KNOTS('',3,1,((#7791,#7792),(#7793,#7794),(#7795,
#7796),(#7797,#7798),(#7799,#7800)),.UNSPECIFIED.,.F.,.F.,.F.,(4,1,4),(2,
2),(0.,0.0415543343019429,0.0801954288600619),(0.,0.0499999999999998),
 .UNSPECIFIED.);
#361=B_SPLINE_SURFACE_WITH_KNOTS('',3,1,((#7814,#7815),(#7816,#7817),(#7818,
#7819),(#7820,#7821),(#7822,#7823)),.UNSPECIFIED.,.F.,.F.,.F.,(4,1,4),(2,
2),(0.,0.0469776709080068,0.0909863991788258),(0.,0.0499999999999998),
 .UNSPECIFIED.);
#362=B_SPLINE_SURFACE_WITH_KNOTS('',3,1,((#7837,#7838),(#7839,#7840),(#7841,
#7842),(#7843,#7844),(#7845,#7846)),.UNSPECIFIED.,.F.,.F.,.F.,(4,1,4),(2,
2),(0.,0.0591317166615123,0.110814507981787),(0.,0.0499999999999998),
 .UNSPECIFIED.);
#363=B_SPLINE_SURFACE_WITH_KNOTS('',3,1,((#7860,#7861),(#7862,#7863),(#7864,
#7865),(#7866,#7867),(#7868,#7869)),.UNSPECIFIED.,.F.,.F.,.F.,(4,1,4),(2,
2),(0.,0.0671430081025216,0.143058328987998),(0.,0.0499999999999998),
 .UNSPECIFIED.);
#364=B_SPLINE_SURFACE_WITH_KNOTS('',3,1,((#7883,#7884),(#7885,#7886),(#7887,
#7888),(#7889,#7890),(#7891,#7892)),.UNSPECIFIED.,.F.,.F.,.F.,(4,1,4),(2,
2),(0.,0.0601714507460106,0.122602805326121),(0.,0.0499999999999998),
 .UNSPECIFIED.);
#365=B_SPLINE_SURFACE_WITH_KNOTS('',3,1,((#7906,#7907),(#7908,#7909),(#7910,
#7911),(#7912,#7913),(#7914,#7915)),.UNSPECIFIED.,.F.,.F.,.F.,(4,1,4),(2,
2),(0.,0.105647733853293,0.167241195855251),(0.,0.0499999999999998),
 .UNSPECIFIED.);
#366=B_SPLINE_SURFACE_WITH_KNOTS('',3,1,((#8085,#8086),(#8087,#8088),(#8089,
#8090),(#8091,#8092),(#8093,#8094)),.UNSPECIFIED.,.F.,.F.,.F.,(4,1,4),(2,
2),(0.,0.0527321638920232,0.104309549415285),(0.,0.0499999999999998),
 .UNSPECIFIED.);
#367=B_SPLINE_SURFACE_WITH_KNOTS('',3,1,((#8111,#8112),(#8113,#8114),(#8115,
#8116),(#8117,#8118),(#8119,#8120)),.UNSPECIFIED.,.F.,.F.,.F.,(4,1,4),(2,
2),(0.,0.0687265335053693,0.138807229173234),(0.,0.0499999999999998),
 .UNSPECIFIED.);
#368=B_SPLINE_SURFACE_WITH_KNOTS('',3,1,((#8134,#8135),(#8136,#8137),(#8138,
#8139),(#8140,#8141),(#8142,#8143)),.UNSPECIFIED.,.F.,.F.,.F.,(4,1,4),(2,
2),(0.,0.113340055206597,0.196173657422703),(0.,0.0499999999999998),
 .UNSPECIFIED.);
#369=B_SPLINE_SURFACE_WITH_KNOTS('',3,1,((#8157,#8158),(#8159,#8160),(#8161,
#8162),(#8163,#8164),(#8165,#8166)),.UNSPECIFIED.,.F.,.F.,.F.,(4,1,4),(2,
2),(0.,0.0810426427293503,0.188634049721713),(0.,0.0499999999999998),
 .UNSPECIFIED.);
#370=B_SPLINE_SURFACE_WITH_KNOTS('',3,1,((#8180,#8181),(#8182,#8183),(#8184,
#8185),(#8186,#8187),(#8188,#8189)),.UNSPECIFIED.,.F.,.F.,.F.,(4,1,4),(2,
2),(0.,0.0712764003505385,0.140494860287894),(0.,0.0499999999999998),
 .UNSPECIFIED.);
#371=B_SPLINE_SURFACE_WITH_KNOTS('',3,1,((#8203,#8204),(#8205,#8206),(#8207,
#8208),(#8209,#8210),(#8211,#8212)),.UNSPECIFIED.,.F.,.F.,.F.,(4,1,4),(2,
2),(0.,0.0492186168732923,0.101489028318416),(0.,0.0499999999999998),
 .UNSPECIFIED.);
#372=B_SPLINE_SURFACE_WITH_KNOTS('',3,1,((#8226,#8227),(#8228,#8229),(#8230,
#8231),(#8232,#8233),(#8234,#8235)),.UNSPECIFIED.,.F.,.F.,.F.,(4,1,4),(2,
2),(0.,0.0519119284189507,0.101037994849487),(0.,0.0499999999999998),
 .UNSPECIFIED.);
#373=B_SPLINE_SURFACE_WITH_KNOTS('',3,1,((#8255,#8256),(#8257,#8258),(#8259,
#8260),(#8261,#8262),(#8263,#8264)),.UNSPECIFIED.,.F.,.F.,.F.,(4,1,4),(2,
2),(0.,0.0682505746240512,0.147623455811874),(0.,0.0499999999999998),
 .UNSPECIFIED.);
#374=B_SPLINE_SURFACE_WITH_KNOTS('',3,1,((#8278,#8279),(#8280,#8281),(#8282,
#8283),(#8284,#8285),(#8286,#8287)),.UNSPECIFIED.,.F.,.F.,.F.,(4,1,4),(2,
2),(0.,0.116968210799567,0.224516934458338),(0.,0.0499999999999998),
 .UNSPECIFIED.);
#375=B_SPLINE_SURFACE_WITH_KNOTS('',3,1,((#8301,#8302),(#8303,#8304),(#8305,
#8306),(#8307,#8308),(#8309,#8310)),.UNSPECIFIED.,.F.,.F.,.F.,(4,1,4),(2,
2),(0.,0.126124865389441,0.260071037448326),(0.,0.0499999999999998),
 .UNSPECIFIED.);
#376=B_SPLINE_SURFACE_WITH_KNOTS('',3,1,((#8324,#8325),(#8326,#8327),(#8328,
#8329),(#8330,#8331),(#8332,#8333)),.UNSPECIFIED.,.F.,.F.,.F.,(4,1,4),(2,
2),(0.,0.155600956292906,0.288992124083428),(0.,0.0499999999999998),
 .UNSPECIFIED.);
#377=B_SPLINE_SURFACE_WITH_KNOTS('',3,1,((#8347,#8348),(#8349,#8350),(#8351,
#8352),(#8353,#8354),(#8355,#8356)),.UNSPECIFIED.,.F.,.F.,.F.,(4,1,4),(2,
2),(0.,0.130253008545451,0.278458266123251),(0.,0.0499999999999998),
 .UNSPECIFIED.);
#378=B_SPLINE_SURFACE_WITH_KNOTS('',3,1,((#8370,#8371),(#8372,#8373),(#8374,
#8375),(#8376,#8377),(#8378,#8379)),.UNSPECIFIED.,.F.,.F.,.F.,(4,1,4),(2,
2),(0.,0.128176706747833,0.251846529384803),(0.,0.0499999999999998),
 .UNSPECIFIED.);
#379=B_SPLINE_SURFACE_WITH_KNOTS('',3,1,((#8393,#8394),(#8395,#8396),(#8397,
#8398),(#8399,#8400),(#8401,#8402)),.UNSPECIFIED.,.F.,.F.,.F.,(4,1,4),(2,
2),(0.,0.0922681056920302,0.195200841153634),(0.,0.0499999999999998),
 .UNSPECIFIED.);
#380=B_SPLINE_SURFACE_WITH_KNOTS('',3,1,((#8416,#8417),(#8418,#8419),(#8420,
#8421),(#8422,#8423),(#8424,#8425)),.UNSPECIFIED.,.F.,.F.,.F.,(4,1,4),(2,
2),(0.,0.107433255669118,0.201017702509825),(0.,0.0499999999999998),
 .UNSPECIFIED.);
#381=B_SPLINE_SURFACE_WITH_KNOTS('',3,1,((#8445,#8446),(#8447,#8448),(#8449,
#8450),(#8451,#8452),(#8453,#8454)),.UNSPECIFIED.,.F.,.F.,.F.,(4,1,4),(2,
2),(0.,0.0573076850899687,0.127333938510571),(0.,0.0499999999999998),
 .UNSPECIFIED.);
#382=FACE_BOUND('',#716,.T.);
#383=FACE_BOUND('',#731,.T.);
#384=FACE_BOUND('',#755,.T.);
#385=FACE_BOUND('',#778,.T.);
#386=FACE_BOUND('',#791,.T.);
#387=FACE_BOUND('',#854,.T.);
#388=FACE_BOUND('',#855,.T.);
#389=FACE_BOUND('',#856,.T.);
#390=FACE_BOUND('',#857,.T.);
#391=FACE_BOUND('',#858,.T.);
#392=FACE_BOUND('',#859,.T.);
#393=FACE_BOUND('',#860,.T.);
#394=FACE_BOUND('',#861,.T.);
#395=FACE_BOUND('',#862,.T.);
#396=FACE_BOUND('',#863,.T.);
#397=FACE_BOUND('',#864,.T.);
#398=FACE_BOUND('',#865,.T.);
#399=FACE_BOUND('',#866,.T.);
#400=FACE_BOUND('',#867,.T.);
#401=FACE_BOUND('',#868,.T.);
#402=FACE_BOUND('',#869,.T.);
#403=FACE_BOUND('',#870,.T.);
#404=FACE_BOUND('',#871,.T.);
#405=FACE_BOUND('',#872,.T.);
#406=FACE_BOUND('',#873,.T.);
#407=FACE_BOUND('',#874,.T.);
#408=FACE_BOUND('',#875,.T.);
#409=FACE_BOUND('',#876,.T.);
#410=FACE_BOUND('',#877,.T.);
#411=FACE_BOUND('',#878,.T.);
#412=FACE_BOUND('',#879,.T.);
#413=FACE_BOUND('',#880,.T.);
#414=FACE_BOUND('',#881,.T.);
#415=FACE_BOUND('',#883,.T.);
#416=FACE_BOUND('',#884,.T.);
#417=FACE_BOUND('',#885,.T.);
#418=FACE_BOUND('',#886,.T.);
#419=FACE_BOUND('',#887,.T.);
#420=FACE_BOUND('',#888,.T.);
#421=FACE_BOUND('',#889,.T.);
#422=FACE_BOUND('',#890,.T.);
#423=FACE_BOUND('',#891,.T.);
#424=FACE_BOUND('',#892,.T.);
#425=FACE_BOUND('',#893,.T.);
#426=FACE_BOUND('',#894,.T.);
#427=FACE_BOUND('',#895,.T.);
#428=FACE_BOUND('',#896,.T.);
#429=FACE_BOUND('',#897,.T.);
#430=FACE_BOUND('',#898,.T.);
#431=FACE_BOUND('',#899,.T.);
#432=FACE_BOUND('',#900,.T.);
#433=FACE_BOUND('',#901,.T.);
#434=FACE_BOUND('',#902,.T.);
#435=FACE_BOUND('',#903,.T.);
#436=FACE_OUTER_BOUND('',#713,.T.);
#437=FACE_OUTER_BOUND('',#714,.T.);
#438=FACE_OUTER_BOUND('',#715,.T.);
#439=FACE_OUTER_BOUND('',#717,.T.);
#440=FACE_OUTER_BOUND('',#718,.T.);
#441=FACE_OUTER_BOUND('',#719,.T.);
#442=FACE_OUTER_BOUND('',#720,.T.);
#443=FACE_OUTER_BOUND('',#721,.T.);
#444=FACE_OUTER_BOUND('',#722,.T.);
#445=FACE_OUTER_BOUND('',#723,.T.);
#446=FACE_OUTER_BOUND('',#724,.T.);
#447=FACE_OUTER_BOUND('',#725,.T.);
#448=FACE_OUTER_BOUND('',#726,.T.);
#449=FACE_OUTER_BOUND('',#727,.T.);
#450=FACE_OUTER_BOUND('',#728,.T.);
#451=FACE_OUTER_BOUND('',#729,.T.);
#452=FACE_OUTER_BOUND('',#730,.T.);
#453=FACE_OUTER_BOUND('',#732,.T.);
#454=FACE_OUTER_BOUND('',#733,.T.);
#455=FACE_OUTER_BOUND('',#734,.T.);
#456=FACE_OUTER_BOUND('',#735,.T.);
#457=FACE_OUTER_BOUND('',#736,.T.);
#458=FACE_OUTER_BOUND('',#737,.T.);
#459=FACE_OUTER_BOUND('',#738,.T.);
#460=FACE_OUTER_BOUND('',#739,.T.);
#461=FACE_OUTER_BOUND('',#740,.T.);
#462=FACE_OUTER_BOUND('',#741,.T.);
#463=FACE_OUTER_BOUND('',#742,.T.);
#464=FACE_OUTER_BOUND('',#743,.T.);
#465=FACE_OUTER_BOUND('',#744,.T.);
#466=FACE_OUTER_BOUND('',#745,.T.);
#467=FACE_OUTER_BOUND('',#746,.T.);
#468=FACE_OUTER_BOUND('',#747,.T.);
#469=FACE_OUTER_BOUND('',#748,.T.);
#470=FACE_OUTER_BOUND('',#749,.T.);
#471=FACE_OUTER_BOUND('',#750,.T.);
#472=FACE_OUTER_BOUND('',#751,.T.);
#473=FACE_OUTER_BOUND('',#752,.T.);
#474=FACE_OUTER_BOUND('',#753,.T.);
#475=FACE_OUTER_BOUND('',#754,.T.);
#476=FACE_OUTER_BOUND('',#756,.T.);
#477=FACE_OUTER_BOUND('',#757,.T.);
#478=FACE_OUTER_BOUND('',#758,.T.);
#479=FACE_OUTER_BOUND('',#759,.T.);
#480=FACE_OUTER_BOUND('',#760,.T.);
#481=FACE_OUTER_BOUND('',#761,.T.);
#482=FACE_OUTER_BOUND('',#762,.T.);
#483=FACE_OUTER_BOUND('',#763,.T.);
#484=FACE_OUTER_BOUND('',#764,.T.);
#485=FACE_OUTER_BOUND('',#765,.T.);
#486=FACE_OUTER_BOUND('',#766,.T.);
#487=FACE_OUTER_BOUND('',#767,.T.);
#488=FACE_OUTER_BOUND('',#768,.T.);
#489=FACE_OUTER_BOUND('',#769,.T.);
#490=FACE_OUTER_BOUND('',#770,.T.);
#491=FACE_OUTER_BOUND('',#771,.T.);
#492=FACE_OUTER_BOUND('',#772,.T.);
#493=FACE_OUTER_BOUND('',#773,.T.);
#494=FACE_OUTER_BOUND('',#774,.T.);
#495=FACE_OUTER_BOUND('',#775,.T.);
#496=FACE_OUTER_BOUND('',#776,.T.);
#497=FACE_OUTER_BOUND('',#777,.T.);
#498=FACE_OUTER_BOUND('',#779,.T.);
#499=FACE_OUTER_BOUND('',#780,.T.);
#500=FACE_OUTER_BOUND('',#781,.T.);
#501=FACE_OUTER_BOUND('',#782,.T.);
#502=FACE_OUTER_BOUND('',#783,.T.);
#503=FACE_OUTER_BOUND('',#784,.T.);
#504=FACE_OUTER_BOUND('',#785,.T.);
#505=FACE_OUTER_BOUND('',#786,.T.);
#506=FACE_OUTER_BOUND('',#787,.T.);
#507=FACE_OUTER_BOUND('',#788,.T.);
#508=FACE_OUTER_BOUND('',#789,.T.);
#509=FACE_OUTER_BOUND('',#790,.T.);
#510=FACE_OUTER_BOUND('',#792,.T.);
#511=FACE_OUTER_BOUND('',#793,.T.);
#512=FACE_OUTER_BOUND('',#794,.T.);
#513=FACE_OUTER_BOUND('',#795,.T.);
#514=FACE_OUTER_BOUND('',#796,.T.);
#515=FACE_OUTER_BOUND('',#797,.T.);
#516=FACE_OUTER_BOUND('',#798,.T.);
#517=FACE_OUTER_BOUND('',#799,.T.);
#518=FACE_OUTER_BOUND('',#800,.T.);
#519=FACE_OUTER_BOUND('',#801,.T.);
#520=FACE_OUTER_BOUND('',#802,.T.);
#521=FACE_OUTER_BOUND('',#803,.T.);
#522=FACE_OUTER_BOUND('',#804,.T.);
#523=FACE_OUTER_BOUND('',#805,.T.);
#524=FACE_OUTER_BOUND('',#806,.T.);
#525=FACE_OUTER_BOUND('',#807,.T.);
#526=FACE_OUTER_BOUND('',#808,.T.);
#527=FACE_OUTER_BOUND('',#809,.T.);
#528=FACE_OUTER_BOUND('',#810,.T.);
#529=FACE_OUTER_BOUND('',#811,.T.);
#530=FACE_OUTER_BOUND('',#812,.T.);
#531=FACE_OUTER_BOUND('',#813,.T.);
#532=FACE_OUTER_BOUND('',#814,.T.);
#533=FACE_OUTER_BOUND('',#815,.T.);
#534=FACE_OUTER_BOUND('',#816,.T.);
#535=FACE_OUTER_BOUND('',#817,.T.);
#536=FACE_OUTER_BOUND('',#818,.T.);
#537=FACE_OUTER_BOUND('',#819,.T.);
#538=FACE_OUTER_BOUND('',#820,.T.);
#539=FACE_OUTER_BOUND('',#821,.T.);
#540=FACE_OUTER_BOUND('',#822,.T.);
#541=FACE_OUTER_BOUND('',#823,.T.);
#542=FACE_OUTER_BOUND('',#824,.T.);
#543=FACE_OUTER_BOUND('',#825,.T.);
#544=FACE_OUTER_BOUND('',#826,.T.);
#545=FACE_OUTER_BOUND('',#827,.T.);
#546=FACE_OUTER_BOUND('',#828,.T.);
#547=FACE_OUTER_BOUND('',#829,.T.);
#548=FACE_OUTER_BOUND('',#830,.T.);
#549=FACE_OUTER_BOUND('',#831,.T.);
#550=FACE_OUTER_BOUND('',#832,.T.);
#551=FACE_OUTER_BOUND('',#833,.T.);
#552=FACE_OUTER_BOUND('',#834,.T.);
#553=FACE_OUTER_BOUND('',#835,.T.);
#554=FACE_OUTER_BOUND('',#836,.T.);
#555=FACE_OUTER_BOUND('',#837,.T.);
#556=FACE_OUTER_BOUND('',#838,.T.);
#557=FACE_OUTER_BOUND('',#839,.T.);
#558=FACE_OUTER_BOUND('',#840,.T.);
#559=FACE_OUTER_BOUND('',#841,.T.);
#560=FACE_OUTER_BOUND('',#842,.T.);
#561=FACE_OUTER_BOUND('',#843,.T.);
#562=FACE_OUTER_BOUND('',#844,.T.);
#563=FACE_OUTER_BOUND('',#845,.T.);
#564=FACE_OUTER_BOUND('',#846,.T.);
#565=FACE_OUTER_BOUND('',#847,.T.);
#566=FACE_OUTER_BOUND('',#848,.T.);
#567=FACE_OUTER_BOUND('',#849,.T.);
#568=FACE_OUTER_BOUND('',#850,.T.);
#569=FACE_OUTER_BOUND('',#851,.T.);
#570=FACE_OUTER_BOUND('',#852,.T.);
#571=FACE_OUTER_BOUND('',#853,.T.);
#572=FACE_OUTER_BOUND('',#882,.T.);
#573=FACE_OUTER_BOUND('',#904,.T.);
#574=FACE_OUTER_BOUND('',#905,.T.);
#575=FACE_OUTER_BOUND('',#906,.T.);
#576=FACE_OUTER_BOUND('',#907,.T.);
#577=FACE_OUTER_BOUND('',#908,.T.);
#578=FACE_OUTER_BOUND('',#909,.T.);
#579=FACE_OUTER_BOUND('',#910,.T.);
#580=FACE_OUTER_BOUND('',#911,.T.);
#581=FACE_OUTER_BOUND('',#912,.T.);
#582=FACE_OUTER_BOUND('',#913,.T.);
#583=FACE_OUTER_BOUND('',#914,.T.);
#584=FACE_OUTER_BOUND('',#915,.T.);
#585=FACE_OUTER_BOUND('',#916,.T.);
#586=FACE_OUTER_BOUND('',#917,.T.);
#587=FACE_OUTER_BOUND('',#918,.T.);
#588=FACE_OUTER_BOUND('',#919,.T.);
#589=FACE_OUTER_BOUND('',#920,.T.);
#590=FACE_OUTER_BOUND('',#921,.T.);
#591=FACE_OUTER_BOUND('',#922,.T.);
#592=FACE_OUTER_BOUND('',#923,.T.);
#593=FACE_OUTER_BOUND('',#924,.T.);
#594=FACE_OUTER_BOUND('',#925,.T.);
#595=FACE_OUTER_BOUND('',#926,.T.);
#596=FACE_OUTER_BOUND('',#927,.T.);
#597=FACE_OUTER_BOUND('',#928,.T.);
#598=FACE_OUTER_BOUND('',#929,.T.);
#599=FACE_OUTER_BOUND('',#930,.T.);
#600=FACE_OUTER_BOUND('',#931,.T.);
#601=FACE_OUTER_BOUND('',#932,.T.);
#602=FACE_OUTER_BOUND('',#933,.T.);
#603=FACE_OUTER_BOUND('',#934,.T.);
#604=FACE_OUTER_BOUND('',#935,.T.);
#605=FACE_OUTER_BOUND('',#936,.T.);
#606=FACE_OUTER_BOUND('',#937,.T.);
#607=FACE_OUTER_BOUND('',#938,.T.);
#608=FACE_OUTER_BOUND('',#939,.T.);
#609=FACE_OUTER_BOUND('',#940,.T.);
#610=FACE_OUTER_BOUND('',#941,.T.);
#611=FACE_OUTER_BOUND('',#942,.T.);
#612=FACE_OUTER_BOUND('',#943,.T.);
#613=FACE_OUTER_BOUND('',#944,.T.);
#614=FACE_OUTER_BOUND('',#945,.T.);
#615=FACE_OUTER_BOUND('',#946,.T.);
#616=FACE_OUTER_BOUND('',#947,.T.);
#617=FACE_OUTER_BOUND('',#948,.T.);
#618=FACE_OUTER_BOUND('',#949,.T.);
#619=FACE_OUTER_BOUND('',#950,.T.);
#620=FACE_OUTER_BOUND('',#951,.T.);
#621=FACE_OUTER_BOUND('',#952,.T.);
#622=FACE_OUTER_BOUND('',#953,.T.);
#623=FACE_OUTER_BOUND('',#954,.T.);
#624=FACE_OUTER_BOUND('',#955,.T.);
#625=FACE_OUTER_BOUND('',#956,.T.);
#626=FACE_OUTER_BOUND('',#957,.T.);
#627=FACE_OUTER_BOUND('',#958,.T.);
#628=FACE_OUTER_BOUND('',#959,.T.);
#629=FACE_OUTER_BOUND('',#960,.T.);
#630=FACE_OUTER_BOUND('',#961,.T.);
#631=FACE_OUTER_BOUND('',#962,.T.);
#632=FACE_OUTER_BOUND('',#963,.T.);
#633=FACE_OUTER_BOUND('',#964,.T.);
#634=FACE_OUTER_BOUND('',#965,.T.);
#635=FACE_OUTER_BOUND('',#966,.T.);
#636=FACE_OUTER_BOUND('',#967,.T.);
#637=FACE_OUTER_BOUND('',#968,.T.);
#638=FACE_OUTER_BOUND('',#969,.T.);
#639=FACE_OUTER_BOUND('',#970,.T.);
#640=FACE_OUTER_BOUND('',#971,.T.);
#641=FACE_OUTER_BOUND('',#972,.T.);
#642=FACE_OUTER_BOUND('',#973,.T.);
#643=FACE_OUTER_BOUND('',#974,.T.);
#644=FACE_OUTER_BOUND('',#975,.T.);
#645=FACE_OUTER_BOUND('',#976,.T.);
#646=FACE_OUTER_BOUND('',#977,.T.);
#647=FACE_OUTER_BOUND('',#978,.T.);
#648=FACE_OUTER_BOUND('',#979,.T.);
#649=FACE_OUTER_BOUND('',#980,.T.);
#650=FACE_OUTER_BOUND('',#981,.T.);
#651=FACE_OUTER_BOUND('',#982,.T.);
#652=FACE_OUTER_BOUND('',#983,.T.);
#653=FACE_OUTER_BOUND('',#984,.T.);
#654=FACE_OUTER_BOUND('',#985,.T.);
#655=FACE_OUTER_BOUND('',#986,.T.);
#656=FACE_OUTER_BOUND('',#987,.T.);
#657=FACE_OUTER_BOUND('',#988,.T.);
#658=FACE_OUTER_BOUND('',#989,.T.);
#659=FACE_OUTER_BOUND('',#990,.T.);
#660=FACE_OUTER_BOUND('',#991,.T.);
#661=FACE_OUTER_BOUND('',#992,.T.);
#662=FACE_OUTER_BOUND('',#993,.T.);
#663=FACE_OUTER_BOUND('',#994,.T.);
#664=FACE_OUTER_BOUND('',#995,.T.);
#665=FACE_OUTER_BOUND('',#996,.T.);
#666=FACE_OUTER_BOUND('',#997,.T.);
#667=FACE_OUTER_BOUND('',#998,.T.);
#668=FACE_OUTER_BOUND('',#999,.T.);
#669=FACE_OUTER_BOUND('',#1000,.T.);
#670=FACE_OUTER_BOUND('',#1001,.T.);
#671=FACE_OUTER_BOUND('',#1002,.T.);
#672=FACE_OUTER_BOUND('',#1003,.T.);
#673=FACE_OUTER_BOUND('',#1004,.T.);
#674=FACE_OUTER_BOUND('',#1005,.T.);
#675=FACE_OUTER_BOUND('',#1006,.T.);
#676=FACE_OUTER_BOUND('',#1007,.T.);
#677=FACE_OUTER_BOUND('',#1008,.T.);
#678=FACE_OUTER_BOUND('',#1009,.T.);
#679=FACE_OUTER_BOUND('',#1010,.T.);
#680=FACE_OUTER_BOUND('',#1011,.T.);
#681=FACE_OUTER_BOUND('',#1012,.T.);
#682=FACE_OUTER_BOUND('',#1013,.T.);
#683=FACE_OUTER_BOUND('',#1014,.T.);
#684=FACE_OUTER_BOUND('',#1015,.T.);
#685=FACE_OUTER_BOUND('',#1016,.T.);
#686=FACE_OUTER_BOUND('',#1017,.T.);
#687=FACE_OUTER_BOUND('',#1018,.T.);
#688=FACE_OUTER_BOUND('',#1019,.T.);
#689=FACE_OUTER_BOUND('',#1020,.T.);
#690=FACE_OUTER_BOUND('',#1021,.T.);
#691=FACE_OUTER_BOUND('',#1022,.T.);
#692=FACE_OUTER_BOUND('',#1023,.T.);
#693=FACE_OUTER_BOUND('',#1024,.T.);
#694=FACE_OUTER_BOUND('',#1025,.T.);
#695=FACE_OUTER_BOUND('',#1026,.T.);
#696=FACE_OUTER_BOUND('',#1027,.T.);
#697=FACE_OUTER_BOUND('',#1028,.T.);
#698=FACE_OUTER_BOUND('',#1029,.T.);
#699=FACE_OUTER_BOUND('',#1030,.T.);
#700=FACE_OUTER_BOUND('',#1031,.T.);
#701=FACE_OUTER_BOUND('',#1032,.T.);
#702=FACE_OUTER_BOUND('',#1033,.T.);
#703=FACE_OUTER_BOUND('',#1034,.T.);
#704=FACE_OUTER_BOUND('',#1035,.T.);
#705=FACE_OUTER_BOUND('',#1036,.T.);
#706=FACE_OUTER_BOUND('',#1037,.T.);
#707=FACE_OUTER_BOUND('',#1038,.T.);
#708=FACE_OUTER_BOUND('',#1039,.T.);
#709=FACE_OUTER_BOUND('',#1040,.T.);
#710=FACE_OUTER_BOUND('',#1041,.T.);
#711=FACE_OUTER_BOUND('',#1042,.T.);
#712=FACE_OUTER_BOUND('',#1043,.T.);
#713=EDGE_LOOP('',(#3405,#3406,#3407,#3408));
#714=EDGE_LOOP('',(#3409,#3410,#3411,#3412));
#715=EDGE_LOOP('',(#3413,#3414,#3415,#3416));
#716=EDGE_LOOP('',(#3417,#3418,#3419,#3420));
#717=EDGE_LOOP('',(#3421,#3422,#3423,#3424));
#718=EDGE_LOOP('',(#3425,#3426,#3427,#3428));
#719=EDGE_LOOP('',(#3429,#3430,#3431,#3432));
#720=EDGE_LOOP('',(#3433,#3434,#3435,#3436));
#721=EDGE_LOOP('',(#3437,#3438,#3439,#3440));
#722=EDGE_LOOP('',(#3441,#3442,#3443,#3444));
#723=EDGE_LOOP('',(#3445,#3446,#3447,#3448));
#724=EDGE_LOOP('',(#3449,#3450,#3451,#3452));
#725=EDGE_LOOP('',(#3453,#3454,#3455,#3456));
#726=EDGE_LOOP('',(#3457,#3458,#3459,#3460));
#727=EDGE_LOOP('',(#3461,#3462,#3463,#3464));
#728=EDGE_LOOP('',(#3465,#3466,#3467,#3468));
#729=EDGE_LOOP('',(#3469,#3470,#3471,#3472));
#730=EDGE_LOOP('',(#3473,#3474,#3475,#3476,#3477,#3478,#3479,#3480));
#731=EDGE_LOOP('',(#3481,#3482,#3483));
#732=EDGE_LOOP('',(#3484,#3485,#3486,#3487));
#733=EDGE_LOOP('',(#3488,#3489,#3490,#3491));
#734=EDGE_LOOP('',(#3492,#3493,#3494,#3495));
#735=EDGE_LOOP('',(#3496,#3497,#3498,#3499));
#736=EDGE_LOOP('',(#3500,#3501,#3502,#3503));
#737=EDGE_LOOP('',(#3504,#3505,#3506,#3507));
#738=EDGE_LOOP('',(#3508,#3509,#3510,#3511));
#739=EDGE_LOOP('',(#3512,#3513,#3514,#3515));
#740=EDGE_LOOP('',(#3516,#3517,#3518,#3519));
#741=EDGE_LOOP('',(#3520,#3521,#3522,#3523));
#742=EDGE_LOOP('',(#3524,#3525,#3526,#3527));
#743=EDGE_LOOP('',(#3528,#3529,#3530,#3531));
#744=EDGE_LOOP('',(#3532,#3533,#3534,#3535));
#745=EDGE_LOOP('',(#3536,#3537,#3538,#3539));
#746=EDGE_LOOP('',(#3540,#3541,#3542,#3543));
#747=EDGE_LOOP('',(#3544,#3545,#3546,#3547));
#748=EDGE_LOOP('',(#3548,#3549,#3550,#3551));
#749=EDGE_LOOP('',(#3552,#3553,#3554,#3555));
#750=EDGE_LOOP('',(#3556,#3557,#3558,#3559));
#751=EDGE_LOOP('',(#3560,#3561,#3562,#3563));
#752=EDGE_LOOP('',(#3564,#3565,#3566,#3567));
#753=EDGE_LOOP('',(#3568,#3569,#3570,#3571));
#754=EDGE_LOOP('',(#3572,#3573,#3574,#3575,#3576,#3577,#3578,#3579,#3580,
#3581,#3582));
#755=EDGE_LOOP('',(#3583,#3584,#3585,#3586,#3587,#3588,#3589,#3590,#3591,
#3592,#3593));
#756=EDGE_LOOP('',(#3594,#3595,#3596,#3597));
#757=EDGE_LOOP('',(#3598,#3599,#3600,#3601));
#758=EDGE_LOOP('',(#3602,#3603,#3604,#3605));
#759=EDGE_LOOP('',(#3606,#3607,#3608,#3609));
#760=EDGE_LOOP('',(#3610,#3611,#3612,#3613));
#761=EDGE_LOOP('',(#3614,#3615,#3616,#3617));
#762=EDGE_LOOP('',(#3618,#3619,#3620,#3621));
#763=EDGE_LOOP('',(#3622,#3623,#3624,#3625));
#764=EDGE_LOOP('',(#3626,#3627,#3628,#3629));
#765=EDGE_LOOP('',(#3630,#3631,#3632,#3633));
#766=EDGE_LOOP('',(#3634,#3635,#3636,#3637));
#767=EDGE_LOOP('',(#3638,#3639,#3640,#3641));
#768=EDGE_LOOP('',(#3642,#3643,#3644,#3645));
#769=EDGE_LOOP('',(#3646,#3647,#3648,#3649));
#770=EDGE_LOOP('',(#3650,#3651,#3652,#3653));
#771=EDGE_LOOP('',(#3654,#3655,#3656,#3657));
#772=EDGE_LOOP('',(#3658,#3659,#3660,#3661));
#773=EDGE_LOOP('',(#3662,#3663,#3664,#3665));
#774=EDGE_LOOP('',(#3666,#3667,#3668,#3669));
#775=EDGE_LOOP('',(#3670,#3671,#3672,#3673));
#776=EDGE_LOOP('',(#3674,#3675,#3676,#3677));
#777=EDGE_LOOP('',(#3678,#3679,#3680,#3681,#3682,#3683,#3684,#3685,#3686,
#3687,#3688,#3689));
#778=EDGE_LOOP('',(#3690,#3691,#3692,#3693,#3694,#3695,#3696,#3697,#3698));
#779=EDGE_LOOP('',(#3699,#3700,#3701,#3702));
#780=EDGE_LOOP('',(#3703,#3704,#3705,#3706));
#781=EDGE_LOOP('',(#3707,#3708,#3709,#3710));
#782=EDGE_LOOP('',(#3711,#3712,#3713,#3714));
#783=EDGE_LOOP('',(#3715,#3716,#3717,#3718));
#784=EDGE_LOOP('',(#3719,#3720,#3721,#3722));
#785=EDGE_LOOP('',(#3723,#3724,#3725,#3726));
#786=EDGE_LOOP('',(#3727,#3728,#3729,#3730));
#787=EDGE_LOOP('',(#3731,#3732,#3733,#3734));
#788=EDGE_LOOP('',(#3735,#3736,#3737,#3738));
#789=EDGE_LOOP('',(#3739,#3740,#3741,#3742));
#790=EDGE_LOOP('',(#3743,#3744,#3745,#3746,#3747,#3748,#3749,#3750));
#791=EDGE_LOOP('',(#3751,#3752,#3753));
#792=EDGE_LOOP('',(#3754,#3755,#3756,#3757));
#793=EDGE_LOOP('',(#3758,#3759,#3760,#3761));
#794=EDGE_LOOP('',(#3762,#3763,#3764,#3765));
#795=EDGE_LOOP('',(#3766,#3767,#3768,#3769));
#796=EDGE_LOOP('',(#3770,#3771,#3772,#3773));
#797=EDGE_LOOP('',(#3774,#3775,#3776,#3777));
#798=EDGE_LOOP('',(#3778,#3779,#3780,#3781));
#799=EDGE_LOOP('',(#3782,#3783,#3784,#3785));
#800=EDGE_LOOP('',(#3786,#3787,#3788,#3789));
#801=EDGE_LOOP('',(#3790,#3791,#3792,#3793));
#802=EDGE_LOOP('',(#3794,#3795,#3796,#3797));
#803=EDGE_LOOP('',(#3798,#3799,#3800,#3801));
#804=EDGE_LOOP('',(#3802,#3803,#3804,#3805,#3806,#3807,#3808,#3809,#3810,
#3811,#3812,#3813));
#805=EDGE_LOOP('',(#3814,#3815,#3816,#3817));
#806=EDGE_LOOP('',(#3818,#3819,#3820,#3821));
#807=EDGE_LOOP('',(#3822,#3823,#3824,#3825));
#808=EDGE_LOOP('',(#3826,#3827,#3828,#3829));
#809=EDGE_LOOP('',(#3830,#3831,#3832,#3833));
#810=EDGE_LOOP('',(#3834,#3835,#3836,#3837));
#811=EDGE_LOOP('',(#3838,#3839,#3840,#3841));
#812=EDGE_LOOP('',(#3842,#3843,#3844,#3845));
#813=EDGE_LOOP('',(#3846,#3847,#3848,#3849));
#814=EDGE_LOOP('',(#3850,#3851,#3852,#3853));
#815=EDGE_LOOP('',(#3854,#3855,#3856,#3857));
#816=EDGE_LOOP('',(#3858,#3859,#3860,#3861));
#817=EDGE_LOOP('',(#3862,#3863,#3864,#3865));
#818=EDGE_LOOP('',(#3866,#3867,#3868,#3869));
#819=EDGE_LOOP('',(#3870,#3871,#3872,#3873));
#820=EDGE_LOOP('',(#3874,#3875,#3876,#3877));
#821=EDGE_LOOP('',(#3878,#3879,#3880,#3881));
#822=EDGE_LOOP('',(#3882,#3883,#3884,#3885));
#823=EDGE_LOOP('',(#3886,#3887,#3888,#3889,#3890,#3891,#3892,#3893,#3894,
#3895,#3896,#3897,#3898,#3899,#3900,#3901,#3902,#3903));
#824=EDGE_LOOP('',(#3904,#3905,#3906,#3907));
#825=EDGE_LOOP('',(#3908,#3909,#3910,#3911));
#826=EDGE_LOOP('',(#3912,#3913,#3914,#3915));
#827=EDGE_LOOP('',(#3916,#3917,#3918,#3919));
#828=EDGE_LOOP('',(#3920,#3921,#3922,#3923));
#829=EDGE_LOOP('',(#3924,#3925,#3926,#3927));
#830=EDGE_LOOP('',(#3928,#3929,#3930,#3931));
#831=EDGE_LOOP('',(#3932,#3933,#3934,#3935));
#832=EDGE_LOOP('',(#3936,#3937,#3938,#3939));
#833=EDGE_LOOP('',(#3940,#3941,#3942,#3943));
#834=EDGE_LOOP('',(#3944,#3945,#3946,#3947));
#835=EDGE_LOOP('',(#3948,#3949,#3950,#3951));
#836=EDGE_LOOP('',(#3952,#3953,#3954,#3955,#3956,#3957,#3958,#3959,#3960,
#3961,#3962,#3963));
#837=EDGE_LOOP('',(#3964,#3965,#3966));
#838=EDGE_LOOP('',(#3967,#3968,#3969,#3970,#3971,#3972,#3973,#3974,#3975));
#839=EDGE_LOOP('',(#3976,#3977,#3978,#3979,#3980,#3981,#3982,#3983,#3984,
#3985,#3986));
#840=EDGE_LOOP('',(#3987,#3988,#3989));
#841=EDGE_LOOP('',(#3990,#3991,#3992,#3993));
#842=EDGE_LOOP('',(#3994,#3995,#3996,#3997));
#843=EDGE_LOOP('',(#3998,#3999,#4000,#4001));
#844=EDGE_LOOP('',(#4002,#4003,#4004,#4005));
#845=EDGE_LOOP('',(#4006,#4007,#4008));
#846=EDGE_LOOP('',(#4009,#4010,#4011));
#847=EDGE_LOOP('',(#4012,#4013,#4014));
#848=EDGE_LOOP('',(#4015,#4016,#4017));
#849=EDGE_LOOP('',(#4018,#4019,#4020,#4021));
#850=EDGE_LOOP('',(#4022,#4023,#4024,#4025));
#851=EDGE_LOOP('',(#4026,#4027,#4028,#4029));
#852=EDGE_LOOP('',(#4030,#4031,#4032,#4033));
#853=EDGE_LOOP('',(#4034,#4035,#4036,#4037));
#854=EDGE_LOOP('',(#4038));
#855=EDGE_LOOP('',(#4039));
#856=EDGE_LOOP('',(#4040,#4041,#4042,#4043,#4044,#4045,#4046,#4047));
#857=EDGE_LOOP('',(#4048,#4049,#4050,#4051,#4052,#4053,#4054,#4055));
#858=EDGE_LOOP('',(#4056,#4057,#4058,#4059,#4060,#4061,#4062,#4063));
#859=EDGE_LOOP('',(#4064,#4065,#4066,#4067,#4068,#4069,#4070,#4071));
#860=EDGE_LOOP('',(#4072,#4073,#4074,#4075,#4076,#4077,#4078,#4079));
#861=EDGE_LOOP('',(#4080,#4081,#4082,#4083,#4084,#4085,#4086,#4087));
#862=EDGE_LOOP('',(#4088,#4089,#4090,#4091,#4092,#4093,#4094,#4095));
#863=EDGE_LOOP('',(#4096,#4097,#4098,#4099,#4100,#4101,#4102,#4103));
#864=EDGE_LOOP('',(#4104,#4105,#4106,#4107,#4108,#4109,#4110,#4111));
#865=EDGE_LOOP('',(#4112,#4113,#4114,#4115,#4116,#4117,#4118,#4119));
#866=EDGE_LOOP('',(#4120,#4121,#4122,#4123,#4124,#4125,#4126,#4127));
#867=EDGE_LOOP('',(#4128,#4129,#4130,#4131,#4132,#4133,#4134,#4135));
#868=EDGE_LOOP('',(#4136,#4137,#4138,#4139,#4140,#4141,#4142,#4143));
#869=EDGE_LOOP('',(#4144,#4145,#4146,#4147,#4148,#4149,#4150,#4151));
#870=EDGE_LOOP('',(#4152,#4153,#4154,#4155,#4156,#4157,#4158,#4159));
#871=EDGE_LOOP('',(#4160,#4161,#4162,#4163,#4164,#4165,#4166,#4167));
#872=EDGE_LOOP('',(#4168));
#873=EDGE_LOOP('',(#4169));
#874=EDGE_LOOP('',(#4170,#4171,#4172,#4173));
#875=EDGE_LOOP('',(#4174,#4175,#4176,#4177,#4178,#4179,#4180,#4181,#4182,
#4183,#4184,#4185));
#876=EDGE_LOOP('',(#4186,#4187,#4188,#4189,#4190,#4191,#4192,#4193,#4194,
#4195,#4196,#4197,#4198,#4199,#4200,#4201,#4202,#4203));
#877=EDGE_LOOP('',(#4204,#4205,#4206,#4207,#4208,#4209,#4210,#4211,#4212,
#4213,#4214,#4215));
#878=EDGE_LOOP('',(#4216,#4217,#4218,#4219,#4220,#4221,#4222,#4223));
#879=EDGE_LOOP('',(#4224,#4225,#4226,#4227,#4228,#4229,#4230,#4231,#4232,
#4233,#4234,#4235));
#880=EDGE_LOOP('',(#4236,#4237,#4238,#4239,#4240,#4241,#4242,#4243,#4244,
#4245,#4246));
#881=EDGE_LOOP('',(#4247,#4248,#4249,#4250,#4251,#4252,#4253,#4254));
#882=EDGE_LOOP('',(#4255,#4256,#4257,#4258,#4259,#4260,#4261,#4262));
#883=EDGE_LOOP('',(#4263,#4264,#4265,#4266));
#884=EDGE_LOOP('',(#4267,#4268,#4269,#4270,#4271,#4272,#4273,#4274));
#885=EDGE_LOOP('',(#4275,#4276,#4277,#4278,#4279,#4280,#4281,#4282));
#886=EDGE_LOOP('',(#4283,#4284,#4285,#4286,#4287,#4288,#4289,#4290));
#887=EDGE_LOOP('',(#4291,#4292,#4293,#4294,#4295,#4296,#4297,#4298));
#888=EDGE_LOOP('',(#4299,#4300,#4301,#4302,#4303,#4304,#4305,#4306));
#889=EDGE_LOOP('',(#4307,#4308,#4309,#4310,#4311,#4312,#4313,#4314));
#890=EDGE_LOOP('',(#4315,#4316,#4317,#4318,#4319,#4320,#4321,#4322));
#891=EDGE_LOOP('',(#4323,#4324,#4325,#4326,#4327,#4328,#4329,#4330));
#892=EDGE_LOOP('',(#4331,#4332,#4333,#4334,#4335,#4336,#4337,#4338));
#893=EDGE_LOOP('',(#4339,#4340,#4341,#4342,#4343,#4344,#4345,#4346));
#894=EDGE_LOOP('',(#4347,#4348,#4349,#4350,#4351,#4352,#4353,#4354));
#895=EDGE_LOOP('',(#4355,#4356,#4357,#4358,#4359,#4360,#4361,#4362));
#896=EDGE_LOOP('',(#4363,#4364,#4365,#4366,#4367,#4368,#4369,#4370));
#897=EDGE_LOOP('',(#4371,#4372,#4373,#4374,#4375,#4376,#4377,#4378));
#898=EDGE_LOOP('',(#4379,#4380,#4381,#4382,#4383,#4384,#4385,#4386));
#899=EDGE_LOOP('',(#4387,#4388,#4389,#4390,#4391,#4392,#4393,#4394));
#900=EDGE_LOOP('',(#4395));
#901=EDGE_LOOP('',(#4396));
#902=EDGE_LOOP('',(#4397));
#903=EDGE_LOOP('',(#4398));
#904=EDGE_LOOP('',(#4399,#4400,#4401,#4402));
#905=EDGE_LOOP('',(#4403,#4404,#4405,#4406));
#906=EDGE_LOOP('',(#4407,#4408,#4409,#4410));
#907=EDGE_LOOP('',(#4411,#4412,#4413,#4414));
#908=EDGE_LOOP('',(#4415,#4416,#4417,#4418));
#909=EDGE_LOOP('',(#4419,#4420,#4421,#4422));
#910=EDGE_LOOP('',(#4423,#4424,#4425,#4426));
#911=EDGE_LOOP('',(#4427,#4428,#4429,#4430));
#912=EDGE_LOOP('',(#4431,#4432,#4433,#4434));
#913=EDGE_LOOP('',(#4435,#4436,#4437,#4438));
#914=EDGE_LOOP('',(#4439,#4440,#4441,#4442));
#915=EDGE_LOOP('',(#4443,#4444,#4445,#4446));
#916=EDGE_LOOP('',(#4447,#4448,#4449,#4450));
#917=EDGE_LOOP('',(#4451,#4452,#4453,#4454));
#918=EDGE_LOOP('',(#4455,#4456,#4457,#4458));
#919=EDGE_LOOP('',(#4459,#4460,#4461,#4462));
#920=EDGE_LOOP('',(#4463,#4464,#4465,#4466));
#921=EDGE_LOOP('',(#4467,#4468,#4469,#4470));
#922=EDGE_LOOP('',(#4471,#4472,#4473,#4474));
#923=EDGE_LOOP('',(#4475,#4476,#4477,#4478));
#924=EDGE_LOOP('',(#4479,#4480,#4481,#4482));
#925=EDGE_LOOP('',(#4483,#4484,#4485,#4486));
#926=EDGE_LOOP('',(#4487,#4488,#4489,#4490));
#927=EDGE_LOOP('',(#4491,#4492,#4493,#4494));
#928=EDGE_LOOP('',(#4495,#4496,#4497,#4498));
#929=EDGE_LOOP('',(#4499,#4500,#4501,#4502));
#930=EDGE_LOOP('',(#4503,#4504,#4505,#4506));
#931=EDGE_LOOP('',(#4507,#4508,#4509,#4510));
#932=EDGE_LOOP('',(#4511,#4512,#4513,#4514));
#933=EDGE_LOOP('',(#4515,#4516,#4517,#4518));
#934=EDGE_LOOP('',(#4519,#4520,#4521,#4522));
#935=EDGE_LOOP('',(#4523,#4524,#4525,#4526));
#936=EDGE_LOOP('',(#4527,#4528,#4529,#4530));
#937=EDGE_LOOP('',(#4531,#4532,#4533,#4534));
#938=EDGE_LOOP('',(#4535,#4536,#4537,#4538));
#939=EDGE_LOOP('',(#4539,#4540,#4541,#4542));
#940=EDGE_LOOP('',(#4543,#4544,#4545,#4546));
#941=EDGE_LOOP('',(#4547,#4548,#4549,#4550));
#942=EDGE_LOOP('',(#4551,#4552,#4553,#4554));
#943=EDGE_LOOP('',(#4555,#4556,#4557,#4558));
#944=EDGE_LOOP('',(#4559,#4560,#4561,#4562));
#945=EDGE_LOOP('',(#4563,#4564,#4565,#4566));
#946=EDGE_LOOP('',(#4567,#4568,#4569,#4570));
#947=EDGE_LOOP('',(#4571,#4572,#4573,#4574));
#948=EDGE_LOOP('',(#4575,#4576,#4577,#4578));
#949=EDGE_LOOP('',(#4579,#4580,#4581,#4582));
#950=EDGE_LOOP('',(#4583,#4584,#4585,#4586));
#951=EDGE_LOOP('',(#4587,#4588,#4589,#4590));
#952=EDGE_LOOP('',(#4591,#4592,#4593,#4594));
#953=EDGE_LOOP('',(#4595,#4596,#4597,#4598));
#954=EDGE_LOOP('',(#4599,#4600,#4601,#4602));
#955=EDGE_LOOP('',(#4603,#4604,#4605,#4606));
#956=EDGE_LOOP('',(#4607,#4608,#4609,#4610));
#957=EDGE_LOOP('',(#4611,#4612,#4613,#4614));
#958=EDGE_LOOP('',(#4615,#4616,#4617,#4618));
#959=EDGE_LOOP('',(#4619,#4620,#4621,#4622));
#960=EDGE_LOOP('',(#4623,#4624,#4625,#4626));
#961=EDGE_LOOP('',(#4627,#4628,#4629,#4630));
#962=EDGE_LOOP('',(#4631,#4632,#4633,#4634));
#963=EDGE_LOOP('',(#4635,#4636,#4637,#4638));
#964=EDGE_LOOP('',(#4639,#4640,#4641,#4642));
#965=EDGE_LOOP('',(#4643,#4644,#4645,#4646));
#966=EDGE_LOOP('',(#4647,#4648,#4649,#4650));
#967=EDGE_LOOP('',(#4651,#4652,#4653,#4654));
#968=EDGE_LOOP('',(#4655,#4656,#4657,#4658));
#969=EDGE_LOOP('',(#4659,#4660,#4661,#4662));
#970=EDGE_LOOP('',(#4663,#4664,#4665,#4666));
#971=EDGE_LOOP('',(#4667,#4668,#4669,#4670));
#972=EDGE_LOOP('',(#4671,#4672,#4673,#4674));
#973=EDGE_LOOP('',(#4675,#4676,#4677,#4678));
#974=EDGE_LOOP('',(#4679,#4680,#4681,#4682));
#975=EDGE_LOOP('',(#4683,#4684,#4685,#4686));
#976=EDGE_LOOP('',(#4687,#4688,#4689,#4690));
#977=EDGE_LOOP('',(#4691,#4692,#4693,#4694));
#978=EDGE_LOOP('',(#4695,#4696,#4697,#4698));
#979=EDGE_LOOP('',(#4699,#4700,#4701,#4702));
#980=EDGE_LOOP('',(#4703,#4704,#4705,#4706));
#981=EDGE_LOOP('',(#4707,#4708,#4709,#4710));
#982=EDGE_LOOP('',(#4711,#4712,#4713,#4714));
#983=EDGE_LOOP('',(#4715,#4716,#4717,#4718));
#984=EDGE_LOOP('',(#4719,#4720,#4721,#4722));
#985=EDGE_LOOP('',(#4723,#4724,#4725,#4726));
#986=EDGE_LOOP('',(#4727,#4728,#4729,#4730));
#987=EDGE_LOOP('',(#4731,#4732,#4733,#4734));
#988=EDGE_LOOP('',(#4735,#4736,#4737,#4738));
#989=EDGE_LOOP('',(#4739,#4740,#4741,#4742));
#990=EDGE_LOOP('',(#4743,#4744,#4745,#4746));
#991=EDGE_LOOP('',(#4747,#4748,#4749,#4750));
#992=EDGE_LOOP('',(#4751,#4752,#4753,#4754));
#993=EDGE_LOOP('',(#4755,#4756,#4757,#4758));
#994=EDGE_LOOP('',(#4759,#4760,#4761,#4762));
#995=EDGE_LOOP('',(#4763,#4764,#4765,#4766));
#996=EDGE_LOOP('',(#4767,#4768,#4769,#4770));
#997=EDGE_LOOP('',(#4771,#4772,#4773,#4774));
#998=EDGE_LOOP('',(#4775,#4776,#4777,#4778));
#999=EDGE_LOOP('',(#4779,#4780,#4781,#4782));
#1000=EDGE_LOOP('',(#4783,#4784,#4785,#4786));
#1001=EDGE_LOOP('',(#4787,#4788,#4789,#4790));
#1002=EDGE_LOOP('',(#4791,#4792,#4793,#4794));
#1003=EDGE_LOOP('',(#4795,#4796,#4797,#4798));
#1004=EDGE_LOOP('',(#4799,#4800,#4801,#4802));
#1005=EDGE_LOOP('',(#4803,#4804,#4805,#4806));
#1006=EDGE_LOOP('',(#4807,#4808,#4809,#4810));
#1007=EDGE_LOOP('',(#4811,#4812,#4813,#4814));
#1008=EDGE_LOOP('',(#4815,#4816,#4817,#4818));
#1009=EDGE_LOOP('',(#4819,#4820,#4821,#4822));
#1010=EDGE_LOOP('',(#4823,#4824,#4825,#4826));
#1011=EDGE_LOOP('',(#4827,#4828,#4829,#4830));
#1012=EDGE_LOOP('',(#4831,#4832,#4833,#4834));
#1013=EDGE_LOOP('',(#4835,#4836,#4837,#4838));
#1014=EDGE_LOOP('',(#4839,#4840,#4841,#4842));
#1015=EDGE_LOOP('',(#4843,#4844,#4845,#4846));
#1016=EDGE_LOOP('',(#4847,#4848,#4849,#4850));
#1017=EDGE_LOOP('',(#4851,#4852,#4853,#4854));
#1018=EDGE_LOOP('',(#4855,#4856,#4857,#4858));
#1019=EDGE_LOOP('',(#4859,#4860,#4861,#4862));
#1020=EDGE_LOOP('',(#4863,#4864,#4865,#4866));
#1021=EDGE_LOOP('',(#4867,#4868,#4869,#4870));
#1022=EDGE_LOOP('',(#4871,#4872,#4873,#4874));
#1023=EDGE_LOOP('',(#4875,#4876,#4877,#4878));
#1024=EDGE_LOOP('',(#4879,#4880,#4881,#4882));
#1025=EDGE_LOOP('',(#4883,#4884,#4885,#4886));
#1026=EDGE_LOOP('',(#4887,#4888,#4889,#4890));
#1027=EDGE_LOOP('',(#4891,#4892,#4893,#4894));
#1028=EDGE_LOOP('',(#4895,#4896,#4897,#4898));
#1029=EDGE_LOOP('',(#4899,#4900,#4901,#4902));
#1030=EDGE_LOOP('',(#4903,#4904,#4905,#4906));
#1031=EDGE_LOOP('',(#4907,#4908,#4909,#4910));
#1032=EDGE_LOOP('',(#4911,#4912,#4913,#4914));
#1033=EDGE_LOOP('',(#4915,#4916,#4917,#4918));
#1034=EDGE_LOOP('',(#4919,#4920,#4921,#4922));
#1035=EDGE_LOOP('',(#4923,#4924,#4925,#4926));
#1036=EDGE_LOOP('',(#4927,#4928,#4929,#4930));
#1037=EDGE_LOOP('',(#4931,#4932,#4933,#4934));
#1038=EDGE_LOOP('',(#4935,#4936,#4937,#4938));
#1039=EDGE_LOOP('',(#4939,#4940,#4941,#4942));
#1040=EDGE_LOOP('',(#4943,#4944,#4945,#4946));
#1041=EDGE_LOOP('',(#4947,#4948,#4949,#4950));
#1042=EDGE_LOOP('',(#4951,#4952,#4953,#4954));
#1043=EDGE_LOOP('',(#4955,#4956,#4957,#4958));
#1044=LINE('',#7095,#1579);
#1045=LINE('',#7097,#1580);
#1046=LINE('',#7099,#1581);
#1047=LINE('',#7100,#1582);
#1048=LINE('',#7103,#1583);
#1049=LINE('',#7105,#1584);
#1050=LINE('',#7106,#1585);
#1051=LINE('',#7109,#1586);
#1052=LINE('',#7110,#1587);
#1053=LINE('',#7113,#1588);
#1054=LINE('',#7115,#1589);
#1055=LINE('',#7117,#1590);
#1056=LINE('',#7118,#1591);
#1057=LINE('',#7121,#1592);
#1058=LINE('',#7122,#1593);
#1059=LINE('',#7124,#1594);
#1060=LINE('',#7128,#1595);
#1061=LINE('',#7130,#1596);
#1062=LINE('',#7132,#1597);
#1063=LINE('',#7133,#1598);
#1064=LINE('',#7136,#1599);
#1065=LINE('',#7138,#1600);
#1066=LINE('',#7139,#1601);
#1067=LINE('',#7141,#1602);
#1068=LINE('',#7142,#1603);
#1069=LINE('',#7146,#1604);
#1070=LINE('',#7148,#1605);
#1071=LINE('',#7150,#1606);
#1072=LINE('',#7151,#1607);
#1073=LINE('',#7154,#1608);
#1074=LINE('',#7156,#1609);
#1075=LINE('',#7157,#1610);
#1076=LINE('',#7160,#1611);
#1077=LINE('',#7162,#1612);
#1078=LINE('',#7163,#1613);
#1079=LINE('',#7166,#1614);
#1080=LINE('',#7168,#1615);
#1081=LINE('',#7169,#1616);
#1082=LINE('',#7172,#1617);
#1083=LINE('',#7174,#1618);
#1084=LINE('',#7175,#1619);
#1085=LINE('',#7178,#1620);
#1086=LINE('',#7180,#1621);
#1087=LINE('',#7181,#1622);
#1088=LINE('',#7184,#1623);
#1089=LINE('',#7186,#1624);
#1090=LINE('',#7187,#1625);
#1091=LINE('',#7189,#1626);
#1092=LINE('',#7190,#1627);
#1093=LINE('',#7210,#1628);
#1094=LINE('',#7217,#1629);
#1095=LINE('',#7235,#1630);
#1096=LINE('',#7258,#1631);
#1097=LINE('',#7281,#1632);
#1098=LINE('',#7304,#1633);
#1099=LINE('',#7327,#1634);
#1100=LINE('',#7350,#1635);
#1101=LINE('',#7373,#1636);
#1102=LINE('',#7381,#1637);
#1103=LINE('',#7383,#1638);
#1104=LINE('',#7384,#1639);
#1105=LINE('',#7387,#1640);
#1106=LINE('',#7389,#1641);
#1107=LINE('',#7390,#1642);
#1108=LINE('',#7392,#1643);
#1109=LINE('',#7393,#1644);
#1110=LINE('',#7397,#1645);
#1111=LINE('',#7399,#1646);
#1112=LINE('',#7401,#1647);
#1113=LINE('',#7402,#1648);
#1114=LINE('',#7420,#1649);
#1115=LINE('',#7443,#1650);
#1116=LINE('',#7466,#1651);
#1117=LINE('',#7489,#1652);
#1118=LINE('',#7512,#1653);
#1119=LINE('',#7535,#1654);
#1120=LINE('',#7558,#1655);
#1121=LINE('',#7581,#1656);
#1122=LINE('',#7589,#1657);
#1123=LINE('',#7591,#1658);
#1124=LINE('',#7592,#1659);
#1125=LINE('',#7594,#1660);
#1126=LINE('',#7595,#1661);
#1127=LINE('',#7615,#1662);
#1128=LINE('',#7622,#1663);
#1129=LINE('',#7640,#1664);
#1130=LINE('',#7663,#1665);
#1131=LINE('',#7686,#1666);
#1132=LINE('',#7709,#1667);
#1133=LINE('',#7732,#1668);
#1134=LINE('',#7740,#1669);
#1135=LINE('',#7742,#1670);
#1136=LINE('',#7743,#1671);
#1137=LINE('',#7746,#1672);
#1138=LINE('',#7748,#1673);
#1139=LINE('',#7749,#1674);
#1140=LINE('',#7751,#1675);
#1141=LINE('',#7752,#1676);
#1142=LINE('',#7756,#1677);
#1143=LINE('',#7758,#1678);
#1144=LINE('',#7760,#1679);
#1145=LINE('',#7761,#1680);
#1146=LINE('',#7764,#1681);
#1147=LINE('',#7766,#1682);
#1148=LINE('',#7767,#1683);
#1149=LINE('',#7785,#1684);
#1150=LINE('',#7808,#1685);
#1151=LINE('',#7831,#1686);
#1152=LINE('',#7854,#1687);
#1153=LINE('',#7877,#1688);
#1154=LINE('',#7900,#1689);
#1155=LINE('',#7923,#1690);
#1156=LINE('',#7931,#1691);
#1157=LINE('',#7933,#1692);
#1158=LINE('',#7934,#1693);
#1159=LINE('',#7937,#1694);
#1160=LINE('',#7939,#1695);
#1161=LINE('',#7940,#1696);
#1162=LINE('',#7942,#1697);
#1163=LINE('',#7943,#1698);
#1164=LINE('',#7948,#1699);
#1165=LINE('',#7950,#1700);
#1166=LINE('',#7952,#1701);
#1167=LINE('',#7953,#1702);
#1168=LINE('',#7956,#1703);
#1169=LINE('',#7958,#1704);
#1170=LINE('',#7959,#1705);
#1171=LINE('',#7961,#1706);
#1172=LINE('',#7962,#1707);
#1173=LINE('',#7966,#1708);
#1174=LINE('',#7968,#1709);
#1175=LINE('',#7970,#1710);
#1176=LINE('',#7971,#1711);
#1177=LINE('',#7974,#1712);
#1178=LINE('',#7976,#1713);
#1179=LINE('',#7977,#1714);
#1180=LINE('',#7980,#1715);
#1181=LINE('',#7982,#1716);
#1182=LINE('',#7983,#1717);
#1183=LINE('',#7986,#1718);
#1184=LINE('',#7988,#1719);
#1185=LINE('',#7989,#1720);
#1186=LINE('',#7992,#1721);
#1187=LINE('',#7994,#1722);
#1188=LINE('',#7995,#1723);
#1189=LINE('',#7998,#1724);
#1190=LINE('',#8000,#1725);
#1191=LINE('',#8001,#1726);
#1192=LINE('',#8004,#1727);
#1193=LINE('',#8006,#1728);
#1194=LINE('',#8007,#1729);
#1195=LINE('',#8009,#1730);
#1196=LINE('',#8010,#1731);
#1197=LINE('',#8015,#1732);
#1198=LINE('',#8017,#1733);
#1199=LINE('',#8019,#1734);
#1200=LINE('',#8020,#1735);
#1201=LINE('',#8023,#1736);
#1202=LINE('',#8025,#1737);
#1203=LINE('',#8026,#1738);
#1204=LINE('',#8029,#1739);
#1205=LINE('',#8031,#1740);
#1206=LINE('',#8032,#1741);
#1207=LINE('',#8035,#1742);
#1208=LINE('',#8037,#1743);
#1209=LINE('',#8038,#1744);
#1210=LINE('',#8041,#1745);
#1211=LINE('',#8043,#1746);
#1212=LINE('',#8044,#1747);
#1213=LINE('',#8047,#1748);
#1214=LINE('',#8049,#1749);
#1215=LINE('',#8050,#1750);
#1216=LINE('',#8053,#1751);
#1217=LINE('',#8055,#1752);
#1218=LINE('',#8056,#1753);
#1219=LINE('',#8059,#1754);
#1220=LINE('',#8061,#1755);
#1221=LINE('',#8062,#1756);
#1222=LINE('',#8065,#1757);
#1223=LINE('',#8067,#1758);
#1224=LINE('',#8068,#1759);
#1225=LINE('',#8071,#1760);
#1226=LINE('',#8073,#1761);
#1227=LINE('',#8074,#1762);
#1228=LINE('',#8077,#1763);
#1229=LINE('',#8079,#1764);
#1230=LINE('',#8080,#1765);
#1231=LINE('',#8082,#1766);
#1232=LINE('',#8083,#1767);
#1233=LINE('',#8103,#1768);
#1234=LINE('',#8110,#1769);
#1235=LINE('',#8128,#1770);
#1236=LINE('',#8151,#1771);
#1237=LINE('',#8174,#1772);
#1238=LINE('',#8197,#1773);
#1239=LINE('',#8220,#1774);
#1240=LINE('',#8243,#1775);
#1241=LINE('',#8251,#1776);
#1242=LINE('',#8253,#1777);
#1243=LINE('',#8254,#1778);
#1244=LINE('',#8272,#1779);
#1245=LINE('',#8295,#1780);
#1246=LINE('',#8318,#1781);
#1247=LINE('',#8341,#1782);
#1248=LINE('',#8364,#1783);
#1249=LINE('',#8387,#1784);
#1250=LINE('',#8410,#1785);
#1251=LINE('',#8433,#1786);
#1252=LINE('',#8441,#1787);
#1253=LINE('',#8443,#1788);
#1254=LINE('',#8444,#1789);
#1255=LINE('',#8469,#1790);
#1256=LINE('',#8471,#1791);
#1257=LINE('',#8473,#1792);
#1258=LINE('',#8474,#1793);
#1259=LINE('',#8477,#1794);
#1260=LINE('',#8479,#1795);
#1261=LINE('',#8480,#1796);
#1262=LINE('',#8483,#1797);
#1263=LINE('',#8485,#1798);
#1264=LINE('',#8486,#1799);
#1265=LINE('',#8489,#1800);
#1266=LINE('',#8491,#1801);
#1267=LINE('',#8492,#1802);
#1268=LINE('',#8495,#1803);
#1269=LINE('',#8497,#1804);
#1270=LINE('',#8498,#1805);
#1271=LINE('',#8501,#1806);
#1272=LINE('',#8503,#1807);
#1273=LINE('',#8504,#1808);
#1274=LINE('',#8507,#1809);
#1275=LINE('',#8509,#1810);
#1276=LINE('',#8510,#1811);
#1277=LINE('',#8513,#1812);
#1278=LINE('',#8515,#1813);
#1279=LINE('',#8516,#1814);
#1280=LINE('',#8519,#1815);
#1281=LINE('',#8521,#1816);
#1282=LINE('',#8522,#1817);
#1283=LINE('',#8525,#1818);
#1284=LINE('',#8527,#1819);
#1285=LINE('',#8528,#1820);
#1286=LINE('',#8531,#1821);
#1287=LINE('',#8533,#1822);
#1288=LINE('',#8534,#1823);
#1289=LINE('',#8536,#1824);
#1290=LINE('',#8537,#1825);
#1291=LINE('',#8548,#1826);
#1292=LINE('',#8551,#1827);
#1293=LINE('',#8556,#1828);
#1294=LINE('',#8559,#1829);
#1295=LINE('',#8564,#1830);
#1296=LINE('',#8567,#1831);
#1297=LINE('',#8572,#1832);
#1298=LINE('',#8574,#1833);
#1299=LINE('',#8585,#1834);
#1300=LINE('',#8588,#1835);
#1301=LINE('',#8591,#1836);
#1302=LINE('',#8592,#1837);
#1303=LINE('',#8595,#1838);
#1304=LINE('',#8599,#1839);
#1305=LINE('',#8600,#1840);
#1306=LINE('',#8610,#1841);
#1307=LINE('',#8614,#1842);
#1308=LINE('',#8618,#1843);
#1309=LINE('',#8621,#1844);
#1310=LINE('',#8626,#1845);
#1311=LINE('',#8630,#1846);
#1312=LINE('',#8634,#1847);
#1313=LINE('',#8637,#1848);
#1314=LINE('',#8642,#1849);
#1315=LINE('',#8646,#1850);
#1316=LINE('',#8650,#1851);
#1317=LINE('',#8653,#1852);
#1318=LINE('',#8658,#1853);
#1319=LINE('',#8662,#1854);
#1320=LINE('',#8666,#1855);
#1321=LINE('',#8669,#1856);
#1322=LINE('',#8674,#1857);
#1323=LINE('',#8678,#1858);
#1324=LINE('',#8682,#1859);
#1325=LINE('',#8685,#1860);
#1326=LINE('',#8690,#1861);
#1327=LINE('',#8694,#1862);
#1328=LINE('',#8698,#1863);
#1329=LINE('',#8701,#1864);
#1330=LINE('',#8706,#1865);
#1331=LINE('',#8710,#1866);
#1332=LINE('',#8714,#1867);
#1333=LINE('',#8717,#1868);
#1334=LINE('',#8722,#1869);
#1335=LINE('',#8726,#1870);
#1336=LINE('',#8730,#1871);
#1337=LINE('',#8733,#1872);
#1338=LINE('',#8738,#1873);
#1339=LINE('',#8742,#1874);
#1340=LINE('',#8746,#1875);
#1341=LINE('',#8749,#1876);
#1342=LINE('',#8754,#1877);
#1343=LINE('',#8758,#1878);
#1344=LINE('',#8762,#1879);
#1345=LINE('',#8765,#1880);
#1346=LINE('',#8770,#1881);
#1347=LINE('',#8774,#1882);
#1348=LINE('',#8778,#1883);
#1349=LINE('',#8781,#1884);
#1350=LINE('',#8786,#1885);
#1351=LINE('',#8790,#1886);
#1352=LINE('',#8794,#1887);
#1353=LINE('',#8797,#1888);
#1354=LINE('',#8802,#1889);
#1355=LINE('',#8806,#1890);
#1356=LINE('',#8810,#1891);
#1357=LINE('',#8813,#1892);
#1358=LINE('',#8818,#1893);
#1359=LINE('',#8822,#1894);
#1360=LINE('',#8826,#1895);
#1361=LINE('',#8829,#1896);
#1362=LINE('',#8834,#1897);
#1363=LINE('',#8838,#1898);
#1364=LINE('',#8842,#1899);
#1365=LINE('',#8845,#1900);
#1366=LINE('',#8850,#1901);
#1367=LINE('',#8854,#1902);
#1368=LINE('',#8858,#1903);
#1369=LINE('',#8861,#1904);
#1370=LINE('',#8870,#1905);
#1371=LINE('',#8873,#1906);
#1372=LINE('',#8876,#1907);
#1373=LINE('',#8878,#1908);
#1374=LINE('',#8880,#1909);
#1375=LINE('',#8881,#1910);
#1376=LINE('',#8886,#1911);
#1377=LINE('',#8890,#1912);
#1378=LINE('',#8894,#1913);
#1379=LINE('',#8897,#1914);
#1380=LINE('',#8902,#1915);
#1381=LINE('',#8906,#1916);
#1382=LINE('',#8910,#1917);
#1383=LINE('',#8913,#1918);
#1384=LINE('',#8918,#1919);
#1385=LINE('',#8922,#1920);
#1386=LINE('',#8926,#1921);
#1387=LINE('',#8929,#1922);
#1388=LINE('',#8934,#1923);
#1389=LINE('',#8938,#1924);
#1390=LINE('',#8942,#1925);
#1391=LINE('',#8945,#1926);
#1392=LINE('',#8950,#1927);
#1393=LINE('',#8954,#1928);
#1394=LINE('',#8958,#1929);
#1395=LINE('',#8961,#1930);
#1396=LINE('',#8966,#1931);
#1397=LINE('',#8970,#1932);
#1398=LINE('',#8974,#1933);
#1399=LINE('',#8977,#1934);
#1400=LINE('',#8982,#1935);
#1401=LINE('',#8986,#1936);
#1402=LINE('',#8990,#1937);
#1403=LINE('',#8993,#1938);
#1404=LINE('',#8998,#1939);
#1405=LINE('',#9002,#1940);
#1406=LINE('',#9006,#1941);
#1407=LINE('',#9009,#1942);
#1408=LINE('',#9014,#1943);
#1409=LINE('',#9018,#1944);
#1410=LINE('',#9022,#1945);
#1411=LINE('',#9025,#1946);
#1412=LINE('',#9030,#1947);
#1413=LINE('',#9034,#1948);
#1414=LINE('',#9038,#1949);
#1415=LINE('',#9041,#1950);
#1416=LINE('',#9046,#1951);
#1417=LINE('',#9050,#1952);
#1418=LINE('',#9054,#1953);
#1419=LINE('',#9057,#1954);
#1420=LINE('',#9062,#1955);
#1421=LINE('',#9066,#1956);
#1422=LINE('',#9070,#1957);
#1423=LINE('',#9073,#1958);
#1424=LINE('',#9078,#1959);
#1425=LINE('',#9082,#1960);
#1426=LINE('',#9086,#1961);
#1427=LINE('',#9089,#1962);
#1428=LINE('',#9094,#1963);
#1429=LINE('',#9098,#1964);
#1430=LINE('',#9102,#1965);
#1431=LINE('',#9105,#1966);
#1432=LINE('',#9110,#1967);
#1433=LINE('',#9114,#1968);
#1434=LINE('',#9118,#1969);
#1435=LINE('',#9121,#1970);
#1436=LINE('',#9126,#1971);
#1437=LINE('',#9130,#1972);
#1438=LINE('',#9134,#1973);
#1439=LINE('',#9137,#1974);
#1440=LINE('',#9147,#1975);
#1441=LINE('',#9149,#1976);
#1442=LINE('',#9150,#1977);
#1443=LINE('',#9153,#1978);
#1444=LINE('',#9154,#1979);
#1445=LINE('',#9156,#1980);
#1446=LINE('',#9158,#1981);
#1447=LINE('',#9162,#1982);
#1448=LINE('',#9163,#1983);
#1449=LINE('',#9165,#1984);
#1450=LINE('',#9167,#1985);
#1451=LINE('',#9169,#1986);
#1452=LINE('',#9171,#1987);
#1453=LINE('',#9173,#1988);
#1454=LINE('',#9175,#1989);
#1455=LINE('',#9178,#1990);
#1456=LINE('',#9179,#1991);
#1457=LINE('',#9181,#1992);
#1458=LINE('',#9183,#1993);
#1459=LINE('',#9185,#1994);
#1460=LINE('',#9187,#1995);
#1461=LINE('',#9189,#1996);
#1462=LINE('',#9191,#1997);
#1463=LINE('',#9194,#1998);
#1464=LINE('',#9195,#1999);
#1465=LINE('',#9197,#2000);
#1466=LINE('',#9199,#2001);
#1467=LINE('',#9201,#2002);
#1468=LINE('',#9203,#2003);
#1469=LINE('',#9205,#2004);
#1470=LINE('',#9207,#2005);
#1471=LINE('',#9210,#2006);
#1472=LINE('',#9211,#2007);
#1473=LINE('',#9213,#2008);
#1474=LINE('',#9215,#2009);
#1475=LINE('',#9217,#2010);
#1476=LINE('',#9219,#2011);
#1477=LINE('',#9221,#2012);
#1478=LINE('',#9223,#2013);
#1479=LINE('',#9226,#2014);
#1480=LINE('',#9227,#2015);
#1481=LINE('',#9229,#2016);
#1482=LINE('',#9231,#2017);
#1483=LINE('',#9233,#2018);
#1484=LINE('',#9235,#2019);
#1485=LINE('',#9237,#2020);
#1486=LINE('',#9239,#2021);
#1487=LINE('',#9242,#2022);
#1488=LINE('',#9243,#2023);
#1489=LINE('',#9245,#2024);
#1490=LINE('',#9247,#2025);
#1491=LINE('',#9249,#2026);
#1492=LINE('',#9251,#2027);
#1493=LINE('',#9253,#2028);
#1494=LINE('',#9255,#2029);
#1495=LINE('',#9258,#2030);
#1496=LINE('',#9259,#2031);
#1497=LINE('',#9261,#2032);
#1498=LINE('',#9263,#2033);
#1499=LINE('',#9265,#2034);
#1500=LINE('',#9267,#2035);
#1501=LINE('',#9269,#2036);
#1502=LINE('',#9271,#2037);
#1503=LINE('',#9274,#2038);
#1504=LINE('',#9275,#2039);
#1505=LINE('',#9277,#2040);
#1506=LINE('',#9279,#2041);
#1507=LINE('',#9281,#2042);
#1508=LINE('',#9283,#2043);
#1509=LINE('',#9285,#2044);
#1510=LINE('',#9287,#2045);
#1511=LINE('',#9290,#2046);
#1512=LINE('',#9291,#2047);
#1513=LINE('',#9293,#2048);
#1514=LINE('',#9295,#2049);
#1515=LINE('',#9297,#2050);
#1516=LINE('',#9299,#2051);
#1517=LINE('',#9301,#2052);
#1518=LINE('',#9303,#2053);
#1519=LINE('',#9306,#2054);
#1520=LINE('',#9307,#2055);
#1521=LINE('',#9309,#2056);
#1522=LINE('',#9311,#2057);
#1523=LINE('',#9313,#2058);
#1524=LINE('',#9315,#2059);
#1525=LINE('',#9317,#2060);
#1526=LINE('',#9319,#2061);
#1527=LINE('',#9322,#2062);
#1528=LINE('',#9323,#2063);
#1529=LINE('',#9325,#2064);
#1530=LINE('',#9327,#2065);
#1531=LINE('',#9329,#2066);
#1532=LINE('',#9331,#2067);
#1533=LINE('',#9333,#2068);
#1534=LINE('',#9335,#2069);
#1535=LINE('',#9338,#2070);
#1536=LINE('',#9339,#2071);
#1537=LINE('',#9341,#2072);
#1538=LINE('',#9343,#2073);
#1539=LINE('',#9345,#2074);
#1540=LINE('',#9347,#2075);
#1541=LINE('',#9349,#2076);
#1542=LINE('',#9351,#2077);
#1543=LINE('',#9354,#2078);
#1544=LINE('',#9355,#2079);
#1545=LINE('',#9357,#2080);
#1546=LINE('',#9359,#2081);
#1547=LINE('',#9361,#2082);
#1548=LINE('',#9363,#2083);
#1549=LINE('',#9365,#2084);
#1550=LINE('',#9367,#2085);
#1551=LINE('',#9370,#2086);
#1552=LINE('',#9371,#2087);
#1553=LINE('',#9373,#2088);
#1554=LINE('',#9375,#2089);
#1555=LINE('',#9377,#2090);
#1556=LINE('',#9379,#2091);
#1557=LINE('',#9381,#2092);
#1558=LINE('',#9383,#2093);
#1559=LINE('',#9386,#2094);
#1560=LINE('',#9387,#2095);
#1561=LINE('',#9389,#2096);
#1562=LINE('',#9391,#2097);
#1563=LINE('',#9393,#2098);
#1564=LINE('',#9395,#2099);
#1565=LINE('',#9397,#2100);
#1566=LINE('',#9399,#2101);
#1567=LINE('',#9402,#2102);
#1568=LINE('',#9403,#2103);
#1569=LINE('',#9405,#2104);
#1570=LINE('',#9407,#2105);
#1571=LINE('',#9409,#2106);
#1572=LINE('',#9411,#2107);
#1573=LINE('',#9413,#2108);
#1574=LINE('',#9415,#2109);
#1575=LINE('',#9418,#2110);
#1576=LINE('',#9420,#2111);
#1577=LINE('',#9422,#2112);
#1578=LINE('',#9424,#2113);
#1579=VECTOR('',#5790,10.);
#1580=VECTOR('',#5791,10.);
#1581=VECTOR('',#5792,10.);
#1582=VECTOR('',#5793,10.);
#1583=VECTOR('',#5796,10.);
#1584=VECTOR('',#5797,10.);
#1585=VECTOR('',#5798,10.);
#1586=VECTOR('',#5801,10.);
#1587=VECTOR('',#5802,10.);
#1588=VECTOR('',#5803,10.);
#1589=VECTOR('',#5804,10.);
#1590=VECTOR('',#5805,10.);
#1591=VECTOR('',#5806,10.);
#1592=VECTOR('',#5809,10.);
#1593=VECTOR('',#5810,10.);
#1594=VECTOR('',#5813,10.);
#1595=VECTOR('',#5816,10.);
#1596=VECTOR('',#5817,10.);
#1597=VECTOR('',#5818,10.);
#1598=VECTOR('',#5819,10.);
#1599=VECTOR('',#5822,10.);
#1600=VECTOR('',#5823,10.);
#1601=VECTOR('',#5824,10.);
#1602=VECTOR('',#5827,10.);
#1603=VECTOR('',#5828,10.);
#1604=VECTOR('',#5831,10.);
#1605=VECTOR('',#5832,10.);
#1606=VECTOR('',#5833,10.);
#1607=VECTOR('',#5834,10.);
#1608=VECTOR('',#5837,10.);
#1609=VECTOR('',#5838,10.);
#1610=VECTOR('',#5839,10.);
#1611=VECTOR('',#5842,10.);
#1612=VECTOR('',#5843,10.);
#1613=VECTOR('',#5844,10.);
#1614=VECTOR('',#5847,10.);
#1615=VECTOR('',#5848,10.);
#1616=VECTOR('',#5849,10.);
#1617=VECTOR('',#5852,10.);
#1618=VECTOR('',#5853,10.);
#1619=VECTOR('',#5854,10.);
#1620=VECTOR('',#5857,10.);
#1621=VECTOR('',#5858,10.);
#1622=VECTOR('',#5859,10.);
#1623=VECTOR('',#5862,10.);
#1624=VECTOR('',#5863,10.);
#1625=VECTOR('',#5864,10.);
#1626=VECTOR('',#5867,10.);
#1627=VECTOR('',#5868,10.);
#1628=VECTOR('',#5871,10.);
#1629=VECTOR('',#5872,10.);
#1630=VECTOR('',#5873,10.);
#1631=VECTOR('',#5874,10.);
#1632=VECTOR('',#5875,10.);
#1633=VECTOR('',#5876,10.);
#1634=VECTOR('',#5877,10.);
#1635=VECTOR('',#5878,10.);
#1636=VECTOR('',#5879,10.);
#1637=VECTOR('',#5882,10.);
#1638=VECTOR('',#5883,10.);
#1639=VECTOR('',#5884,10.);
#1640=VECTOR('',#5887,10.);
#1641=VECTOR('',#5888,10.);
#1642=VECTOR('',#5889,10.);
#1643=VECTOR('',#5892,10.);
#1644=VECTOR('',#5893,10.);
#1645=VECTOR('',#5896,10.);
#1646=VECTOR('',#5897,10.);
#1647=VECTOR('',#5898,10.);
#1648=VECTOR('',#5899,10.);
#1649=VECTOR('',#5900,10.);
#1650=VECTOR('',#5901,10.);
#1651=VECTOR('',#5902,10.);
#1652=VECTOR('',#5903,10.);
#1653=VECTOR('',#5904,10.);
#1654=VECTOR('',#5905,10.);
#1655=VECTOR('',#5906,10.);
#1656=VECTOR('',#5907,10.);
#1657=VECTOR('',#5910,10.);
#1658=VECTOR('',#5911,10.);
#1659=VECTOR('',#5912,10.);
#1660=VECTOR('',#5915,10.);
#1661=VECTOR('',#5916,10.);
#1662=VECTOR('',#5919,10.);
#1663=VECTOR('',#5920,10.);
#1664=VECTOR('',#5921,10.);
#1665=VECTOR('',#5922,10.);
#1666=VECTOR('',#5923,10.);
#1667=VECTOR('',#5924,10.);
#1668=VECTOR('',#5925,10.);
#1669=VECTOR('',#5928,10.);
#1670=VECTOR('',#5929,10.);
#1671=VECTOR('',#5930,10.);
#1672=VECTOR('',#5933,10.);
#1673=VECTOR('',#5934,10.);
#1674=VECTOR('',#5935,10.);
#1675=VECTOR('',#5938,10.);
#1676=VECTOR('',#5939,10.);
#1677=VECTOR('',#5942,10.);
#1678=VECTOR('',#5943,10.);
#1679=VECTOR('',#5944,10.);
#1680=VECTOR('',#5945,10.);
#1681=VECTOR('',#5948,10.);
#1682=VECTOR('',#5949,10.);
#1683=VECTOR('',#5950,10.);
#1684=VECTOR('',#5951,10.);
#1685=VECTOR('',#5952,10.);
#1686=VECTOR('',#5953,10.);
#1687=VECTOR('',#5954,10.);
#1688=VECTOR('',#5955,10.);
#1689=VECTOR('',#5956,10.);
#1690=VECTOR('',#5957,10.);
#1691=VECTOR('',#5960,10.);
#1692=VECTOR('',#5961,10.);
#1693=VECTOR('',#5962,10.);
#1694=VECTOR('',#5965,10.);
#1695=VECTOR('',#5966,10.);
#1696=VECTOR('',#5967,10.);
#1697=VECTOR('',#5970,10.);
#1698=VECTOR('',#5971,10.);
#1699=VECTOR('',#5976,10.);
#1700=VECTOR('',#5977,10.);
#1701=VECTOR('',#5978,10.);
#1702=VECTOR('',#5979,10.);
#1703=VECTOR('',#5982,10.);
#1704=VECTOR('',#5983,10.);
#1705=VECTOR('',#5984,10.);
#1706=VECTOR('',#5987,10.);
#1707=VECTOR('',#5988,10.);
#1708=VECTOR('',#5991,10.);
#1709=VECTOR('',#5992,10.);
#1710=VECTOR('',#5993,10.);
#1711=VECTOR('',#5994,10.);
#1712=VECTOR('',#5997,10.);
#1713=VECTOR('',#5998,10.);
#1714=VECTOR('',#5999,10.);
#1715=VECTOR('',#6002,10.);
#1716=VECTOR('',#6003,10.);
#1717=VECTOR('',#6004,10.);
#1718=VECTOR('',#6007,10.);
#1719=VECTOR('',#6008,10.);
#1720=VECTOR('',#6009,10.);
#1721=VECTOR('',#6012,10.);
#1722=VECTOR('',#6013,10.);
#1723=VECTOR('',#6014,10.);
#1724=VECTOR('',#6017,10.);
#1725=VECTOR('',#6018,10.);
#1726=VECTOR('',#6019,10.);
#1727=VECTOR('',#6022,10.);
#1728=VECTOR('',#6023,10.);
#1729=VECTOR('',#6024,10.);
#1730=VECTOR('',#6027,10.);
#1731=VECTOR('',#6028,10.);
#1732=VECTOR('',#6033,10.);
#1733=VECTOR('',#6034,10.);
#1734=VECTOR('',#6035,10.);
#1735=VECTOR('',#6036,10.);
#1736=VECTOR('',#6039,10.);
#1737=VECTOR('',#6040,10.);
#1738=VECTOR('',#6041,10.);
#1739=VECTOR('',#6044,10.);
#1740=VECTOR('',#6045,10.);
#1741=VECTOR('',#6046,10.);
#1742=VECTOR('',#6049,10.);
#1743=VECTOR('',#6050,10.);
#1744=VECTOR('',#6051,10.);
#1745=VECTOR('',#6054,10.);
#1746=VECTOR('',#6055,10.);
#1747=VECTOR('',#6056,10.);
#1748=VECTOR('',#6059,10.);
#1749=VECTOR('',#6060,10.);
#1750=VECTOR('',#6061,10.);
#1751=VECTOR('',#6064,10.);
#1752=VECTOR('',#6065,10.);
#1753=VECTOR('',#6066,10.);
#1754=VECTOR('',#6069,10.);
#1755=VECTOR('',#6070,10.);
#1756=VECTOR('',#6071,10.);
#1757=VECTOR('',#6074,10.);
#1758=VECTOR('',#6075,10.);
#1759=VECTOR('',#6076,10.);
#1760=VECTOR('',#6079,10.);
#1761=VECTOR('',#6080,10.);
#1762=VECTOR('',#6081,10.);
#1763=VECTOR('',#6084,10.);
#1764=VECTOR('',#6085,10.);
#1765=VECTOR('',#6086,10.);
#1766=VECTOR('',#6089,10.);
#1767=VECTOR('',#6090,10.);
#1768=VECTOR('',#6093,10.);
#1769=VECTOR('',#6094,10.);
#1770=VECTOR('',#6095,10.);
#1771=VECTOR('',#6096,10.);
#1772=VECTOR('',#6097,10.);
#1773=VECTOR('',#6098,10.);
#1774=VECTOR('',#6099,10.);
#1775=VECTOR('',#6100,10.);
#1776=VECTOR('',#6103,10.);
#1777=VECTOR('',#6104,10.);
#1778=VECTOR('',#6105,10.);
#1779=VECTOR('',#6106,10.);
#1780=VECTOR('',#6107,10.);
#1781=VECTOR('',#6108,10.);
#1782=VECTOR('',#6109,10.);
#1783=VECTOR('',#6110,10.);
#1784=VECTOR('',#6111,10.);
#1785=VECTOR('',#6112,10.);
#1786=VECTOR('',#6113,10.);
#1787=VECTOR('',#6116,10.);
#1788=VECTOR('',#6117,10.);
#1789=VECTOR('',#6118,10.);
#1790=VECTOR('',#6123,10.);
#1791=VECTOR('',#6124,10.);
#1792=VECTOR('',#6125,10.);
#1793=VECTOR('',#6126,10.);
#1794=VECTOR('',#6129,10.);
#1795=VECTOR('',#6130,10.);
#1796=VECTOR('',#6131,10.);
#1797=VECTOR('',#6134,10.);
#1798=VECTOR('',#6135,10.);
#1799=VECTOR('',#6136,10.);
#1800=VECTOR('',#6139,10.);
#1801=VECTOR('',#6140,10.);
#1802=VECTOR('',#6141,10.);
#1803=VECTOR('',#6144,10.);
#1804=VECTOR('',#6145,10.);
#1805=VECTOR('',#6146,10.);
#1806=VECTOR('',#6149,10.);
#1807=VECTOR('',#6150,10.);
#1808=VECTOR('',#6151,10.);
#1809=VECTOR('',#6154,10.);
#1810=VECTOR('',#6155,10.);
#1811=VECTOR('',#6156,10.);
#1812=VECTOR('',#6159,10.);
#1813=VECTOR('',#6160,10.);
#1814=VECTOR('',#6161,10.);
#1815=VECTOR('',#6164,10.);
#1816=VECTOR('',#6165,10.);
#1817=VECTOR('',#6166,10.);
#1818=VECTOR('',#6169,10.);
#1819=VECTOR('',#6170,10.);
#1820=VECTOR('',#6171,10.);
#1821=VECTOR('',#6174,10.);
#1822=VECTOR('',#6175,10.);
#1823=VECTOR('',#6176,10.);
#1824=VECTOR('',#6179,10.);
#1825=VECTOR('',#6180,10.);
#1826=VECTOR('',#6195,10.);
#1827=VECTOR('',#6198,10.);
#1828=VECTOR('',#6203,10.);
#1829=VECTOR('',#6206,10.);
#1830=VECTOR('',#6211,10.);
#1831=VECTOR('',#6214,10.);
#1832=VECTOR('',#6219,10.);
#1833=VECTOR('',#6222,10.);
#1834=VECTOR('',#6241,10.);
#1835=VECTOR('',#6244,10.);
#1836=VECTOR('',#6247,10.);
#1837=VECTOR('',#6248,10.);
#1838=VECTOR('',#6251,10.);
#1839=VECTOR('',#6256,10.);
#1840=VECTOR('',#6257,10.);
#1841=VECTOR('',#6266,10.);
#1842=VECTOR('',#6269,10.);
#1843=VECTOR('',#6272,10.);
#1844=VECTOR('',#6275,10.);
#1845=VECTOR('',#6278,10.);
#1846=VECTOR('',#6281,10.);
#1847=VECTOR('',#6284,10.);
#1848=VECTOR('',#6287,10.);
#1849=VECTOR('',#6290,10.);
#1850=VECTOR('',#6293,10.);
#1851=VECTOR('',#6296,10.);
#1852=VECTOR('',#6299,10.);
#1853=VECTOR('',#6302,10.);
#1854=VECTOR('',#6305,10.);
#1855=VECTOR('',#6308,10.);
#1856=VECTOR('',#6311,10.);
#1857=VECTOR('',#6314,10.);
#1858=VECTOR('',#6317,10.);
#1859=VECTOR('',#6320,10.);
#1860=VECTOR('',#6323,10.);
#1861=VECTOR('',#6326,10.);
#1862=VECTOR('',#6329,10.);
#1863=VECTOR('',#6332,10.);
#1864=VECTOR('',#6335,10.);
#1865=VECTOR('',#6338,10.);
#1866=VECTOR('',#6341,10.);
#1867=VECTOR('',#6344,10.);
#1868=VECTOR('',#6347,10.);
#1869=VECTOR('',#6350,10.);
#1870=VECTOR('',#6353,10.);
#1871=VECTOR('',#6356,10.);
#1872=VECTOR('',#6359,10.);
#1873=VECTOR('',#6362,10.);
#1874=VECTOR('',#6365,10.);
#1875=VECTOR('',#6368,10.);
#1876=VECTOR('',#6371,10.);
#1877=VECTOR('',#6374,10.);
#1878=VECTOR('',#6377,10.);
#1879=VECTOR('',#6380,10.);
#1880=VECTOR('',#6383,10.);
#1881=VECTOR('',#6386,10.);
#1882=VECTOR('',#6389,10.);
#1883=VECTOR('',#6392,10.);
#1884=VECTOR('',#6395,10.);
#1885=VECTOR('',#6398,10.);
#1886=VECTOR('',#6401,10.);
#1887=VECTOR('',#6404,10.);
#1888=VECTOR('',#6407,10.);
#1889=VECTOR('',#6410,10.);
#1890=VECTOR('',#6413,10.);
#1891=VECTOR('',#6416,10.);
#1892=VECTOR('',#6419,10.);
#1893=VECTOR('',#6422,10.);
#1894=VECTOR('',#6425,10.);
#1895=VECTOR('',#6428,10.);
#1896=VECTOR('',#6431,10.);
#1897=VECTOR('',#6434,10.);
#1898=VECTOR('',#6437,10.);
#1899=VECTOR('',#6440,10.);
#1900=VECTOR('',#6443,10.);
#1901=VECTOR('',#6446,10.);
#1902=VECTOR('',#6449,10.);
#1903=VECTOR('',#6452,10.);
#1904=VECTOR('',#6455,10.);
#1905=VECTOR('',#6464,10.);
#1906=VECTOR('',#6467,10.);
#1907=VECTOR('',#6468,10.);
#1908=VECTOR('',#6469,10.);
#1909=VECTOR('',#6470,10.);
#1910=VECTOR('',#6471,10.);
#1911=VECTOR('',#6474,10.);
#1912=VECTOR('',#6477,10.);
#1913=VECTOR('',#6480,10.);
#1914=VECTOR('',#6483,10.);
#1915=VECTOR('',#6486,10.);
#1916=VECTOR('',#6489,10.);
#1917=VECTOR('',#6492,10.);
#1918=VECTOR('',#6495,10.);
#1919=VECTOR('',#6498,10.);
#1920=VECTOR('',#6501,10.);
#1921=VECTOR('',#6504,10.);
#1922=VECTOR('',#6507,10.);
#1923=VECTOR('',#6510,10.);
#1924=VECTOR('',#6513,10.);
#1925=VECTOR('',#6516,10.);
#1926=VECTOR('',#6519,10.);
#1927=VECTOR('',#6522,10.);
#1928=VECTOR('',#6525,10.);
#1929=VECTOR('',#6528,10.);
#1930=VECTOR('',#6531,10.);
#1931=VECTOR('',#6534,10.);
#1932=VECTOR('',#6537,10.);
#1933=VECTOR('',#6540,10.);
#1934=VECTOR('',#6543,10.);
#1935=VECTOR('',#6546,10.);
#1936=VECTOR('',#6549,10.);
#1937=VECTOR('',#6552,10.);
#1938=VECTOR('',#6555,10.);
#1939=VECTOR('',#6558,10.);
#1940=VECTOR('',#6561,10.);
#1941=VECTOR('',#6564,10.);
#1942=VECTOR('',#6567,10.);
#1943=VECTOR('',#6570,10.);
#1944=VECTOR('',#6573,10.);
#1945=VECTOR('',#6576,10.);
#1946=VECTOR('',#6579,10.);
#1947=VECTOR('',#6582,10.);
#1948=VECTOR('',#6585,10.);
#1949=VECTOR('',#6588,10.);
#1950=VECTOR('',#6591,10.);
#1951=VECTOR('',#6594,10.);
#1952=VECTOR('',#6597,10.);
#1953=VECTOR('',#6600,10.);
#1954=VECTOR('',#6603,10.);
#1955=VECTOR('',#6606,10.);
#1956=VECTOR('',#6609,10.);
#1957=VECTOR('',#6612,10.);
#1958=VECTOR('',#6615,10.);
#1959=VECTOR('',#6618,10.);
#1960=VECTOR('',#6621,10.);
#1961=VECTOR('',#6624,10.);
#1962=VECTOR('',#6627,10.);
#1963=VECTOR('',#6630,10.);
#1964=VECTOR('',#6633,10.);
#1965=VECTOR('',#6636,10.);
#1966=VECTOR('',#6639,10.);
#1967=VECTOR('',#6642,10.);
#1968=VECTOR('',#6645,10.);
#1969=VECTOR('',#6648,10.);
#1970=VECTOR('',#6651,10.);
#1971=VECTOR('',#6654,10.);
#1972=VECTOR('',#6657,10.);
#1973=VECTOR('',#6660,10.);
#1974=VECTOR('',#6663,10.);
#1975=VECTOR('',#6674,10.);
#1976=VECTOR('',#6677,10.);
#1977=VECTOR('',#6678,10.);
#1978=VECTOR('',#6683,10.);
#1979=VECTOR('',#6684,10.);
#1980=VECTOR('',#6687,10.);
#1981=VECTOR('',#6690,10.);
#1982=VECTOR('',#6697,10.);
#1983=VECTOR('',#6698,10.);
#1984=VECTOR('',#6701,10.);
#1985=VECTOR('',#6704,10.);
#1986=VECTOR('',#6707,10.);
#1987=VECTOR('',#6710,10.);
#1988=VECTOR('',#6713,10.);
#1989=VECTOR('',#6716,10.);
#1990=VECTOR('',#6721,10.);
#1991=VECTOR('',#6722,10.);
#1992=VECTOR('',#6725,10.);
#1993=VECTOR('',#6728,10.);
#1994=VECTOR('',#6731,10.);
#1995=VECTOR('',#6734,10.);
#1996=VECTOR('',#6737,10.);
#1997=VECTOR('',#6740,10.);
#1998=VECTOR('',#6745,10.);
#1999=VECTOR('',#6746,10.);
#2000=VECTOR('',#6749,10.);
#2001=VECTOR('',#6752,10.);
#2002=VECTOR('',#6755,10.);
#2003=VECTOR('',#6758,10.);
#2004=VECTOR('',#6761,10.);
#2005=VECTOR('',#6764,10.);
#2006=VECTOR('',#6769,10.);
#2007=VECTOR('',#6770,10.);
#2008=VECTOR('',#6773,10.);
#2009=VECTOR('',#6776,10.);
#2010=VECTOR('',#6779,10.);
#2011=VECTOR('',#6782,10.);
#2012=VECTOR('',#6785,10.);
#2013=VECTOR('',#6788,10.);
#2014=VECTOR('',#6793,10.);
#2015=VECTOR('',#6794,10.);
#2016=VECTOR('',#6797,10.);
#2017=VECTOR('',#6800,10.);
#2018=VECTOR('',#6803,10.);
#2019=VECTOR('',#6806,10.);
#2020=VECTOR('',#6809,10.);
#2021=VECTOR('',#6812,10.);
#2022=VECTOR('',#6817,10.);
#2023=VECTOR('',#6818,10.);
#2024=VECTOR('',#6821,10.);
#2025=VECTOR('',#6824,10.);
#2026=VECTOR('',#6827,10.);
#2027=VECTOR('',#6830,10.);
#2028=VECTOR('',#6833,10.);
#2029=VECTOR('',#6836,10.);
#2030=VECTOR('',#6841,10.);
#2031=VECTOR('',#6842,10.);
#2032=VECTOR('',#6845,10.);
#2033=VECTOR('',#6848,10.);
#2034=VECTOR('',#6851,10.);
#2035=VECTOR('',#6854,10.);
#2036=VECTOR('',#6857,10.);
#2037=VECTOR('',#6860,10.);
#2038=VECTOR('',#6865,10.);
#2039=VECTOR('',#6866,10.);
#2040=VECTOR('',#6869,10.);
#2041=VECTOR('',#6872,10.);
#2042=VECTOR('',#6875,10.);
#2043=VECTOR('',#6878,10.);
#2044=VECTOR('',#6881,10.);
#2045=VECTOR('',#6884,10.);
#2046=VECTOR('',#6889,10.);
#2047=VECTOR('',#6890,10.);
#2048=VECTOR('',#6893,10.);
#2049=VECTOR('',#6896,10.);
#2050=VECTOR('',#6899,10.);
#2051=VECTOR('',#6902,10.);
#2052=VECTOR('',#6905,10.);
#2053=VECTOR('',#6908,10.);
#2054=VECTOR('',#6913,10.);
#2055=VECTOR('',#6914,10.);
#2056=VECTOR('',#6917,10.);
#2057=VECTOR('',#6920,10.);
#2058=VECTOR('',#6923,10.);
#2059=VECTOR('',#6926,10.);
#2060=VECTOR('',#6929,10.);
#2061=VECTOR('',#6932,10.);
#2062=VECTOR('',#6937,10.);
#2063=VECTOR('',#6938,10.);
#2064=VECTOR('',#6941,10.);
#2065=VECTOR('',#6944,10.);
#2066=VECTOR('',#6947,10.);
#2067=VECTOR('',#6950,10.);
#2068=VECTOR('',#6953,10.);
#2069=VECTOR('',#6956,10.);
#2070=VECTOR('',#6961,10.);
#2071=VECTOR('',#6962,10.);
#2072=VECTOR('',#6965,10.);
#2073=VECTOR('',#6968,10.);
#2074=VECTOR('',#6971,10.);
#2075=VECTOR('',#6974,10.);
#2076=VECTOR('',#6977,10.);
#2077=VECTOR('',#6980,10.);
#2078=VECTOR('',#6985,10.);
#2079=VECTOR('',#6986,10.);
#2080=VECTOR('',#6989,10.);
#2081=VECTOR('',#6992,10.);
#2082=VECTOR('',#6995,10.);
#2083=VECTOR('',#6998,10.);
#2084=VECTOR('',#7001,10.);
#2085=VECTOR('',#7004,10.);
#2086=VECTOR('',#7009,10.);
#2087=VECTOR('',#7010,10.);
#2088=VECTOR('',#7013,10.);
#2089=VECTOR('',#7016,10.);
#2090=VECTOR('',#7019,10.);
#2091=VECTOR('',#7022,10.);
#2092=VECTOR('',#7025,10.);
#2093=VECTOR('',#7028,10.);
#2094=VECTOR('',#7033,10.);
#2095=VECTOR('',#7034,10.);
#2096=VECTOR('',#7037,10.);
#2097=VECTOR('',#7040,10.);
#2098=VECTOR('',#7043,10.);
#2099=VECTOR('',#7046,10.);
#2100=VECTOR('',#7049,10.);
#2101=VECTOR('',#7052,10.);
#2102=VECTOR('',#7057,10.);
#2103=VECTOR('',#7058,10.);
#2104=VECTOR('',#7061,10.);
#2105=VECTOR('',#7064,10.);
#2106=VECTOR('',#7067,10.);
#2107=VECTOR('',#7070,10.);
#2108=VECTOR('',#7073,10.);
#2109=VECTOR('',#7076,10.);
#2110=VECTOR('',#7081,1.45);
#2111=VECTOR('',#7084,1.45);
#2112=VECTOR('',#7087,1.45);
#2113=VECTOR('',#7090,1.45);
#2114=VERTEX_POINT('',#7093);
#2115=VERTEX_POINT('',#7094);
#2116=VERTEX_POINT('',#7096);
#2117=VERTEX_POINT('',#7098);
#2118=VERTEX_POINT('',#7102);
#2119=VERTEX_POINT('',#7104);
#2120=VERTEX_POINT('',#7108);
#2121=VERTEX_POINT('',#7111);
#2122=VERTEX_POINT('',#7112);
#2123=VERTEX_POINT('',#7114);
#2124=VERTEX_POINT('',#7116);
#2125=VERTEX_POINT('',#7120);
#2126=VERTEX_POINT('',#7126);
#2127=VERTEX_POINT('',#7127);
#2128=VERTEX_POINT('',#7129);
#2129=VERTEX_POINT('',#7131);
#2130=VERTEX_POINT('',#7135);
#2131=VERTEX_POINT('',#7137);
#2132=VERTEX_POINT('',#7144);
#2133=VERTEX_POINT('',#7145);
#2134=VERTEX_POINT('',#7147);
#2135=VERTEX_POINT('',#7149);
#2136=VERTEX_POINT('',#7153);
#2137=VERTEX_POINT('',#7155);
#2138=VERTEX_POINT('',#7159);
#2139=VERTEX_POINT('',#7161);
#2140=VERTEX_POINT('',#7165);
#2141=VERTEX_POINT('',#7167);
#2142=VERTEX_POINT('',#7171);
#2143=VERTEX_POINT('',#7173);
#2144=VERTEX_POINT('',#7177);
#2145=VERTEX_POINT('',#7179);
#2146=VERTEX_POINT('',#7183);
#2147=VERTEX_POINT('',#7185);
#2148=VERTEX_POINT('',#7202);
#2149=VERTEX_POINT('',#7203);
#2150=VERTEX_POINT('',#7209);
#2151=VERTEX_POINT('',#7211);
#2152=VERTEX_POINT('',#7228);
#2153=VERTEX_POINT('',#7234);
#2154=VERTEX_POINT('',#7251);
#2155=VERTEX_POINT('',#7257);
#2156=VERTEX_POINT('',#7274);
#2157=VERTEX_POINT('',#7280);
#2158=VERTEX_POINT('',#7297);
#2159=VERTEX_POINT('',#7303);
#2160=VERTEX_POINT('',#7320);
#2161=VERTEX_POINT('',#7326);
#2162=VERTEX_POINT('',#7343);
#2163=VERTEX_POINT('',#7349);
#2164=VERTEX_POINT('',#7366);
#2165=VERTEX_POINT('',#7372);
#2166=VERTEX_POINT('',#7380);
#2167=VERTEX_POINT('',#7382);
#2168=VERTEX_POINT('',#7386);
#2169=VERTEX_POINT('',#7388);
#2170=VERTEX_POINT('',#7395);
#2171=VERTEX_POINT('',#7396);
#2172=VERTEX_POINT('',#7398);
#2173=VERTEX_POINT('',#7400);
#2174=VERTEX_POINT('',#7413);
#2175=VERTEX_POINT('',#7419);
#2176=VERTEX_POINT('',#7436);
#2177=VERTEX_POINT('',#7442);
#2178=VERTEX_POINT('',#7459);
#2179=VERTEX_POINT('',#7465);
#2180=VERTEX_POINT('',#7482);
#2181=VERTEX_POINT('',#7488);
#2182=VERTEX_POINT('',#7505);
#2183=VERTEX_POINT('',#7511);
#2184=VERTEX_POINT('',#7528);
#2185=VERTEX_POINT('',#7534);
#2186=VERTEX_POINT('',#7551);
#2187=VERTEX_POINT('',#7557);
#2188=VERTEX_POINT('',#7574);
#2189=VERTEX_POINT('',#7580);
#2190=VERTEX_POINT('',#7588);
#2191=VERTEX_POINT('',#7590);
#2192=VERTEX_POINT('',#7607);
#2193=VERTEX_POINT('',#7608);
#2194=VERTEX_POINT('',#7614);
#2195=VERTEX_POINT('',#7616);
#2196=VERTEX_POINT('',#7633);
#2197=VERTEX_POINT('',#7639);
#2198=VERTEX_POINT('',#7656);
#2199=VERTEX_POINT('',#7662);
#2200=VERTEX_POINT('',#7679);
#2201=VERTEX_POINT('',#7685);
#2202=VERTEX_POINT('',#7702);
#2203=VERTEX_POINT('',#7708);
#2204=VERTEX_POINT('',#7725);
#2205=VERTEX_POINT('',#7731);
#2206=VERTEX_POINT('',#7739);
#2207=VERTEX_POINT('',#7741);
#2208=VERTEX_POINT('',#7745);
#2209=VERTEX_POINT('',#7747);
#2210=VERTEX_POINT('',#7754);
#2211=VERTEX_POINT('',#7755);
#2212=VERTEX_POINT('',#7757);
#2213=VERTEX_POINT('',#7759);
#2214=VERTEX_POINT('',#7763);
#2215=VERTEX_POINT('',#7765);
#2216=VERTEX_POINT('',#7778);
#2217=VERTEX_POINT('',#7784);
#2218=VERTEX_POINT('',#7801);
#2219=VERTEX_POINT('',#7807);
#2220=VERTEX_POINT('',#7824);
#2221=VERTEX_POINT('',#7830);
#2222=VERTEX_POINT('',#7847);
#2223=VERTEX_POINT('',#7853);
#2224=VERTEX_POINT('',#7870);
#2225=VERTEX_POINT('',#7876);
#2226=VERTEX_POINT('',#7893);
#2227=VERTEX_POINT('',#7899);
#2228=VERTEX_POINT('',#7916);
#2229=VERTEX_POINT('',#7922);
#2230=VERTEX_POINT('',#7930);
#2231=VERTEX_POINT('',#7932);
#2232=VERTEX_POINT('',#7936);
#2233=VERTEX_POINT('',#7938);
#2234=VERTEX_POINT('',#7946);
#2235=VERTEX_POINT('',#7947);
#2236=VERTEX_POINT('',#7949);
#2237=VERTEX_POINT('',#7951);
#2238=VERTEX_POINT('',#7955);
#2239=VERTEX_POINT('',#7957);
#2240=VERTEX_POINT('',#7964);
#2241=VERTEX_POINT('',#7965);
#2242=VERTEX_POINT('',#7967);
#2243=VERTEX_POINT('',#7969);
#2244=VERTEX_POINT('',#7973);
#2245=VERTEX_POINT('',#7975);
#2246=VERTEX_POINT('',#7979);
#2247=VERTEX_POINT('',#7981);
#2248=VERTEX_POINT('',#7985);
#2249=VERTEX_POINT('',#7987);
#2250=VERTEX_POINT('',#7991);
#2251=VERTEX_POINT('',#7993);
#2252=VERTEX_POINT('',#7997);
#2253=VERTEX_POINT('',#7999);
#2254=VERTEX_POINT('',#8003);
#2255=VERTEX_POINT('',#8005);
#2256=VERTEX_POINT('',#8013);
#2257=VERTEX_POINT('',#8014);
#2258=VERTEX_POINT('',#8016);
#2259=VERTEX_POINT('',#8018);
#2260=VERTEX_POINT('',#8022);
#2261=VERTEX_POINT('',#8024);
#2262=VERTEX_POINT('',#8028);
#2263=VERTEX_POINT('',#8030);
#2264=VERTEX_POINT('',#8034);
#2265=VERTEX_POINT('',#8036);
#2266=VERTEX_POINT('',#8040);
#2267=VERTEX_POINT('',#8042);
#2268=VERTEX_POINT('',#8046);
#2269=VERTEX_POINT('',#8048);
#2270=VERTEX_POINT('',#8052);
#2271=VERTEX_POINT('',#8054);
#2272=VERTEX_POINT('',#8058);
#2273=VERTEX_POINT('',#8060);
#2274=VERTEX_POINT('',#8064);
#2275=VERTEX_POINT('',#8066);
#2276=VERTEX_POINT('',#8070);
#2277=VERTEX_POINT('',#8072);
#2278=VERTEX_POINT('',#8076);
#2279=VERTEX_POINT('',#8078);
#2280=VERTEX_POINT('',#8095);
#2281=VERTEX_POINT('',#8096);
#2282=VERTEX_POINT('',#8102);
#2283=VERTEX_POINT('',#8104);
#2284=VERTEX_POINT('',#8121);
#2285=VERTEX_POINT('',#8127);
#2286=VERTEX_POINT('',#8144);
#2287=VERTEX_POINT('',#8150);
#2288=VERTEX_POINT('',#8167);
#2289=VERTEX_POINT('',#8173);
#2290=VERTEX_POINT('',#8190);
#2291=VERTEX_POINT('',#8196);
#2292=VERTEX_POINT('',#8213);
#2293=VERTEX_POINT('',#8219);
#2294=VERTEX_POINT('',#8236);
#2295=VERTEX_POINT('',#8242);
#2296=VERTEX_POINT('',#8250);
#2297=VERTEX_POINT('',#8252);
#2298=VERTEX_POINT('',#8265);
#2299=VERTEX_POINT('',#8271);
#2300=VERTEX_POINT('',#8288);
#2301=VERTEX_POINT('',#8294);
#2302=VERTEX_POINT('',#8311);
#2303=VERTEX_POINT('',#8317);
#2304=VERTEX_POINT('',#8334);
#2305=VERTEX_POINT('',#8340);
#2306=VERTEX_POINT('',#8357);
#2307=VERTEX_POINT('',#8363);
#2308=VERTEX_POINT('',#8380);
#2309=VERTEX_POINT('',#8386);
#2310=VERTEX_POINT('',#8403);
#2311=VERTEX_POINT('',#8409);
#2312=VERTEX_POINT('',#8426);
#2313=VERTEX_POINT('',#8432);
#2314=VERTEX_POINT('',#8440);
#2315=VERTEX_POINT('',#8442);
#2316=VERTEX_POINT('',#8467);
#2317=VERTEX_POINT('',#8468);
#2318=VERTEX_POINT('',#8470);
#2319=VERTEX_POINT('',#8472);
#2320=VERTEX_POINT('',#8476);
#2321=VERTEX_POINT('',#8478);
#2322=VERTEX_POINT('',#8482);
#2323=VERTEX_POINT('',#8484);
#2324=VERTEX_POINT('',#8488);
#2325=VERTEX_POINT('',#8490);
#2326=VERTEX_POINT('',#8494);
#2327=VERTEX_POINT('',#8496);
#2328=VERTEX_POINT('',#8500);
#2329=VERTEX_POINT('',#8502);
#2330=VERTEX_POINT('',#8506);
#2331=VERTEX_POINT('',#8508);
#2332=VERTEX_POINT('',#8512);
#2333=VERTEX_POINT('',#8514);
#2334=VERTEX_POINT('',#8518);
#2335=VERTEX_POINT('',#8520);
#2336=VERTEX_POINT('',#8524);
#2337=VERTEX_POINT('',#8526);
#2338=VERTEX_POINT('',#8530);
#2339=VERTEX_POINT('',#8532);
#2340=VERTEX_POINT('',#8544);
#2341=VERTEX_POINT('',#8545);
#2342=VERTEX_POINT('',#8547);
#2343=VERTEX_POINT('',#8549);
#2344=VERTEX_POINT('',#8553);
#2345=VERTEX_POINT('',#8555);
#2346=VERTEX_POINT('',#8557);
#2347=VERTEX_POINT('',#8561);
#2348=VERTEX_POINT('',#8563);
#2349=VERTEX_POINT('',#8565);
#2350=VERTEX_POINT('',#8569);
#2351=VERTEX_POINT('',#8571);
#2352=VERTEX_POINT('',#8584);
#2353=VERTEX_POINT('',#8586);
#2354=VERTEX_POINT('',#8590);
#2355=VERTEX_POINT('',#8594);
#2356=VERTEX_POINT('',#8598);
#2357=VERTEX_POINT('',#8602);
#2358=VERTEX_POINT('',#8604);
#2359=VERTEX_POINT('',#8606);
#2360=VERTEX_POINT('',#8607);
#2361=VERTEX_POINT('',#8609);
#2362=VERTEX_POINT('',#8611);
#2363=VERTEX_POINT('',#8613);
#2364=VERTEX_POINT('',#8615);
#2365=VERTEX_POINT('',#8617);
#2366=VERTEX_POINT('',#8619);
#2367=VERTEX_POINT('',#8622);
#2368=VERTEX_POINT('',#8623);
#2369=VERTEX_POINT('',#8625);
#2370=VERTEX_POINT('',#8627);
#2371=VERTEX_POINT('',#8629);
#2372=VERTEX_POINT('',#8631);
#2373=VERTEX_POINT('',#8633);
#2374=VERTEX_POINT('',#8635);
#2375=VERTEX_POINT('',#8638);
#2376=VERTEX_POINT('',#8639);
#2377=VERTEX_POINT('',#8641);
#2378=VERTEX_POINT('',#8643);
#2379=VERTEX_POINT('',#8645);
#2380=VERTEX_POINT('',#8647);
#2381=VERTEX_POINT('',#8649);
#2382=VERTEX_POINT('',#8651);
#2383=VERTEX_POINT('',#8654);
#2384=VERTEX_POINT('',#8655);
#2385=VERTEX_POINT('',#8657);
#2386=VERTEX_POINT('',#8659);
#2387=VERTEX_POINT('',#8661);
#2388=VERTEX_POINT('',#8663);
#2389=VERTEX_POINT('',#8665);
#2390=VERTEX_POINT('',#8667);
#2391=VERTEX_POINT('',#8670);
#2392=VERTEX_POINT('',#8671);
#2393=VERTEX_POINT('',#8673);
#2394=VERTEX_POINT('',#8675);
#2395=VERTEX_POINT('',#8677);
#2396=VERTEX_POINT('',#8679);
#2397=VERTEX_POINT('',#8681);
#2398=VERTEX_POINT('',#8683);
#2399=VERTEX_POINT('',#8686);
#2400=VERTEX_POINT('',#8687);
#2401=VERTEX_POINT('',#8689);
#2402=VERTEX_POINT('',#8691);
#2403=VERTEX_POINT('',#8693);
#2404=VERTEX_POINT('',#8695);
#2405=VERTEX_POINT('',#8697);
#2406=VERTEX_POINT('',#8699);
#2407=VERTEX_POINT('',#8702);
#2408=VERTEX_POINT('',#8703);
#2409=VERTEX_POINT('',#8705);
#2410=VERTEX_POINT('',#8707);
#2411=VERTEX_POINT('',#8709);
#2412=VERTEX_POINT('',#8711);
#2413=VERTEX_POINT('',#8713);
#2414=VERTEX_POINT('',#8715);
#2415=VERTEX_POINT('',#8718);
#2416=VERTEX_POINT('',#8719);
#2417=VERTEX_POINT('',#8721);
#2418=VERTEX_POINT('',#8723);
#2419=VERTEX_POINT('',#8725);
#2420=VERTEX_POINT('',#8727);
#2421=VERTEX_POINT('',#8729);
#2422=VERTEX_POINT('',#8731);
#2423=VERTEX_POINT('',#8734);
#2424=VERTEX_POINT('',#8735);
#2425=VERTEX_POINT('',#8737);
#2426=VERTEX_POINT('',#8739);
#2427=VERTEX_POINT('',#8741);
#2428=VERTEX_POINT('',#8743);
#2429=VERTEX_POINT('',#8745);
#2430=VERTEX_POINT('',#8747);
#2431=VERTEX_POINT('',#8750);
#2432=VERTEX_POINT('',#8751);
#2433=VERTEX_POINT('',#8753);
#2434=VERTEX_POINT('',#8755);
#2435=VERTEX_POINT('',#8757);
#2436=VERTEX_POINT('',#8759);
#2437=VERTEX_POINT('',#8761);
#2438=VERTEX_POINT('',#8763);
#2439=VERTEX_POINT('',#8766);
#2440=VERTEX_POINT('',#8767);
#2441=VERTEX_POINT('',#8769);
#2442=VERTEX_POINT('',#8771);
#2443=VERTEX_POINT('',#8773);
#2444=VERTEX_POINT('',#8775);
#2445=VERTEX_POINT('',#8777);
#2446=VERTEX_POINT('',#8779);
#2447=VERTEX_POINT('',#8782);
#2448=VERTEX_POINT('',#8783);
#2449=VERTEX_POINT('',#8785);
#2450=VERTEX_POINT('',#8787);
#2451=VERTEX_POINT('',#8789);
#2452=VERTEX_POINT('',#8791);
#2453=VERTEX_POINT('',#8793);
#2454=VERTEX_POINT('',#8795);
#2455=VERTEX_POINT('',#8798);
#2456=VERTEX_POINT('',#8799);
#2457=VERTEX_POINT('',#8801);
#2458=VERTEX_POINT('',#8803);
#2459=VERTEX_POINT('',#8805);
#2460=VERTEX_POINT('',#8807);
#2461=VERTEX_POINT('',#8809);
#2462=VERTEX_POINT('',#8811);
#2463=VERTEX_POINT('',#8814);
#2464=VERTEX_POINT('',#8815);
#2465=VERTEX_POINT('',#8817);
#2466=VERTEX_POINT('',#8819);
#2467=VERTEX_POINT('',#8821);
#2468=VERTEX_POINT('',#8823);
#2469=VERTEX_POINT('',#8825);
#2470=VERTEX_POINT('',#8827);
#2471=VERTEX_POINT('',#8830);
#2472=VERTEX_POINT('',#8831);
#2473=VERTEX_POINT('',#8833);
#2474=VERTEX_POINT('',#8835);
#2475=VERTEX_POINT('',#8837);
#2476=VERTEX_POINT('',#8839);
#2477=VERTEX_POINT('',#8841);
#2478=VERTEX_POINT('',#8843);
#2479=VERTEX_POINT('',#8846);
#2480=VERTEX_POINT('',#8847);
#2481=VERTEX_POINT('',#8849);
#2482=VERTEX_POINT('',#8851);
#2483=VERTEX_POINT('',#8853);
#2484=VERTEX_POINT('',#8855);
#2485=VERTEX_POINT('',#8857);
#2486=VERTEX_POINT('',#8859);
#2487=VERTEX_POINT('',#8862);
#2488=VERTEX_POINT('',#8864);
#2489=VERTEX_POINT('',#8867);
#2490=VERTEX_POINT('',#8869);
#2491=VERTEX_POINT('',#8871);
#2492=VERTEX_POINT('',#8874);
#2493=VERTEX_POINT('',#8875);
#2494=VERTEX_POINT('',#8877);
#2495=VERTEX_POINT('',#8879);
#2496=VERTEX_POINT('',#8882);
#2497=VERTEX_POINT('',#8883);
#2498=VERTEX_POINT('',#8885);
#2499=VERTEX_POINT('',#8887);
#2500=VERTEX_POINT('',#8889);
#2501=VERTEX_POINT('',#8891);
#2502=VERTEX_POINT('',#8893);
#2503=VERTEX_POINT('',#8895);
#2504=VERTEX_POINT('',#8898);
#2505=VERTEX_POINT('',#8899);
#2506=VERTEX_POINT('',#8901);
#2507=VERTEX_POINT('',#8903);
#2508=VERTEX_POINT('',#8905);
#2509=VERTEX_POINT('',#8907);
#2510=VERTEX_POINT('',#8909);
#2511=VERTEX_POINT('',#8911);
#2512=VERTEX_POINT('',#8914);
#2513=VERTEX_POINT('',#8915);
#2514=VERTEX_POINT('',#8917);
#2515=VERTEX_POINT('',#8919);
#2516=VERTEX_POINT('',#8921);
#2517=VERTEX_POINT('',#8923);
#2518=VERTEX_POINT('',#8925);
#2519=VERTEX_POINT('',#8927);
#2520=VERTEX_POINT('',#8930);
#2521=VERTEX_POINT('',#8931);
#2522=VERTEX_POINT('',#8933);
#2523=VERTEX_POINT('',#8935);
#2524=VERTEX_POINT('',#8937);
#2525=VERTEX_POINT('',#8939);
#2526=VERTEX_POINT('',#8941);
#2527=VERTEX_POINT('',#8943);
#2528=VERTEX_POINT('',#8946);
#2529=VERTEX_POINT('',#8947);
#2530=VERTEX_POINT('',#8949);
#2531=VERTEX_POINT('',#8951);
#2532=VERTEX_POINT('',#8953);
#2533=VERTEX_POINT('',#8955);
#2534=VERTEX_POINT('',#8957);
#2535=VERTEX_POINT('',#8959);
#2536=VERTEX_POINT('',#8962);
#2537=VERTEX_POINT('',#8963);
#2538=VERTEX_POINT('',#8965);
#2539=VERTEX_POINT('',#8967);
#2540=VERTEX_POINT('',#8969);
#2541=VERTEX_POINT('',#8971);
#2542=VERTEX_POINT('',#8973);
#2543=VERTEX_POINT('',#8975);
#2544=VERTEX_POINT('',#8978);
#2545=VERTEX_POINT('',#8979);
#2546=VERTEX_POINT('',#8981);
#2547=VERTEX_POINT('',#8983);
#2548=VERTEX_POINT('',#8985);
#2549=VERTEX_POINT('',#8987);
#2550=VERTEX_POINT('',#8989);
#2551=VERTEX_POINT('',#8991);
#2552=VERTEX_POINT('',#8994);
#2553=VERTEX_POINT('',#8995);
#2554=VERTEX_POINT('',#8997);
#2555=VERTEX_POINT('',#8999);
#2556=VERTEX_POINT('',#9001);
#2557=VERTEX_POINT('',#9003);
#2558=VERTEX_POINT('',#9005);
#2559=VERTEX_POINT('',#9007);
#2560=VERTEX_POINT('',#9010);
#2561=VERTEX_POINT('',#9011);
#2562=VERTEX_POINT('',#9013);
#2563=VERTEX_POINT('',#9015);
#2564=VERTEX_POINT('',#9017);
#2565=VERTEX_POINT('',#9019);
#2566=VERTEX_POINT('',#9021);
#2567=VERTEX_POINT('',#9023);
#2568=VERTEX_POINT('',#9026);
#2569=VERTEX_POINT('',#9027);
#2570=VERTEX_POINT('',#9029);
#2571=VERTEX_POINT('',#9031);
#2572=VERTEX_POINT('',#9033);
#2573=VERTEX_POINT('',#9035);
#2574=VERTEX_POINT('',#9037);
#2575=VERTEX_POINT('',#9039);
#2576=VERTEX_POINT('',#9042);
#2577=VERTEX_POINT('',#9043);
#2578=VERTEX_POINT('',#9045);
#2579=VERTEX_POINT('',#9047);
#2580=VERTEX_POINT('',#9049);
#2581=VERTEX_POINT('',#9051);
#2582=VERTEX_POINT('',#9053);
#2583=VERTEX_POINT('',#9055);
#2584=VERTEX_POINT('',#9058);
#2585=VERTEX_POINT('',#9059);
#2586=VERTEX_POINT('',#9061);
#2587=VERTEX_POINT('',#9063);
#2588=VERTEX_POINT('',#9065);
#2589=VERTEX_POINT('',#9067);
#2590=VERTEX_POINT('',#9069);
#2591=VERTEX_POINT('',#9071);
#2592=VERTEX_POINT('',#9074);
#2593=VERTEX_POINT('',#9075);
#2594=VERTEX_POINT('',#9077);
#2595=VERTEX_POINT('',#9079);
#2596=VERTEX_POINT('',#9081);
#2597=VERTEX_POINT('',#9083);
#2598=VERTEX_POINT('',#9085);
#2599=VERTEX_POINT('',#9087);
#2600=VERTEX_POINT('',#9090);
#2601=VERTEX_POINT('',#9091);
#2602=VERTEX_POINT('',#9093);
#2603=VERTEX_POINT('',#9095);
#2604=VERTEX_POINT('',#9097);
#2605=VERTEX_POINT('',#9099);
#2606=VERTEX_POINT('',#9101);
#2607=VERTEX_POINT('',#9103);
#2608=VERTEX_POINT('',#9106);
#2609=VERTEX_POINT('',#9107);
#2610=VERTEX_POINT('',#9109);
#2611=VERTEX_POINT('',#9111);
#2612=VERTEX_POINT('',#9113);
#2613=VERTEX_POINT('',#9115);
#2614=VERTEX_POINT('',#9117);
#2615=VERTEX_POINT('',#9119);
#2616=VERTEX_POINT('',#9122);
#2617=VERTEX_POINT('',#9123);
#2618=VERTEX_POINT('',#9125);
#2619=VERTEX_POINT('',#9127);
#2620=VERTEX_POINT('',#9129);
#2621=VERTEX_POINT('',#9131);
#2622=VERTEX_POINT('',#9133);
#2623=VERTEX_POINT('',#9135);
#2624=VERTEX_POINT('',#9138);
#2625=VERTEX_POINT('',#9140);
#2626=VERTEX_POINT('',#9142);
#2627=VERTEX_POINT('',#9144);
#2628=EDGE_CURVE('',#2114,#2115,#1044,.T.);
#2629=EDGE_CURVE('',#2116,#2114,#1045,.T.);
#2630=EDGE_CURVE('',#2117,#2116,#1046,.T.);
#2631=EDGE_CURVE('',#2117,#2115,#1047,.T.);
#2632=EDGE_CURVE('',#2118,#2116,#1048,.T.);
#2633=EDGE_CURVE('',#2118,#2119,#1049,.T.);
#2634=EDGE_CURVE('',#2119,#2117,#1050,.T.);
#2635=EDGE_CURVE('',#2114,#2120,#1051,.T.);
#2636=EDGE_CURVE('',#2120,#2118,#1052,.T.);
#2637=EDGE_CURVE('',#2121,#2122,#1053,.T.);
#2638=EDGE_CURVE('',#2122,#2123,#1054,.T.);
#2639=EDGE_CURVE('',#2123,#2124,#1055,.T.);
#2640=EDGE_CURVE('',#2124,#2121,#1056,.T.);
#2641=EDGE_CURVE('',#2115,#2125,#1057,.T.);
#2642=EDGE_CURVE('',#2120,#2125,#1058,.T.);
#2643=EDGE_CURVE('',#2125,#2119,#1059,.T.);
#2644=EDGE_CURVE('',#2126,#2127,#1060,.T.);
#2645=EDGE_CURVE('',#2126,#2128,#1061,.T.);
#2646=EDGE_CURVE('',#2128,#2129,#1062,.T.);
#2647=EDGE_CURVE('',#2127,#2129,#1063,.T.);
#2648=EDGE_CURVE('',#2130,#2126,#1064,.T.);
#2649=EDGE_CURVE('',#2130,#2131,#1065,.T.);
#2650=EDGE_CURVE('',#2131,#2128,#1066,.T.);
#2651=EDGE_CURVE('',#2127,#2130,#1067,.T.);
#2652=EDGE_CURVE('',#2129,#2131,#1068,.T.);
#2653=EDGE_CURVE('',#2132,#2133,#1069,.T.);
#2654=EDGE_CURVE('',#2132,#2134,#1070,.T.);
#2655=EDGE_CURVE('',#2134,#2135,#1071,.T.);
#2656=EDGE_CURVE('',#2133,#2135,#1072,.T.);
#2657=EDGE_CURVE('',#2136,#2132,#1073,.T.);
#2658=EDGE_CURVE('',#2136,#2137,#1074,.T.);
#2659=EDGE_CURVE('',#2137,#2134,#1075,.T.);
#2660=EDGE_CURVE('',#2138,#2136,#1076,.T.);
#2661=EDGE_CURVE('',#2138,#2139,#1077,.T.);
#2662=EDGE_CURVE('',#2139,#2137,#1078,.T.);
#2663=EDGE_CURVE('',#2140,#2138,#1079,.T.);
#2664=EDGE_CURVE('',#2140,#2141,#1080,.T.);
#2665=EDGE_CURVE('',#2141,#2139,#1081,.T.);
#2666=EDGE_CURVE('',#2142,#2140,#1082,.T.);
#2667=EDGE_CURVE('',#2142,#2143,#1083,.T.);
#2668=EDGE_CURVE('',#2143,#2141,#1084,.T.);
#2669=EDGE_CURVE('',#2144,#2142,#1085,.T.);
#2670=EDGE_CURVE('',#2144,#2145,#1086,.T.);
#2671=EDGE_CURVE('',#2145,#2143,#1087,.T.);
#2672=EDGE_CURVE('',#2146,#2144,#1088,.T.);
#2673=EDGE_CURVE('',#2146,#2147,#1089,.T.);
#2674=EDGE_CURVE('',#2147,#2145,#1090,.T.);
#2675=EDGE_CURVE('',#2133,#2146,#1091,.T.);
#2676=EDGE_CURVE('',#2135,#2147,#1092,.T.);
#2677=EDGE_CURVE('',#2148,#2149,#247,.T.);
#2678=EDGE_CURVE('',#2148,#2150,#1093,.T.);
#2679=EDGE_CURVE('',#2150,#2151,#248,.T.);
#2680=EDGE_CURVE('',#2149,#2151,#1094,.T.);
#2681=EDGE_CURVE('',#2152,#2148,#249,.T.);
#2682=EDGE_CURVE('',#2152,#2153,#1095,.T.);
#2683=EDGE_CURVE('',#2153,#2150,#250,.T.);
#2684=EDGE_CURVE('',#2154,#2152,#251,.T.);
#2685=EDGE_CURVE('',#2154,#2155,#1096,.T.);
#2686=EDGE_CURVE('',#2155,#2153,#252,.T.);
#2687=EDGE_CURVE('',#2156,#2154,#253,.T.);
#2688=EDGE_CURVE('',#2156,#2157,#1097,.T.);
#2689=EDGE_CURVE('',#2157,#2155,#254,.T.);
#2690=EDGE_CURVE('',#2158,#2156,#255,.T.);
#2691=EDGE_CURVE('',#2158,#2159,#1098,.T.);
#2692=EDGE_CURVE('',#2159,#2157,#256,.T.);
#2693=EDGE_CURVE('',#2160,#2158,#257,.T.);
#2694=EDGE_CURVE('',#2160,#2161,#1099,.T.);
#2695=EDGE_CURVE('',#2161,#2159,#258,.T.);
#2696=EDGE_CURVE('',#2162,#2160,#259,.T.);
#2697=EDGE_CURVE('',#2162,#2163,#1100,.T.);
#2698=EDGE_CURVE('',#2163,#2161,#260,.T.);
#2699=EDGE_CURVE('',#2164,#2162,#261,.T.);
#2700=EDGE_CURVE('',#2164,#2165,#1101,.T.);
#2701=EDGE_CURVE('',#2165,#2163,#262,.T.);
#2702=EDGE_CURVE('',#2166,#2164,#1102,.T.);
#2703=EDGE_CURVE('',#2166,#2167,#1103,.T.);
#2704=EDGE_CURVE('',#2167,#2165,#1104,.T.);
#2705=EDGE_CURVE('',#2168,#2166,#1105,.T.);
#2706=EDGE_CURVE('',#2168,#2169,#1106,.T.);
#2707=EDGE_CURVE('',#2169,#2167,#1107,.T.);
#2708=EDGE_CURVE('',#2149,#2168,#1108,.T.);
#2709=EDGE_CURVE('',#2151,#2169,#1109,.T.);
#2710=EDGE_CURVE('',#2170,#2171,#1110,.T.);
#2711=EDGE_CURVE('',#2170,#2172,#1111,.T.);
#2712=EDGE_CURVE('',#2172,#2173,#1112,.T.);
#2713=EDGE_CURVE('',#2171,#2173,#1113,.T.);
#2714=EDGE_CURVE('',#2174,#2170,#263,.T.);
#2715=EDGE_CURVE('',#2174,#2175,#1114,.T.);
#2716=EDGE_CURVE('',#2175,#2172,#264,.T.);
#2717=EDGE_CURVE('',#2176,#2174,#265,.T.);
#2718=EDGE_CURVE('',#2176,#2177,#1115,.T.);
#2719=EDGE_CURVE('',#2177,#2175,#266,.T.);
#2720=EDGE_CURVE('',#2178,#2176,#267,.T.);
#2721=EDGE_CURVE('',#2178,#2179,#1116,.T.);
#2722=EDGE_CURVE('',#2179,#2177,#268,.T.);
#2723=EDGE_CURVE('',#2180,#2178,#269,.T.);
#2724=EDGE_CURVE('',#2180,#2181,#1117,.T.);
#2725=EDGE_CURVE('',#2181,#2179,#270,.T.);
#2726=EDGE_CURVE('',#2182,#2180,#271,.T.);
#2727=EDGE_CURVE('',#2182,#2183,#1118,.T.);
#2728=EDGE_CURVE('',#2183,#2181,#272,.T.);
#2729=EDGE_CURVE('',#2184,#2182,#273,.T.);
#2730=EDGE_CURVE('',#2184,#2185,#1119,.T.);
#2731=EDGE_CURVE('',#2185,#2183,#274,.T.);
#2732=EDGE_CURVE('',#2186,#2184,#275,.T.);
#2733=EDGE_CURVE('',#2186,#2187,#1120,.T.);
#2734=EDGE_CURVE('',#2187,#2185,#276,.T.);
#2735=EDGE_CURVE('',#2188,#2186,#277,.T.);
#2736=EDGE_CURVE('',#2188,#2189,#1121,.T.);
#2737=EDGE_CURVE('',#2189,#2187,#278,.T.);
#2738=EDGE_CURVE('',#2190,#2188,#1122,.T.);
#2739=EDGE_CURVE('',#2190,#2191,#1123,.T.);
#2740=EDGE_CURVE('',#2191,#2189,#1124,.T.);
#2741=EDGE_CURVE('',#2171,#2190,#1125,.T.);
#2742=EDGE_CURVE('',#2173,#2191,#1126,.T.);
#2743=EDGE_CURVE('',#2192,#2193,#279,.T.);
#2744=EDGE_CURVE('',#2192,#2194,#1127,.T.);
#2745=EDGE_CURVE('',#2194,#2195,#280,.T.);
#2746=EDGE_CURVE('',#2193,#2195,#1128,.T.);
#2747=EDGE_CURVE('',#2196,#2192,#281,.T.);
#2748=EDGE_CURVE('',#2196,#2197,#1129,.T.);
#2749=EDGE_CURVE('',#2197,#2194,#282,.T.);
#2750=EDGE_CURVE('',#2198,#2196,#283,.T.);
#2751=EDGE_CURVE('',#2198,#2199,#1130,.T.);
#2752=EDGE_CURVE('',#2199,#2197,#284,.T.);
#2753=EDGE_CURVE('',#2200,#2198,#285,.T.);
#2754=EDGE_CURVE('',#2200,#2201,#1131,.T.);
#2755=EDGE_CURVE('',#2201,#2199,#286,.T.);
#2756=EDGE_CURVE('',#2202,#2200,#287,.T.);
#2757=EDGE_CURVE('',#2202,#2203,#1132,.T.);
#2758=EDGE_CURVE('',#2203,#2201,#288,.T.);
#2759=EDGE_CURVE('',#2204,#2202,#289,.T.);
#2760=EDGE_CURVE('',#2204,#2205,#1133,.T.);
#2761=EDGE_CURVE('',#2205,#2203,#290,.T.);
#2762=EDGE_CURVE('',#2206,#2204,#1134,.T.);
#2763=EDGE_CURVE('',#2206,#2207,#1135,.T.);
#2764=EDGE_CURVE('',#2207,#2205,#1136,.T.);
#2765=EDGE_CURVE('',#2208,#2206,#1137,.T.);
#2766=EDGE_CURVE('',#2208,#2209,#1138,.T.);
#2767=EDGE_CURVE('',#2209,#2207,#1139,.T.);
#2768=EDGE_CURVE('',#2193,#2208,#1140,.T.);
#2769=EDGE_CURVE('',#2195,#2209,#1141,.T.);
#2770=EDGE_CURVE('',#2210,#2211,#1142,.T.);
#2771=EDGE_CURVE('',#2210,#2212,#1143,.T.);
#2772=EDGE_CURVE('',#2212,#2213,#1144,.T.);
#2773=EDGE_CURVE('',#2211,#2213,#1145,.T.);
#2774=EDGE_CURVE('',#2214,#2210,#1146,.T.);
#2775=EDGE_CURVE('',#2214,#2215,#1147,.T.);
#2776=EDGE_CURVE('',#2215,#2212,#1148,.T.);
#2777=EDGE_CURVE('',#2216,#2214,#291,.T.);
#2778=EDGE_CURVE('',#2216,#2217,#1149,.T.);
#2779=EDGE_CURVE('',#2217,#2215,#292,.T.);
#2780=EDGE_CURVE('',#2218,#2216,#293,.T.);
#2781=EDGE_CURVE('',#2218,#2219,#1150,.T.);
#2782=EDGE_CURVE('',#2219,#2217,#294,.T.);
#2783=EDGE_CURVE('',#2220,#2218,#295,.T.);
#2784=EDGE_CURVE('',#2220,#2221,#1151,.T.);
#2785=EDGE_CURVE('',#2221,#2219,#296,.T.);
#2786=EDGE_CURVE('',#2222,#2220,#297,.T.);
#2787=EDGE_CURVE('',#2222,#2223,#1152,.T.);
#2788=EDGE_CURVE('',#2223,#2221,#298,.T.);
#2789=EDGE_CURVE('',#2224,#2222,#299,.T.);
#2790=EDGE_CURVE('',#2224,#2225,#1153,.T.);
#2791=EDGE_CURVE('',#2225,#2223,#300,.T.);
#2792=EDGE_CURVE('',#2226,#2224,#301,.T.);
#2793=EDGE_CURVE('',#2226,#2227,#1154,.T.);
#2794=EDGE_CURVE('',#2227,#2225,#302,.T.);
#2795=EDGE_CURVE('',#2228,#2226,#303,.T.);
#2796=EDGE_CURVE('',#2228,#2229,#1155,.T.);
#2797=EDGE_CURVE('',#2229,#2227,#304,.T.);
#2798=EDGE_CURVE('',#2230,#2228,#1156,.T.);
#2799=EDGE_CURVE('',#2230,#2231,#1157,.T.);
#2800=EDGE_CURVE('',#2231,#2229,#1158,.T.);
#2801=EDGE_CURVE('',#2232,#2230,#1159,.T.);
#2802=EDGE_CURVE('',#2232,#2233,#1160,.T.);
#2803=EDGE_CURVE('',#2233,#2231,#1161,.T.);
#2804=EDGE_CURVE('',#2211,#2232,#1162,.T.);
#2805=EDGE_CURVE('',#2213,#2233,#1163,.T.);
#2806=EDGE_CURVE('',#2234,#2235,#1164,.T.);
#2807=EDGE_CURVE('',#2234,#2236,#1165,.T.);
#2808=EDGE_CURVE('',#2236,#2237,#1166,.T.);
#2809=EDGE_CURVE('',#2235,#2237,#1167,.T.);
#2810=EDGE_CURVE('',#2238,#2234,#1168,.T.);
#2811=EDGE_CURVE('',#2238,#2239,#1169,.T.);
#2812=EDGE_CURVE('',#2239,#2236,#1170,.T.);
#2813=EDGE_CURVE('',#2235,#2238,#1171,.T.);
#2814=EDGE_CURVE('',#2237,#2239,#1172,.T.);
#2815=EDGE_CURVE('',#2240,#2241,#1173,.T.);
#2816=EDGE_CURVE('',#2240,#2242,#1174,.T.);
#2817=EDGE_CURVE('',#2242,#2243,#1175,.T.);
#2818=EDGE_CURVE('',#2241,#2243,#1176,.T.);
#2819=EDGE_CURVE('',#2244,#2240,#1177,.T.);
#2820=EDGE_CURVE('',#2244,#2245,#1178,.T.);
#2821=EDGE_CURVE('',#2245,#2242,#1179,.T.);
#2822=EDGE_CURVE('',#2246,#2244,#1180,.T.);
#2823=EDGE_CURVE('',#2246,#2247,#1181,.T.);
#2824=EDGE_CURVE('',#2247,#2245,#1182,.T.);
#2825=EDGE_CURVE('',#2248,#2246,#1183,.T.);
#2826=EDGE_CURVE('',#2248,#2249,#1184,.T.);
#2827=EDGE_CURVE('',#2249,#2247,#1185,.T.);
#2828=EDGE_CURVE('',#2250,#2248,#1186,.T.);
#2829=EDGE_CURVE('',#2250,#2251,#1187,.T.);
#2830=EDGE_CURVE('',#2251,#2249,#1188,.T.);
#2831=EDGE_CURVE('',#2252,#2250,#1189,.T.);
#2832=EDGE_CURVE('',#2252,#2253,#1190,.T.);
#2833=EDGE_CURVE('',#2253,#2251,#1191,.T.);
#2834=EDGE_CURVE('',#2254,#2252,#1192,.T.);
#2835=EDGE_CURVE('',#2254,#2255,#1193,.T.);
#2836=EDGE_CURVE('',#2255,#2253,#1194,.T.);
#2837=EDGE_CURVE('',#2241,#2254,#1195,.T.);
#2838=EDGE_CURVE('',#2243,#2255,#1196,.T.);
#2839=EDGE_CURVE('',#2256,#2257,#1197,.T.);
#2840=EDGE_CURVE('',#2256,#2258,#1198,.T.);
#2841=EDGE_CURVE('',#2258,#2259,#1199,.T.);
#2842=EDGE_CURVE('',#2257,#2259,#1200,.T.);
#2843=EDGE_CURVE('',#2260,#2256,#1201,.T.);
#2844=EDGE_CURVE('',#2260,#2261,#1202,.T.);
#2845=EDGE_CURVE('',#2261,#2258,#1203,.T.);
#2846=EDGE_CURVE('',#2262,#2260,#1204,.T.);
#2847=EDGE_CURVE('',#2262,#2263,#1205,.T.);
#2848=EDGE_CURVE('',#2263,#2261,#1206,.T.);
#2849=EDGE_CURVE('',#2264,#2262,#1207,.T.);
#2850=EDGE_CURVE('',#2264,#2265,#1208,.T.);
#2851=EDGE_CURVE('',#2265,#2263,#1209,.T.);
#2852=EDGE_CURVE('',#2266,#2264,#1210,.T.);
#2853=EDGE_CURVE('',#2266,#2267,#1211,.T.);
#2854=EDGE_CURVE('',#2267,#2265,#1212,.T.);
#2855=EDGE_CURVE('',#2268,#2266,#1213,.T.);
#2856=EDGE_CURVE('',#2268,#2269,#1214,.T.);
#2857=EDGE_CURVE('',#2269,#2267,#1215,.T.);
#2858=EDGE_CURVE('',#2270,#2268,#1216,.T.);
#2859=EDGE_CURVE('',#2270,#2271,#1217,.T.);
#2860=EDGE_CURVE('',#2271,#2269,#1218,.T.);
#2861=EDGE_CURVE('',#2272,#2270,#1219,.T.);
#2862=EDGE_CURVE('',#2272,#2273,#1220,.T.);
#2863=EDGE_CURVE('',#2273,#2271,#1221,.T.);
#2864=EDGE_CURVE('',#2274,#2272,#1222,.T.);
#2865=EDGE_CURVE('',#2274,#2275,#1223,.T.);
#2866=EDGE_CURVE('',#2275,#2273,#1224,.T.);
#2867=EDGE_CURVE('',#2276,#2274,#1225,.T.);
#2868=EDGE_CURVE('',#2276,#2277,#1226,.T.);
#2869=EDGE_CURVE('',#2277,#2275,#1227,.T.);
#2870=EDGE_CURVE('',#2278,#2276,#1228,.T.);
#2871=EDGE_CURVE('',#2278,#2279,#1229,.T.);
#2872=EDGE_CURVE('',#2279,#2277,#1230,.T.);
#2873=EDGE_CURVE('',#2257,#2278,#1231,.T.);
#2874=EDGE_CURVE('',#2259,#2279,#1232,.T.);
#2875=EDGE_CURVE('',#2280,#2281,#305,.T.);
#2876=EDGE_CURVE('',#2280,#2282,#1233,.T.);
#2877=EDGE_CURVE('',#2282,#2283,#306,.T.);
#2878=EDGE_CURVE('',#2281,#2283,#1234,.T.);
#2879=EDGE_CURVE('',#2284,#2280,#307,.T.);
#2880=EDGE_CURVE('',#2284,#2285,#1235,.T.);
#2881=EDGE_CURVE('',#2285,#2282,#308,.T.);
#2882=EDGE_CURVE('',#2286,#2284,#309,.T.);
#2883=EDGE_CURVE('',#2286,#2287,#1236,.T.);
#2884=EDGE_CURVE('',#2287,#2285,#310,.T.);
#2885=EDGE_CURVE('',#2288,#2286,#311,.T.);
#2886=EDGE_CURVE('',#2288,#2289,#1237,.T.);
#2887=EDGE_CURVE('',#2289,#2287,#312,.T.);
#2888=EDGE_CURVE('',#2290,#2288,#313,.T.);
#2889=EDGE_CURVE('',#2290,#2291,#1238,.T.);
#2890=EDGE_CURVE('',#2291,#2289,#314,.T.);
#2891=EDGE_CURVE('',#2292,#2290,#315,.T.);
#2892=EDGE_CURVE('',#2292,#2293,#1239,.T.);
#2893=EDGE_CURVE('',#2293,#2291,#316,.T.);
#2894=EDGE_CURVE('',#2294,#2292,#317,.T.);
#2895=EDGE_CURVE('',#2294,#2295,#1240,.T.);
#2896=EDGE_CURVE('',#2295,#2293,#318,.T.);
#2897=EDGE_CURVE('',#2296,#2294,#1241,.T.);
#2898=EDGE_CURVE('',#2296,#2297,#1242,.T.);
#2899=EDGE_CURVE('',#2297,#2295,#1243,.T.);
#2900=EDGE_CURVE('',#2298,#2296,#319,.T.);
#2901=EDGE_CURVE('',#2298,#2299,#1244,.T.);
#2902=EDGE_CURVE('',#2299,#2297,#320,.T.);
#2903=EDGE_CURVE('',#2300,#2298,#321,.T.);
#2904=EDGE_CURVE('',#2300,#2301,#1245,.T.);
#2905=EDGE_CURVE('',#2301,#2299,#322,.T.);
#2906=EDGE_CURVE('',#2302,#2300,#323,.T.);
#2907=EDGE_CURVE('',#2302,#2303,#1246,.T.);
#2908=EDGE_CURVE('',#2303,#2301,#324,.T.);
#2909=EDGE_CURVE('',#2304,#2302,#325,.T.);
#2910=EDGE_CURVE('',#2304,#2305,#1247,.T.);
#2911=EDGE_CURVE('',#2305,#2303,#326,.T.);
#2912=EDGE_CURVE('',#2306,#2304,#327,.T.);
#2913=EDGE_CURVE('',#2306,#2307,#1248,.T.);
#2914=EDGE_CURVE('',#2307,#2305,#328,.T.);
#2915=EDGE_CURVE('',#2308,#2306,#329,.T.);
#2916=EDGE_CURVE('',#2308,#2309,#1249,.T.);
#2917=EDGE_CURVE('',#2309,#2307,#330,.T.);
#2918=EDGE_CURVE('',#2310,#2308,#331,.T.);
#2919=EDGE_CURVE('',#2310,#2311,#1250,.T.);
#2920=EDGE_CURVE('',#2311,#2309,#332,.T.);
#2921=EDGE_CURVE('',#2312,#2310,#333,.T.);
#2922=EDGE_CURVE('',#2312,#2313,#1251,.T.);
#2923=EDGE_CURVE('',#2313,#2311,#334,.T.);
#2924=EDGE_CURVE('',#2314,#2312,#1252,.T.);
#2925=EDGE_CURVE('',#2314,#2315,#1253,.T.);
#2926=EDGE_CURVE('',#2315,#2313,#1254,.T.);
#2927=EDGE_CURVE('',#2281,#2314,#335,.T.);
#2928=EDGE_CURVE('',#2283,#2315,#336,.T.);
#2929=EDGE_CURVE('',#2316,#2317,#1255,.T.);
#2930=EDGE_CURVE('',#2316,#2318,#1256,.T.);
#2931=EDGE_CURVE('',#2318,#2319,#1257,.T.);
#2932=EDGE_CURVE('',#2317,#2319,#1258,.T.);
#2933=EDGE_CURVE('',#2320,#2316,#1259,.T.);
#2934=EDGE_CURVE('',#2320,#2321,#1260,.T.);
#2935=EDGE_CURVE('',#2321,#2318,#1261,.T.);
#2936=EDGE_CURVE('',#2322,#2320,#1262,.T.);
#2937=EDGE_CURVE('',#2322,#2323,#1263,.T.);
#2938=EDGE_CURVE('',#2323,#2321,#1264,.T.);
#2939=EDGE_CURVE('',#2324,#2322,#1265,.T.);
#2940=EDGE_CURVE('',#2324,#2325,#1266,.T.);
#2941=EDGE_CURVE('',#2325,#2323,#1267,.T.);
#2942=EDGE_CURVE('',#2326,#2324,#1268,.T.);
#2943=EDGE_CURVE('',#2326,#2327,#1269,.T.);
#2944=EDGE_CURVE('',#2327,#2325,#1270,.T.);
#2945=EDGE_CURVE('',#2328,#2326,#1271,.T.);
#2946=EDGE_CURVE('',#2328,#2329,#1272,.T.);
#2947=EDGE_CURVE('',#2329,#2327,#1273,.T.);
#2948=EDGE_CURVE('',#2330,#2328,#1274,.T.);
#2949=EDGE_CURVE('',#2330,#2331,#1275,.T.);
#2950=EDGE_CURVE('',#2331,#2329,#1276,.T.);
#2951=EDGE_CURVE('',#2332,#2330,#1277,.T.);
#2952=EDGE_CURVE('',#2332,#2333,#1278,.T.);
#2953=EDGE_CURVE('',#2333,#2331,#1279,.T.);
#2954=EDGE_CURVE('',#2334,#2332,#1280,.T.);
#2955=EDGE_CURVE('',#2334,#2335,#1281,.T.);
#2956=EDGE_CURVE('',#2335,#2333,#1282,.T.);
#2957=EDGE_CURVE('',#2336,#2334,#1283,.T.);
#2958=EDGE_CURVE('',#2336,#2337,#1284,.T.);
#2959=EDGE_CURVE('',#2337,#2335,#1285,.T.);
#2960=EDGE_CURVE('',#2338,#2336,#1286,.T.);
#2961=EDGE_CURVE('',#2338,#2339,#1287,.T.);
#2962=EDGE_CURVE('',#2339,#2337,#1288,.T.);
#2963=EDGE_CURVE('',#2317,#2338,#1289,.T.);
#2964=EDGE_CURVE('',#2319,#2339,#1290,.T.);
#2965=EDGE_CURVE('',#2340,#2341,#19,.T.);
#2966=EDGE_CURVE('',#2341,#2342,#1291,.T.);
#2967=EDGE_CURVE('',#2342,#2343,#20,.T.);
#2968=EDGE_CURVE('',#2343,#2340,#1292,.T.);
#2969=EDGE_CURVE('',#2344,#2340,#21,.T.);
#2970=EDGE_CURVE('',#2340,#2345,#1293,.T.);
#2971=EDGE_CURVE('',#2345,#2346,#22,.T.);
#2972=EDGE_CURVE('',#2346,#2344,#1294,.T.);
#2973=EDGE_CURVE('',#2347,#2345,#23,.T.);
#2974=EDGE_CURVE('',#2345,#2348,#1295,.T.);
#2975=EDGE_CURVE('',#2348,#2349,#24,.T.);
#2976=EDGE_CURVE('',#2349,#2347,#1296,.T.);
#2977=EDGE_CURVE('',#2343,#2350,#25,.T.);
#2978=EDGE_CURVE('',#2350,#2351,#1297,.T.);
#2979=EDGE_CURVE('',#2351,#2348,#26,.T.);
#2980=EDGE_CURVE('',#2348,#2343,#1298,.T.);
#2981=EDGE_CURVE('',#2351,#2349,#27,.T.);
#2982=EDGE_CURVE('',#2347,#2346,#28,.T.);
#2983=EDGE_CURVE('',#2344,#2341,#29,.T.);
#2984=EDGE_CURVE('',#2342,#2350,#30,.T.);
#2985=EDGE_CURVE('',#2347,#2352,#1299,.T.);
#2986=EDGE_CURVE('',#2352,#2353,#31,.T.);
#2987=EDGE_CURVE('',#2353,#2346,#1300,.T.);
#2988=EDGE_CURVE('',#2354,#2349,#1301,.T.);
#2989=EDGE_CURVE('',#2354,#2352,#1302,.T.);
#2990=EDGE_CURVE('',#2351,#2355,#1303,.T.);
#2991=EDGE_CURVE('',#2355,#2354,#32,.T.);
#2992=EDGE_CURVE('',#2356,#2350,#1304,.T.);
#2993=EDGE_CURVE('',#2355,#2356,#1305,.T.);
#2994=EDGE_CURVE('',#2357,#2357,#33,.T.);
#2995=EDGE_CURVE('',#2358,#2358,#34,.T.);
#2996=EDGE_CURVE('',#2359,#2360,#35,.T.);
#2997=EDGE_CURVE('',#2360,#2361,#1306,.T.);
#2998=EDGE_CURVE('',#2361,#2362,#36,.T.);
#2999=EDGE_CURVE('',#2362,#2363,#1307,.T.);
#3000=EDGE_CURVE('',#2363,#2364,#37,.T.);
#3001=EDGE_CURVE('',#2364,#2365,#1308,.T.);
#3002=EDGE_CURVE('',#2365,#2366,#38,.T.);
#3003=EDGE_CURVE('',#2366,#2359,#1309,.T.);
#3004=EDGE_CURVE('',#2367,#2368,#39,.T.);
#3005=EDGE_CURVE('',#2368,#2369,#1310,.T.);
#3006=EDGE_CURVE('',#2369,#2370,#40,.T.);
#3007=EDGE_CURVE('',#2370,#2371,#1311,.T.);
#3008=EDGE_CURVE('',#2371,#2372,#41,.T.);
#3009=EDGE_CURVE('',#2372,#2373,#1312,.T.);
#3010=EDGE_CURVE('',#2373,#2374,#42,.T.);
#3011=EDGE_CURVE('',#2374,#2367,#1313,.T.);
#3012=EDGE_CURVE('',#2375,#2376,#43,.T.);
#3013=EDGE_CURVE('',#2376,#2377,#1314,.T.);
#3014=EDGE_CURVE('',#2377,#2378,#44,.T.);
#3015=EDGE_CURVE('',#2378,#2379,#1315,.T.);
#3016=EDGE_CURVE('',#2379,#2380,#45,.T.);
#3017=EDGE_CURVE('',#2380,#2381,#1316,.T.);
#3018=EDGE_CURVE('',#2381,#2382,#46,.T.);
#3019=EDGE_CURVE('',#2382,#2375,#1317,.T.);
#3020=EDGE_CURVE('',#2383,#2384,#47,.T.);
#3021=EDGE_CURVE('',#2384,#2385,#1318,.T.);
#3022=EDGE_CURVE('',#2385,#2386,#48,.T.);
#3023=EDGE_CURVE('',#2386,#2387,#1319,.T.);
#3024=EDGE_CURVE('',#2387,#2388,#49,.T.);
#3025=EDGE_CURVE('',#2388,#2389,#1320,.T.);
#3026=EDGE_CURVE('',#2389,#2390,#50,.T.);
#3027=EDGE_CURVE('',#2390,#2383,#1321,.T.);
#3028=EDGE_CURVE('',#2391,#2392,#51,.T.);
#3029=EDGE_CURVE('',#2392,#2393,#1322,.T.);
#3030=EDGE_CURVE('',#2393,#2394,#52,.T.);
#3031=EDGE_CURVE('',#2394,#2395,#1323,.T.);
#3032=EDGE_CURVE('',#2395,#2396,#53,.T.);
#3033=EDGE_CURVE('',#2396,#2397,#1324,.T.);
#3034=EDGE_CURVE('',#2397,#2398,#54,.T.);
#3035=EDGE_CURVE('',#2398,#2391,#1325,.T.);
#3036=EDGE_CURVE('',#2399,#2400,#55,.T.);
#3037=EDGE_CURVE('',#2400,#2401,#1326,.T.);
#3038=EDGE_CURVE('',#2401,#2402,#56,.T.);
#3039=EDGE_CURVE('',#2402,#2403,#1327,.T.);
#3040=EDGE_CURVE('',#2403,#2404,#57,.T.);
#3041=EDGE_CURVE('',#2404,#2405,#1328,.T.);
#3042=EDGE_CURVE('',#2405,#2406,#58,.T.);
#3043=EDGE_CURVE('',#2406,#2399,#1329,.T.);
#3044=EDGE_CURVE('',#2407,#2408,#59,.T.);
#3045=EDGE_CURVE('',#2408,#2409,#1330,.T.);
#3046=EDGE_CURVE('',#2409,#2410,#60,.T.);
#3047=EDGE_CURVE('',#2410,#2411,#1331,.T.);
#3048=EDGE_CURVE('',#2411,#2412,#61,.T.);
#3049=EDGE_CURVE('',#2412,#2413,#1332,.T.);
#3050=EDGE_CURVE('',#2413,#2414,#62,.T.);
#3051=EDGE_CURVE('',#2414,#2407,#1333,.T.);
#3052=EDGE_CURVE('',#2415,#2416,#63,.T.);
#3053=EDGE_CURVE('',#2416,#2417,#1334,.T.);
#3054=EDGE_CURVE('',#2417,#2418,#64,.T.);
#3055=EDGE_CURVE('',#2418,#2419,#1335,.T.);
#3056=EDGE_CURVE('',#2419,#2420,#65,.T.);
#3057=EDGE_CURVE('',#2420,#2421,#1336,.T.);
#3058=EDGE_CURVE('',#2421,#2422,#66,.T.);
#3059=EDGE_CURVE('',#2422,#2415,#1337,.T.);
#3060=EDGE_CURVE('',#2423,#2424,#67,.T.);
#3061=EDGE_CURVE('',#2424,#2425,#1338,.T.);
#3062=EDGE_CURVE('',#2425,#2426,#68,.T.);
#3063=EDGE_CURVE('',#2426,#2427,#1339,.T.);
#3064=EDGE_CURVE('',#2427,#2428,#69,.T.);
#3065=EDGE_CURVE('',#2428,#2429,#1340,.T.);
#3066=EDGE_CURVE('',#2429,#2430,#70,.T.);
#3067=EDGE_CURVE('',#2430,#2423,#1341,.T.);
#3068=EDGE_CURVE('',#2431,#2432,#71,.T.);
#3069=EDGE_CURVE('',#2432,#2433,#1342,.T.);
#3070=EDGE_CURVE('',#2433,#2434,#72,.T.);
#3071=EDGE_CURVE('',#2434,#2435,#1343,.T.);
#3072=EDGE_CURVE('',#2435,#2436,#73,.T.);
#3073=EDGE_CURVE('',#2436,#2437,#1344,.T.);
#3074=EDGE_CURVE('',#2437,#2438,#74,.T.);
#3075=EDGE_CURVE('',#2438,#2431,#1345,.T.);
#3076=EDGE_CURVE('',#2439,#2440,#75,.T.);
#3077=EDGE_CURVE('',#2440,#2441,#1346,.T.);
#3078=EDGE_CURVE('',#2441,#2442,#76,.T.);
#3079=EDGE_CURVE('',#2442,#2443,#1347,.T.);
#3080=EDGE_CURVE('',#2443,#2444,#77,.T.);
#3081=EDGE_CURVE('',#2444,#2445,#1348,.T.);
#3082=EDGE_CURVE('',#2445,#2446,#78,.T.);
#3083=EDGE_CURVE('',#2446,#2439,#1349,.T.);
#3084=EDGE_CURVE('',#2447,#2448,#79,.T.);
#3085=EDGE_CURVE('',#2448,#2449,#1350,.T.);
#3086=EDGE_CURVE('',#2449,#2450,#80,.T.);
#3087=EDGE_CURVE('',#2450,#2451,#1351,.T.);
#3088=EDGE_CURVE('',#2451,#2452,#81,.T.);
#3089=EDGE_CURVE('',#2452,#2453,#1352,.T.);
#3090=EDGE_CURVE('',#2453,#2454,#82,.T.);
#3091=EDGE_CURVE('',#2454,#2447,#1353,.T.);
#3092=EDGE_CURVE('',#2455,#2456,#83,.T.);
#3093=EDGE_CURVE('',#2456,#2457,#1354,.T.);
#3094=EDGE_CURVE('',#2457,#2458,#84,.T.);
#3095=EDGE_CURVE('',#2458,#2459,#1355,.T.);
#3096=EDGE_CURVE('',#2459,#2460,#85,.T.);
#3097=EDGE_CURVE('',#2460,#2461,#1356,.T.);
#3098=EDGE_CURVE('',#2461,#2462,#86,.T.);
#3099=EDGE_CURVE('',#2462,#2455,#1357,.T.);
#3100=EDGE_CURVE('',#2463,#2464,#87,.T.);
#3101=EDGE_CURVE('',#2464,#2465,#1358,.T.);
#3102=EDGE_CURVE('',#2465,#2466,#88,.T.);
#3103=EDGE_CURVE('',#2466,#2467,#1359,.T.);
#3104=EDGE_CURVE('',#2467,#2468,#89,.T.);
#3105=EDGE_CURVE('',#2468,#2469,#1360,.T.);
#3106=EDGE_CURVE('',#2469,#2470,#90,.T.);
#3107=EDGE_CURVE('',#2470,#2463,#1361,.T.);
#3108=EDGE_CURVE('',#2471,#2472,#91,.T.);
#3109=EDGE_CURVE('',#2472,#2473,#1362,.T.);
#3110=EDGE_CURVE('',#2473,#2474,#92,.T.);
#3111=EDGE_CURVE('',#2474,#2475,#1363,.T.);
#3112=EDGE_CURVE('',#2475,#2476,#93,.T.);
#3113=EDGE_CURVE('',#2476,#2477,#1364,.T.);
#3114=EDGE_CURVE('',#2477,#2478,#94,.T.);
#3115=EDGE_CURVE('',#2478,#2471,#1365,.T.);
#3116=EDGE_CURVE('',#2479,#2480,#95,.T.);
#3117=EDGE_CURVE('',#2480,#2481,#1366,.T.);
#3118=EDGE_CURVE('',#2481,#2482,#96,.T.);
#3119=EDGE_CURVE('',#2482,#2483,#1367,.T.);
#3120=EDGE_CURVE('',#2483,#2484,#97,.T.);
#3121=EDGE_CURVE('',#2484,#2485,#1368,.T.);
#3122=EDGE_CURVE('',#2485,#2486,#98,.T.);
#3123=EDGE_CURVE('',#2486,#2479,#1369,.T.);
#3124=EDGE_CURVE('',#2487,#2487,#99,.T.);
#3125=EDGE_CURVE('',#2488,#2488,#100,.T.);
#3126=EDGE_CURVE('',#2489,#2356,#101,.T.);
#3127=EDGE_CURVE('',#2489,#2490,#1370,.T.);
#3128=EDGE_CURVE('',#2491,#2490,#102,.T.);
#3129=EDGE_CURVE('',#2491,#2353,#1371,.T.);
#3130=EDGE_CURVE('',#2492,#2493,#1372,.T.);
#3131=EDGE_CURVE('',#2493,#2494,#1373,.T.);
#3132=EDGE_CURVE('',#2494,#2495,#1374,.T.);
#3133=EDGE_CURVE('',#2495,#2492,#1375,.T.);
#3134=EDGE_CURVE('',#2496,#2497,#103,.T.);
#3135=EDGE_CURVE('',#2498,#2496,#1376,.T.);
#3136=EDGE_CURVE('',#2499,#2498,#104,.T.);
#3137=EDGE_CURVE('',#2500,#2499,#1377,.T.);
#3138=EDGE_CURVE('',#2501,#2500,#105,.T.);
#3139=EDGE_CURVE('',#2502,#2501,#1378,.T.);
#3140=EDGE_CURVE('',#2503,#2502,#106,.T.);
#3141=EDGE_CURVE('',#2497,#2503,#1379,.T.);
#3142=EDGE_CURVE('',#2504,#2505,#107,.T.);
#3143=EDGE_CURVE('',#2506,#2504,#1380,.T.);
#3144=EDGE_CURVE('',#2507,#2506,#108,.T.);
#3145=EDGE_CURVE('',#2508,#2507,#1381,.T.);
#3146=EDGE_CURVE('',#2509,#2508,#109,.T.);
#3147=EDGE_CURVE('',#2510,#2509,#1382,.T.);
#3148=EDGE_CURVE('',#2511,#2510,#110,.T.);
#3149=EDGE_CURVE('',#2505,#2511,#1383,.T.);
#3150=EDGE_CURVE('',#2512,#2513,#111,.T.);
#3151=EDGE_CURVE('',#2514,#2512,#1384,.T.);
#3152=EDGE_CURVE('',#2515,#2514,#112,.T.);
#3153=EDGE_CURVE('',#2516,#2515,#1385,.T.);
#3154=EDGE_CURVE('',#2517,#2516,#113,.T.);
#3155=EDGE_CURVE('',#2518,#2517,#1386,.T.);
#3156=EDGE_CURVE('',#2519,#2518,#114,.T.);
#3157=EDGE_CURVE('',#2513,#2519,#1387,.T.);
#3158=EDGE_CURVE('',#2520,#2521,#115,.T.);
#3159=EDGE_CURVE('',#2522,#2520,#1388,.T.);
#3160=EDGE_CURVE('',#2523,#2522,#116,.T.);
#3161=EDGE_CURVE('',#2524,#2523,#1389,.T.);
#3162=EDGE_CURVE('',#2525,#2524,#117,.T.);
#3163=EDGE_CURVE('',#2526,#2525,#1390,.T.);
#3164=EDGE_CURVE('',#2527,#2526,#118,.T.);
#3165=EDGE_CURVE('',#2521,#2527,#1391,.T.);
#3166=EDGE_CURVE('',#2528,#2529,#119,.T.);
#3167=EDGE_CURVE('',#2530,#2528,#1392,.T.);
#3168=EDGE_CURVE('',#2531,#2530,#120,.T.);
#3169=EDGE_CURVE('',#2532,#2531,#1393,.T.);
#3170=EDGE_CURVE('',#2533,#2532,#121,.T.);
#3171=EDGE_CURVE('',#2534,#2533,#1394,.T.);
#3172=EDGE_CURVE('',#2535,#2534,#122,.T.);
#3173=EDGE_CURVE('',#2529,#2535,#1395,.T.);
#3174=EDGE_CURVE('',#2536,#2537,#123,.T.);
#3175=EDGE_CURVE('',#2538,#2536,#1396,.T.);
#3176=EDGE_CURVE('',#2539,#2538,#124,.T.);
#3177=EDGE_CURVE('',#2540,#2539,#1397,.T.);
#3178=EDGE_CURVE('',#2541,#2540,#125,.T.);
#3179=EDGE_CURVE('',#2542,#2541,#1398,.T.);
#3180=EDGE_CURVE('',#2543,#2542,#126,.T.);
#3181=EDGE_CURVE('',#2537,#2543,#1399,.T.);
#3182=EDGE_CURVE('',#2544,#2545,#127,.T.);
#3183=EDGE_CURVE('',#2546,#2544,#1400,.T.);
#3184=EDGE_CURVE('',#2547,#2546,#128,.T.);
#3185=EDGE_CURVE('',#2548,#2547,#1401,.T.);
#3186=EDGE_CURVE('',#2549,#2548,#129,.T.);
#3187=EDGE_CURVE('',#2550,#2549,#1402,.T.);
#3188=EDGE_CURVE('',#2551,#2550,#130,.T.);
#3189=EDGE_CURVE('',#2545,#2551,#1403,.T.);
#3190=EDGE_CURVE('',#2552,#2553,#131,.T.);
#3191=EDGE_CURVE('',#2554,#2552,#1404,.T.);
#3192=EDGE_CURVE('',#2555,#2554,#132,.T.);
#3193=EDGE_CURVE('',#2556,#2555,#1405,.T.);
#3194=EDGE_CURVE('',#2557,#2556,#133,.T.);
#3195=EDGE_CURVE('',#2558,#2557,#1406,.T.);
#3196=EDGE_CURVE('',#2559,#2558,#134,.T.);
#3197=EDGE_CURVE('',#2553,#2559,#1407,.T.);
#3198=EDGE_CURVE('',#2560,#2561,#135,.T.);
#3199=EDGE_CURVE('',#2562,#2560,#1408,.T.);
#3200=EDGE_CURVE('',#2563,#2562,#136,.T.);
#3201=EDGE_CURVE('',#2564,#2563,#1409,.T.);
#3202=EDGE_CURVE('',#2565,#2564,#137,.T.);
#3203=EDGE_CURVE('',#2566,#2565,#1410,.T.);
#3204=EDGE_CURVE('',#2567,#2566,#138,.T.);
#3205=EDGE_CURVE('',#2561,#2567,#1411,.T.);
#3206=EDGE_CURVE('',#2568,#2569,#139,.T.);
#3207=EDGE_CURVE('',#2570,#2568,#1412,.T.);
#3208=EDGE_CURVE('',#2571,#2570,#140,.T.);
#3209=EDGE_CURVE('',#2572,#2571,#1413,.T.);
#3210=EDGE_CURVE('',#2573,#2572,#141,.T.);
#3211=EDGE_CURVE('',#2574,#2573,#1414,.T.);
#3212=EDGE_CURVE('',#2575,#2574,#142,.T.);
#3213=EDGE_CURVE('',#2569,#2575,#1415,.T.);
#3214=EDGE_CURVE('',#2576,#2577,#143,.T.);
#3215=EDGE_CURVE('',#2578,#2576,#1416,.T.);
#3216=EDGE_CURVE('',#2579,#2578,#144,.T.);
#3217=EDGE_CURVE('',#2580,#2579,#1417,.T.);
#3218=EDGE_CURVE('',#2581,#2580,#145,.T.);
#3219=EDGE_CURVE('',#2582,#2581,#1418,.T.);
#3220=EDGE_CURVE('',#2583,#2582,#146,.T.);
#3221=EDGE_CURVE('',#2577,#2583,#1419,.T.);
#3222=EDGE_CURVE('',#2584,#2585,#147,.T.);
#3223=EDGE_CURVE('',#2586,#2584,#1420,.T.);
#3224=EDGE_CURVE('',#2587,#2586,#148,.T.);
#3225=EDGE_CURVE('',#2588,#2587,#1421,.T.);
#3226=EDGE_CURVE('',#2589,#2588,#149,.T.);
#3227=EDGE_CURVE('',#2590,#2589,#1422,.T.);
#3228=EDGE_CURVE('',#2591,#2590,#150,.T.);
#3229=EDGE_CURVE('',#2585,#2591,#1423,.T.);
#3230=EDGE_CURVE('',#2592,#2593,#151,.T.);
#3231=EDGE_CURVE('',#2594,#2592,#1424,.T.);
#3232=EDGE_CURVE('',#2595,#2594,#152,.T.);
#3233=EDGE_CURVE('',#2596,#2595,#1425,.T.);
#3234=EDGE_CURVE('',#2597,#2596,#153,.T.);
#3235=EDGE_CURVE('',#2598,#2597,#1426,.T.);
#3236=EDGE_CURVE('',#2599,#2598,#154,.T.);
#3237=EDGE_CURVE('',#2593,#2599,#1427,.T.);
#3238=EDGE_CURVE('',#2600,#2601,#155,.T.);
#3239=EDGE_CURVE('',#2602,#2600,#1428,.T.);
#3240=EDGE_CURVE('',#2603,#2602,#156,.T.);
#3241=EDGE_CURVE('',#2604,#2603,#1429,.T.);
#3242=EDGE_CURVE('',#2605,#2604,#157,.T.);
#3243=EDGE_CURVE('',#2606,#2605,#1430,.T.);
#3244=EDGE_CURVE('',#2607,#2606,#158,.T.);
#3245=EDGE_CURVE('',#2601,#2607,#1431,.T.);
#3246=EDGE_CURVE('',#2608,#2609,#159,.T.);
#3247=EDGE_CURVE('',#2610,#2608,#1432,.T.);
#3248=EDGE_CURVE('',#2611,#2610,#160,.T.);
#3249=EDGE_CURVE('',#2612,#2611,#1433,.T.);
#3250=EDGE_CURVE('',#2613,#2612,#161,.T.);
#3251=EDGE_CURVE('',#2614,#2613,#1434,.T.);
#3252=EDGE_CURVE('',#2615,#2614,#162,.T.);
#3253=EDGE_CURVE('',#2609,#2615,#1435,.T.);
#3254=EDGE_CURVE('',#2616,#2617,#163,.T.);
#3255=EDGE_CURVE('',#2618,#2616,#1436,.T.);
#3256=EDGE_CURVE('',#2619,#2618,#164,.T.);
#3257=EDGE_CURVE('',#2620,#2619,#1437,.T.);
#3258=EDGE_CURVE('',#2621,#2620,#165,.T.);
#3259=EDGE_CURVE('',#2622,#2621,#1438,.T.);
#3260=EDGE_CURVE('',#2623,#2622,#166,.T.);
#3261=EDGE_CURVE('',#2617,#2623,#1439,.T.);
#3262=EDGE_CURVE('',#2624,#2624,#167,.T.);
#3263=EDGE_CURVE('',#2625,#2625,#168,.T.);
#3264=EDGE_CURVE('',#2626,#2626,#169,.T.);
#3265=EDGE_CURVE('',#2627,#2627,#170,.T.);
#3266=EDGE_CURVE('',#2342,#2489,#1440,.T.);
#3267=EDGE_CURVE('',#2344,#2491,#1441,.T.);
#3268=EDGE_CURVE('',#2490,#2341,#1442,.T.);
#3269=EDGE_CURVE('',#2124,#2494,#1443,.T.);
#3270=EDGE_CURVE('',#2123,#2495,#1444,.T.);
#3271=EDGE_CURVE('',#2122,#2492,#1445,.T.);
#3272=EDGE_CURVE('',#2121,#2493,#1446,.T.);
#3273=EDGE_CURVE('',#2496,#2359,#1447,.T.);
#3274=EDGE_CURVE('',#2498,#2366,#1448,.T.);
#3275=EDGE_CURVE('',#2499,#2365,#1449,.T.);
#3276=EDGE_CURVE('',#2500,#2364,#1450,.T.);
#3277=EDGE_CURVE('',#2501,#2363,#1451,.T.);
#3278=EDGE_CURVE('',#2502,#2362,#1452,.T.);
#3279=EDGE_CURVE('',#2503,#2361,#1453,.T.);
#3280=EDGE_CURVE('',#2497,#2360,#1454,.T.);
#3281=EDGE_CURVE('',#2504,#2367,#1455,.T.);
#3282=EDGE_CURVE('',#2506,#2374,#1456,.T.);
#3283=EDGE_CURVE('',#2507,#2373,#1457,.T.);
#3284=EDGE_CURVE('',#2508,#2372,#1458,.T.);
#3285=EDGE_CURVE('',#2509,#2371,#1459,.T.);
#3286=EDGE_CURVE('',#2510,#2370,#1460,.T.);
#3287=EDGE_CURVE('',#2511,#2369,#1461,.T.);
#3288=EDGE_CURVE('',#2505,#2368,#1462,.T.);
#3289=EDGE_CURVE('',#2512,#2375,#1463,.T.);
#3290=EDGE_CURVE('',#2514,#2382,#1464,.T.);
#3291=EDGE_CURVE('',#2515,#2381,#1465,.T.);
#3292=EDGE_CURVE('',#2516,#2380,#1466,.T.);
#3293=EDGE_CURVE('',#2517,#2379,#1467,.T.);
#3294=EDGE_CURVE('',#2518,#2378,#1468,.T.);
#3295=EDGE_CURVE('',#2519,#2377,#1469,.T.);
#3296=EDGE_CURVE('',#2513,#2376,#1470,.T.);
#3297=EDGE_CURVE('',#2520,#2383,#1471,.T.);
#3298=EDGE_CURVE('',#2522,#2390,#1472,.T.);
#3299=EDGE_CURVE('',#2523,#2389,#1473,.T.);
#3300=EDGE_CURVE('',#2524,#2388,#1474,.T.);
#3301=EDGE_CURVE('',#2525,#2387,#1475,.T.);
#3302=EDGE_CURVE('',#2526,#2386,#1476,.T.);
#3303=EDGE_CURVE('',#2527,#2385,#1477,.T.);
#3304=EDGE_CURVE('',#2521,#2384,#1478,.T.);
#3305=EDGE_CURVE('',#2528,#2391,#1479,.T.);
#3306=EDGE_CURVE('',#2530,#2398,#1480,.T.);
#3307=EDGE_CURVE('',#2531,#2397,#1481,.T.);
#3308=EDGE_CURVE('',#2532,#2396,#1482,.T.);
#3309=EDGE_CURVE('',#2533,#2395,#1483,.T.);
#3310=EDGE_CURVE('',#2534,#2394,#1484,.T.);
#3311=EDGE_CURVE('',#2535,#2393,#1485,.T.);
#3312=EDGE_CURVE('',#2529,#2392,#1486,.T.);
#3313=EDGE_CURVE('',#2536,#2399,#1487,.T.);
#3314=EDGE_CURVE('',#2538,#2406,#1488,.T.);
#3315=EDGE_CURVE('',#2539,#2405,#1489,.T.);
#3316=EDGE_CURVE('',#2540,#2404,#1490,.T.);
#3317=EDGE_CURVE('',#2541,#2403,#1491,.T.);
#3318=EDGE_CURVE('',#2542,#2402,#1492,.T.);
#3319=EDGE_CURVE('',#2543,#2401,#1493,.T.);
#3320=EDGE_CURVE('',#2537,#2400,#1494,.T.);
#3321=EDGE_CURVE('',#2544,#2407,#1495,.T.);
#3322=EDGE_CURVE('',#2546,#2414,#1496,.T.);
#3323=EDGE_CURVE('',#2547,#2413,#1497,.T.);
#3324=EDGE_CURVE('',#2548,#2412,#1498,.T.);
#3325=EDGE_CURVE('',#2549,#2411,#1499,.T.);
#3326=EDGE_CURVE('',#2550,#2410,#1500,.T.);
#3327=EDGE_CURVE('',#2551,#2409,#1501,.T.);
#3328=EDGE_CURVE('',#2545,#2408,#1502,.T.);
#3329=EDGE_CURVE('',#2552,#2415,#1503,.T.);
#3330=EDGE_CURVE('',#2554,#2422,#1504,.T.);
#3331=EDGE_CURVE('',#2555,#2421,#1505,.T.);
#3332=EDGE_CURVE('',#2556,#2420,#1506,.T.);
#3333=EDGE_CURVE('',#2557,#2419,#1507,.T.);
#3334=EDGE_CURVE('',#2558,#2418,#1508,.T.);
#3335=EDGE_CURVE('',#2559,#2417,#1509,.T.);
#3336=EDGE_CURVE('',#2553,#2416,#1510,.T.);
#3337=EDGE_CURVE('',#2560,#2423,#1511,.T.);
#3338=EDGE_CURVE('',#2562,#2430,#1512,.T.);
#3339=EDGE_CURVE('',#2563,#2429,#1513,.T.);
#3340=EDGE_CURVE('',#2564,#2428,#1514,.T.);
#3341=EDGE_CURVE('',#2565,#2427,#1515,.T.);
#3342=EDGE_CURVE('',#2566,#2426,#1516,.T.);
#3343=EDGE_CURVE('',#2567,#2425,#1517,.T.);
#3344=EDGE_CURVE('',#2561,#2424,#1518,.T.);
#3345=EDGE_CURVE('',#2568,#2431,#1519,.T.);
#3346=EDGE_CURVE('',#2570,#2438,#1520,.T.);
#3347=EDGE_CURVE('',#2571,#2437,#1521,.T.);
#3348=EDGE_CURVE('',#2572,#2436,#1522,.T.);
#3349=EDGE_CURVE('',#2573,#2435,#1523,.T.);
#3350=EDGE_CURVE('',#2574,#2434,#1524,.T.);
#3351=EDGE_CURVE('',#2575,#2433,#1525,.T.);
#3352=EDGE_CURVE('',#2569,#2432,#1526,.T.);
#3353=EDGE_CURVE('',#2576,#2439,#1527,.T.);
#3354=EDGE_CURVE('',#2578,#2446,#1528,.T.);
#3355=EDGE_CURVE('',#2579,#2445,#1529,.T.);
#3356=EDGE_CURVE('',#2580,#2444,#1530,.T.);
#3357=EDGE_CURVE('',#2581,#2443,#1531,.T.);
#3358=EDGE_CURVE('',#2582,#2442,#1532,.T.);
#3359=EDGE_CURVE('',#2583,#2441,#1533,.T.);
#3360=EDGE_CURVE('',#2577,#2440,#1534,.T.);
#3361=EDGE_CURVE('',#2584,#2447,#1535,.T.);
#3362=EDGE_CURVE('',#2586,#2454,#1536,.T.);
#3363=EDGE_CURVE('',#2587,#2453,#1537,.T.);
#3364=EDGE_CURVE('',#2588,#2452,#1538,.T.);
#3365=EDGE_CURVE('',#2589,#2451,#1539,.T.);
#3366=EDGE_CURVE('',#2590,#2450,#1540,.T.);
#3367=EDGE_CURVE('',#2591,#2449,#1541,.T.);
#3368=EDGE_CURVE('',#2585,#2448,#1542,.T.);
#3369=EDGE_CURVE('',#2592,#2455,#1543,.T.);
#3370=EDGE_CURVE('',#2594,#2462,#1544,.T.);
#3371=EDGE_CURVE('',#2595,#2461,#1545,.T.);
#3372=EDGE_CURVE('',#2596,#2460,#1546,.T.);
#3373=EDGE_CURVE('',#2597,#2459,#1547,.T.);
#3374=EDGE_CURVE('',#2598,#2458,#1548,.T.);
#3375=EDGE_CURVE('',#2599,#2457,#1549,.T.);
#3376=EDGE_CURVE('',#2593,#2456,#1550,.T.);
#3377=EDGE_CURVE('',#2600,#2463,#1551,.T.);
#3378=EDGE_CURVE('',#2602,#2470,#1552,.T.);
#3379=EDGE_CURVE('',#2603,#2469,#1553,.T.);
#3380=EDGE_CURVE('',#2604,#2468,#1554,.T.);
#3381=EDGE_CURVE('',#2605,#2467,#1555,.T.);
#3382=EDGE_CURVE('',#2606,#2466,#1556,.T.);
#3383=EDGE_CURVE('',#2607,#2465,#1557,.T.);
#3384=EDGE_CURVE('',#2601,#2464,#1558,.T.);
#3385=EDGE_CURVE('',#2608,#2471,#1559,.T.);
#3386=EDGE_CURVE('',#2610,#2478,#1560,.T.);
#3387=EDGE_CURVE('',#2611,#2477,#1561,.T.);
#3388=EDGE_CURVE('',#2612,#2476,#1562,.T.);
#3389=EDGE_CURVE('',#2613,#2475,#1563,.T.);
#3390=EDGE_CURVE('',#2614,#2474,#1564,.T.);
#3391=EDGE_CURVE('',#2615,#2473,#1565,.T.);
#3392=EDGE_CURVE('',#2609,#2472,#1566,.T.);
#3393=EDGE_CURVE('',#2616,#2479,#1567,.T.);
#3394=EDGE_CURVE('',#2618,#2486,#1568,.T.);
#3395=EDGE_CURVE('',#2619,#2485,#1569,.T.);
#3396=EDGE_CURVE('',#2620,#2484,#1570,.T.);
#3397=EDGE_CURVE('',#2621,#2483,#1571,.T.);
#3398=EDGE_CURVE('',#2622,#2482,#1572,.T.);
#3399=EDGE_CURVE('',#2623,#2481,#1573,.T.);
#3400=EDGE_CURVE('',#2617,#2480,#1574,.T.);
#3401=EDGE_CURVE('',#2627,#2357,#1575,.T.);
#3402=EDGE_CURVE('',#2626,#2358,#1576,.T.);
#3403=EDGE_CURVE('',#2625,#2487,#1577,.T.);
#3404=EDGE_CURVE('',#2624,#2488,#1578,.T.);
#3405=ORIENTED_EDGE('',*,*,#2628,.F.);
#3406=ORIENTED_EDGE('',*,*,#2629,.F.);
#3407=ORIENTED_EDGE('',*,*,#2630,.F.);
#3408=ORIENTED_EDGE('',*,*,#2631,.T.);
#3409=ORIENTED_EDGE('',*,*,#2630,.T.);
#3410=ORIENTED_EDGE('',*,*,#2632,.F.);
#3411=ORIENTED_EDGE('',*,*,#2633,.T.);
#3412=ORIENTED_EDGE('',*,*,#2634,.T.);
#3413=ORIENTED_EDGE('',*,*,#2629,.T.);
#3414=ORIENTED_EDGE('',*,*,#2635,.T.);
#3415=ORIENTED_EDGE('',*,*,#2636,.T.);
#3416=ORIENTED_EDGE('',*,*,#2632,.T.);
#3417=ORIENTED_EDGE('',*,*,#2637,.T.);
#3418=ORIENTED_EDGE('',*,*,#2638,.T.);
#3419=ORIENTED_EDGE('',*,*,#2639,.T.);
#3420=ORIENTED_EDGE('',*,*,#2640,.T.);
#3421=ORIENTED_EDGE('',*,*,#2628,.T.);
#3422=ORIENTED_EDGE('',*,*,#2641,.T.);
#3423=ORIENTED_EDGE('',*,*,#2642,.F.);
#3424=ORIENTED_EDGE('',*,*,#2635,.F.);
#3425=ORIENTED_EDGE('',*,*,#2642,.T.);
#3426=ORIENTED_EDGE('',*,*,#2643,.T.);
#3427=ORIENTED_EDGE('',*,*,#2633,.F.);
#3428=ORIENTED_EDGE('',*,*,#2636,.F.);
#3429=ORIENTED_EDGE('',*,*,#2644,.F.);
#3430=ORIENTED_EDGE('',*,*,#2645,.T.);
#3431=ORIENTED_EDGE('',*,*,#2646,.T.);
#3432=ORIENTED_EDGE('',*,*,#2647,.F.);
#3433=ORIENTED_EDGE('',*,*,#2648,.F.);
#3434=ORIENTED_EDGE('',*,*,#2649,.T.);
#3435=ORIENTED_EDGE('',*,*,#2650,.T.);
#3436=ORIENTED_EDGE('',*,*,#2645,.F.);
#3437=ORIENTED_EDGE('',*,*,#2651,.F.);
#3438=ORIENTED_EDGE('',*,*,#2647,.T.);
#3439=ORIENTED_EDGE('',*,*,#2652,.T.);
#3440=ORIENTED_EDGE('',*,*,#2649,.F.);
#3441=ORIENTED_EDGE('',*,*,#2653,.F.);
#3442=ORIENTED_EDGE('',*,*,#2654,.T.);
#3443=ORIENTED_EDGE('',*,*,#2655,.T.);
#3444=ORIENTED_EDGE('',*,*,#2656,.F.);
#3445=ORIENTED_EDGE('',*,*,#2657,.F.);
#3446=ORIENTED_EDGE('',*,*,#2658,.T.);
#3447=ORIENTED_EDGE('',*,*,#2659,.T.);
#3448=ORIENTED_EDGE('',*,*,#2654,.F.);
#3449=ORIENTED_EDGE('',*,*,#2660,.F.);
#3450=ORIENTED_EDGE('',*,*,#2661,.T.);
#3451=ORIENTED_EDGE('',*,*,#2662,.T.);
#3452=ORIENTED_EDGE('',*,*,#2658,.F.);
#3453=ORIENTED_EDGE('',*,*,#2663,.F.);
#3454=ORIENTED_EDGE('',*,*,#2664,.T.);
#3455=ORIENTED_EDGE('',*,*,#2665,.T.);
#3456=ORIENTED_EDGE('',*,*,#2661,.F.);
#3457=ORIENTED_EDGE('',*,*,#2666,.F.);
#3458=ORIENTED_EDGE('',*,*,#2667,.T.);
#3459=ORIENTED_EDGE('',*,*,#2668,.T.);
#3460=ORIENTED_EDGE('',*,*,#2664,.F.);
#3461=ORIENTED_EDGE('',*,*,#2669,.F.);
#3462=ORIENTED_EDGE('',*,*,#2670,.T.);
#3463=ORIENTED_EDGE('',*,*,#2671,.T.);
#3464=ORIENTED_EDGE('',*,*,#2667,.F.);
#3465=ORIENTED_EDGE('',*,*,#2672,.F.);
#3466=ORIENTED_EDGE('',*,*,#2673,.T.);
#3467=ORIENTED_EDGE('',*,*,#2674,.T.);
#3468=ORIENTED_EDGE('',*,*,#2670,.F.);
#3469=ORIENTED_EDGE('',*,*,#2675,.F.);
#3470=ORIENTED_EDGE('',*,*,#2656,.T.);
#3471=ORIENTED_EDGE('',*,*,#2676,.T.);
#3472=ORIENTED_EDGE('',*,*,#2673,.F.);
#3473=ORIENTED_EDGE('',*,*,#2676,.F.);
#3474=ORIENTED_EDGE('',*,*,#2655,.F.);
#3475=ORIENTED_EDGE('',*,*,#2659,.F.);
#3476=ORIENTED_EDGE('',*,*,#2662,.F.);
#3477=ORIENTED_EDGE('',*,*,#2665,.F.);
#3478=ORIENTED_EDGE('',*,*,#2668,.F.);
#3479=ORIENTED_EDGE('',*,*,#2671,.F.);
#3480=ORIENTED_EDGE('',*,*,#2674,.F.);
#3481=ORIENTED_EDGE('',*,*,#2652,.F.);
#3482=ORIENTED_EDGE('',*,*,#2646,.F.);
#3483=ORIENTED_EDGE('',*,*,#2650,.F.);
#3484=ORIENTED_EDGE('',*,*,#2677,.F.);
#3485=ORIENTED_EDGE('',*,*,#2678,.T.);
#3486=ORIENTED_EDGE('',*,*,#2679,.T.);
#3487=ORIENTED_EDGE('',*,*,#2680,.F.);
#3488=ORIENTED_EDGE('',*,*,#2681,.F.);
#3489=ORIENTED_EDGE('',*,*,#2682,.T.);
#3490=ORIENTED_EDGE('',*,*,#2683,.T.);
#3491=ORIENTED_EDGE('',*,*,#2678,.F.);
#3492=ORIENTED_EDGE('',*,*,#2684,.F.);
#3493=ORIENTED_EDGE('',*,*,#2685,.T.);
#3494=ORIENTED_EDGE('',*,*,#2686,.T.);
#3495=ORIENTED_EDGE('',*,*,#2682,.F.);
#3496=ORIENTED_EDGE('',*,*,#2687,.F.);
#3497=ORIENTED_EDGE('',*,*,#2688,.T.);
#3498=ORIENTED_EDGE('',*,*,#2689,.T.);
#3499=ORIENTED_EDGE('',*,*,#2685,.F.);
#3500=ORIENTED_EDGE('',*,*,#2690,.F.);
#3501=ORIENTED_EDGE('',*,*,#2691,.T.);
#3502=ORIENTED_EDGE('',*,*,#2692,.T.);
#3503=ORIENTED_EDGE('',*,*,#2688,.F.);
#3504=ORIENTED_EDGE('',*,*,#2693,.F.);
#3505=ORIENTED_EDGE('',*,*,#2694,.T.);
#3506=ORIENTED_EDGE('',*,*,#2695,.T.);
#3507=ORIENTED_EDGE('',*,*,#2691,.F.);
#3508=ORIENTED_EDGE('',*,*,#2696,.F.);
#3509=ORIENTED_EDGE('',*,*,#2697,.T.);
#3510=ORIENTED_EDGE('',*,*,#2698,.T.);
#3511=ORIENTED_EDGE('',*,*,#2694,.F.);
#3512=ORIENTED_EDGE('',*,*,#2699,.F.);
#3513=ORIENTED_EDGE('',*,*,#2700,.T.);
#3514=ORIENTED_EDGE('',*,*,#2701,.T.);
#3515=ORIENTED_EDGE('',*,*,#2697,.F.);
#3516=ORIENTED_EDGE('',*,*,#2702,.F.);
#3517=ORIENTED_EDGE('',*,*,#2703,.T.);
#3518=ORIENTED_EDGE('',*,*,#2704,.T.);
#3519=ORIENTED_EDGE('',*,*,#2700,.F.);
#3520=ORIENTED_EDGE('',*,*,#2705,.F.);
#3521=ORIENTED_EDGE('',*,*,#2706,.T.);
#3522=ORIENTED_EDGE('',*,*,#2707,.T.);
#3523=ORIENTED_EDGE('',*,*,#2703,.F.);
#3524=ORIENTED_EDGE('',*,*,#2708,.F.);
#3525=ORIENTED_EDGE('',*,*,#2680,.T.);
#3526=ORIENTED_EDGE('',*,*,#2709,.T.);
#3527=ORIENTED_EDGE('',*,*,#2706,.F.);
#3528=ORIENTED_EDGE('',*,*,#2710,.F.);
#3529=ORIENTED_EDGE('',*,*,#2711,.T.);
#3530=ORIENTED_EDGE('',*,*,#2712,.T.);
#3531=ORIENTED_EDGE('',*,*,#2713,.F.);
#3532=ORIENTED_EDGE('',*,*,#2714,.F.);
#3533=ORIENTED_EDGE('',*,*,#2715,.T.);
#3534=ORIENTED_EDGE('',*,*,#2716,.T.);
#3535=ORIENTED_EDGE('',*,*,#2711,.F.);
#3536=ORIENTED_EDGE('',*,*,#2717,.F.);
#3537=ORIENTED_EDGE('',*,*,#2718,.T.);
#3538=ORIENTED_EDGE('',*,*,#2719,.T.);
#3539=ORIENTED_EDGE('',*,*,#2715,.F.);
#3540=ORIENTED_EDGE('',*,*,#2720,.F.);
#3541=ORIENTED_EDGE('',*,*,#2721,.T.);
#3542=ORIENTED_EDGE('',*,*,#2722,.T.);
#3543=ORIENTED_EDGE('',*,*,#2718,.F.);
#3544=ORIENTED_EDGE('',*,*,#2723,.F.);
#3545=ORIENTED_EDGE('',*,*,#2724,.T.);
#3546=ORIENTED_EDGE('',*,*,#2725,.T.);
#3547=ORIENTED_EDGE('',*,*,#2721,.F.);
#3548=ORIENTED_EDGE('',*,*,#2726,.F.);
#3549=ORIENTED_EDGE('',*,*,#2727,.T.);
#3550=ORIENTED_EDGE('',*,*,#2728,.T.);
#3551=ORIENTED_EDGE('',*,*,#2724,.F.);
#3552=ORIENTED_EDGE('',*,*,#2729,.F.);
#3553=ORIENTED_EDGE('',*,*,#2730,.T.);
#3554=ORIENTED_EDGE('',*,*,#2731,.T.);
#3555=ORIENTED_EDGE('',*,*,#2727,.F.);
#3556=ORIENTED_EDGE('',*,*,#2732,.F.);
#3557=ORIENTED_EDGE('',*,*,#2733,.T.);
#3558=ORIENTED_EDGE('',*,*,#2734,.T.);
#3559=ORIENTED_EDGE('',*,*,#2730,.F.);
#3560=ORIENTED_EDGE('',*,*,#2735,.F.);
#3561=ORIENTED_EDGE('',*,*,#2736,.T.);
#3562=ORIENTED_EDGE('',*,*,#2737,.T.);
#3563=ORIENTED_EDGE('',*,*,#2733,.F.);
#3564=ORIENTED_EDGE('',*,*,#2738,.F.);
#3565=ORIENTED_EDGE('',*,*,#2739,.T.);
#3566=ORIENTED_EDGE('',*,*,#2740,.T.);
#3567=ORIENTED_EDGE('',*,*,#2736,.F.);
#3568=ORIENTED_EDGE('',*,*,#2741,.F.);
#3569=ORIENTED_EDGE('',*,*,#2713,.T.);
#3570=ORIENTED_EDGE('',*,*,#2742,.T.);
#3571=ORIENTED_EDGE('',*,*,#2739,.F.);
#3572=ORIENTED_EDGE('',*,*,#2742,.F.);
#3573=ORIENTED_EDGE('',*,*,#2712,.F.);
#3574=ORIENTED_EDGE('',*,*,#2716,.F.);
#3575=ORIENTED_EDGE('',*,*,#2719,.F.);
#3576=ORIENTED_EDGE('',*,*,#2722,.F.);
#3577=ORIENTED_EDGE('',*,*,#2725,.F.);
#3578=ORIENTED_EDGE('',*,*,#2728,.F.);
#3579=ORIENTED_EDGE('',*,*,#2731,.F.);
#3580=ORIENTED_EDGE('',*,*,#2734,.F.);
#3581=ORIENTED_EDGE('',*,*,#2737,.F.);
#3582=ORIENTED_EDGE('',*,*,#2740,.F.);
#3583=ORIENTED_EDGE('',*,*,#2709,.F.);
#3584=ORIENTED_EDGE('',*,*,#2679,.F.);
#3585=ORIENTED_EDGE('',*,*,#2683,.F.);
#3586=ORIENTED_EDGE('',*,*,#2686,.F.);
#3587=ORIENTED_EDGE('',*,*,#2689,.F.);
#3588=ORIENTED_EDGE('',*,*,#2692,.F.);
#3589=ORIENTED_EDGE('',*,*,#2695,.F.);
#3590=ORIENTED_EDGE('',*,*,#2698,.F.);
#3591=ORIENTED_EDGE('',*,*,#2701,.F.);
#3592=ORIENTED_EDGE('',*,*,#2704,.F.);
#3593=ORIENTED_EDGE('',*,*,#2707,.F.);
#3594=ORIENTED_EDGE('',*,*,#2743,.F.);
#3595=ORIENTED_EDGE('',*,*,#2744,.T.);
#3596=ORIENTED_EDGE('',*,*,#2745,.T.);
#3597=ORIENTED_EDGE('',*,*,#2746,.F.);
#3598=ORIENTED_EDGE('',*,*,#2747,.F.);
#3599=ORIENTED_EDGE('',*,*,#2748,.T.);
#3600=ORIENTED_EDGE('',*,*,#2749,.T.);
#3601=ORIENTED_EDGE('',*,*,#2744,.F.);
#3602=ORIENTED_EDGE('',*,*,#2750,.F.);
#3603=ORIENTED_EDGE('',*,*,#2751,.T.);
#3604=ORIENTED_EDGE('',*,*,#2752,.T.);
#3605=ORIENTED_EDGE('',*,*,#2748,.F.);
#3606=ORIENTED_EDGE('',*,*,#2753,.F.);
#3607=ORIENTED_EDGE('',*,*,#2754,.T.);
#3608=ORIENTED_EDGE('',*,*,#2755,.T.);
#3609=ORIENTED_EDGE('',*,*,#2751,.F.);
#3610=ORIENTED_EDGE('',*,*,#2756,.F.);
#3611=ORIENTED_EDGE('',*,*,#2757,.T.);
#3612=ORIENTED_EDGE('',*,*,#2758,.T.);
#3613=ORIENTED_EDGE('',*,*,#2754,.F.);
#3614=ORIENTED_EDGE('',*,*,#2759,.F.);
#3615=ORIENTED_EDGE('',*,*,#2760,.T.);
#3616=ORIENTED_EDGE('',*,*,#2761,.T.);
#3617=ORIENTED_EDGE('',*,*,#2757,.F.);
#3618=ORIENTED_EDGE('',*,*,#2762,.F.);
#3619=ORIENTED_EDGE('',*,*,#2763,.T.);
#3620=ORIENTED_EDGE('',*,*,#2764,.T.);
#3621=ORIENTED_EDGE('',*,*,#2760,.F.);
#3622=ORIENTED_EDGE('',*,*,#2765,.F.);
#3623=ORIENTED_EDGE('',*,*,#2766,.T.);
#3624=ORIENTED_EDGE('',*,*,#2767,.T.);
#3625=ORIENTED_EDGE('',*,*,#2763,.F.);
#3626=ORIENTED_EDGE('',*,*,#2768,.F.);
#3627=ORIENTED_EDGE('',*,*,#2746,.T.);
#3628=ORIENTED_EDGE('',*,*,#2769,.T.);
#3629=ORIENTED_EDGE('',*,*,#2766,.F.);
#3630=ORIENTED_EDGE('',*,*,#2770,.F.);
#3631=ORIENTED_EDGE('',*,*,#2771,.T.);
#3632=ORIENTED_EDGE('',*,*,#2772,.T.);
#3633=ORIENTED_EDGE('',*,*,#2773,.F.);
#3634=ORIENTED_EDGE('',*,*,#2774,.F.);
#3635=ORIENTED_EDGE('',*,*,#2775,.T.);
#3636=ORIENTED_EDGE('',*,*,#2776,.T.);
#3637=ORIENTED_EDGE('',*,*,#2771,.F.);
#3638=ORIENTED_EDGE('',*,*,#2777,.F.);
#3639=ORIENTED_EDGE('',*,*,#2778,.T.);
#3640=ORIENTED_EDGE('',*,*,#2779,.T.);
#3641=ORIENTED_EDGE('',*,*,#2775,.F.);
#3642=ORIENTED_EDGE('',*,*,#2780,.F.);
#3643=ORIENTED_EDGE('',*,*,#2781,.T.);
#3644=ORIENTED_EDGE('',*,*,#2782,.T.);
#3645=ORIENTED_EDGE('',*,*,#2778,.F.);
#3646=ORIENTED_EDGE('',*,*,#2783,.F.);
#3647=ORIENTED_EDGE('',*,*,#2784,.T.);
#3648=ORIENTED_EDGE('',*,*,#2785,.T.);
#3649=ORIENTED_EDGE('',*,*,#2781,.F.);
#3650=ORIENTED_EDGE('',*,*,#2786,.F.);
#3651=ORIENTED_EDGE('',*,*,#2787,.T.);
#3652=ORIENTED_EDGE('',*,*,#2788,.T.);
#3653=ORIENTED_EDGE('',*,*,#2784,.F.);
#3654=ORIENTED_EDGE('',*,*,#2789,.F.);
#3655=ORIENTED_EDGE('',*,*,#2790,.T.);
#3656=ORIENTED_EDGE('',*,*,#2791,.T.);
#3657=ORIENTED_EDGE('',*,*,#2787,.F.);
#3658=ORIENTED_EDGE('',*,*,#2792,.F.);
#3659=ORIENTED_EDGE('',*,*,#2793,.T.);
#3660=ORIENTED_EDGE('',*,*,#2794,.T.);
#3661=ORIENTED_EDGE('',*,*,#2790,.F.);
#3662=ORIENTED_EDGE('',*,*,#2795,.F.);
#3663=ORIENTED_EDGE('',*,*,#2796,.T.);
#3664=ORIENTED_EDGE('',*,*,#2797,.T.);
#3665=ORIENTED_EDGE('',*,*,#2793,.F.);
#3666=ORIENTED_EDGE('',*,*,#2798,.F.);
#3667=ORIENTED_EDGE('',*,*,#2799,.T.);
#3668=ORIENTED_EDGE('',*,*,#2800,.T.);
#3669=ORIENTED_EDGE('',*,*,#2796,.F.);
#3670=ORIENTED_EDGE('',*,*,#2801,.F.);
#3671=ORIENTED_EDGE('',*,*,#2802,.T.);
#3672=ORIENTED_EDGE('',*,*,#2803,.T.);
#3673=ORIENTED_EDGE('',*,*,#2799,.F.);
#3674=ORIENTED_EDGE('',*,*,#2804,.F.);
#3675=ORIENTED_EDGE('',*,*,#2773,.T.);
#3676=ORIENTED_EDGE('',*,*,#2805,.T.);
#3677=ORIENTED_EDGE('',*,*,#2802,.F.);
#3678=ORIENTED_EDGE('',*,*,#2805,.F.);
#3679=ORIENTED_EDGE('',*,*,#2772,.F.);
#3680=ORIENTED_EDGE('',*,*,#2776,.F.);
#3681=ORIENTED_EDGE('',*,*,#2779,.F.);
#3682=ORIENTED_EDGE('',*,*,#2782,.F.);
#3683=ORIENTED_EDGE('',*,*,#2785,.F.);
#3684=ORIENTED_EDGE('',*,*,#2788,.F.);
#3685=ORIENTED_EDGE('',*,*,#2791,.F.);
#3686=ORIENTED_EDGE('',*,*,#2794,.F.);
#3687=ORIENTED_EDGE('',*,*,#2797,.F.);
#3688=ORIENTED_EDGE('',*,*,#2800,.F.);
#3689=ORIENTED_EDGE('',*,*,#2803,.F.);
#3690=ORIENTED_EDGE('',*,*,#2769,.F.);
#3691=ORIENTED_EDGE('',*,*,#2745,.F.);
#3692=ORIENTED_EDGE('',*,*,#2749,.F.);
#3693=ORIENTED_EDGE('',*,*,#2752,.F.);
#3694=ORIENTED_EDGE('',*,*,#2755,.F.);
#3695=ORIENTED_EDGE('',*,*,#2758,.F.);
#3696=ORIENTED_EDGE('',*,*,#2761,.F.);
#3697=ORIENTED_EDGE('',*,*,#2764,.F.);
#3698=ORIENTED_EDGE('',*,*,#2767,.F.);
#3699=ORIENTED_EDGE('',*,*,#2806,.F.);
#3700=ORIENTED_EDGE('',*,*,#2807,.T.);
#3701=ORIENTED_EDGE('',*,*,#2808,.T.);
#3702=ORIENTED_EDGE('',*,*,#2809,.F.);
#3703=ORIENTED_EDGE('',*,*,#2810,.F.);
#3704=ORIENTED_EDGE('',*,*,#2811,.T.);
#3705=ORIENTED_EDGE('',*,*,#2812,.T.);
#3706=ORIENTED_EDGE('',*,*,#2807,.F.);
#3707=ORIENTED_EDGE('',*,*,#2813,.F.);
#3708=ORIENTED_EDGE('',*,*,#2809,.T.);
#3709=ORIENTED_EDGE('',*,*,#2814,.T.);
#3710=ORIENTED_EDGE('',*,*,#2811,.F.);
#3711=ORIENTED_EDGE('',*,*,#2815,.F.);
#3712=ORIENTED_EDGE('',*,*,#2816,.T.);
#3713=ORIENTED_EDGE('',*,*,#2817,.T.);
#3714=ORIENTED_EDGE('',*,*,#2818,.F.);
#3715=ORIENTED_EDGE('',*,*,#2819,.F.);
#3716=ORIENTED_EDGE('',*,*,#2820,.T.);
#3717=ORIENTED_EDGE('',*,*,#2821,.T.);
#3718=ORIENTED_EDGE('',*,*,#2816,.F.);
#3719=ORIENTED_EDGE('',*,*,#2822,.F.);
#3720=ORIENTED_EDGE('',*,*,#2823,.T.);
#3721=ORIENTED_EDGE('',*,*,#2824,.T.);
#3722=ORIENTED_EDGE('',*,*,#2820,.F.);
#3723=ORIENTED_EDGE('',*,*,#2825,.F.);
#3724=ORIENTED_EDGE('',*,*,#2826,.T.);
#3725=ORIENTED_EDGE('',*,*,#2827,.T.);
#3726=ORIENTED_EDGE('',*,*,#2823,.F.);
#3727=ORIENTED_EDGE('',*,*,#2828,.F.);
#3728=ORIENTED_EDGE('',*,*,#2829,.T.);
#3729=ORIENTED_EDGE('',*,*,#2830,.T.);
#3730=ORIENTED_EDGE('',*,*,#2826,.F.);
#3731=ORIENTED_EDGE('',*,*,#2831,.F.);
#3732=ORIENTED_EDGE('',*,*,#2832,.T.);
#3733=ORIENTED_EDGE('',*,*,#2833,.T.);
#3734=ORIENTED_EDGE('',*,*,#2829,.F.);
#3735=ORIENTED_EDGE('',*,*,#2834,.F.);
#3736=ORIENTED_EDGE('',*,*,#2835,.T.);
#3737=ORIENTED_EDGE('',*,*,#2836,.T.);
#3738=ORIENTED_EDGE('',*,*,#2832,.F.);
#3739=ORIENTED_EDGE('',*,*,#2837,.F.);
#3740=ORIENTED_EDGE('',*,*,#2818,.T.);
#3741=ORIENTED_EDGE('',*,*,#2838,.T.);
#3742=ORIENTED_EDGE('',*,*,#2835,.F.);
#3743=ORIENTED_EDGE('',*,*,#2838,.F.);
#3744=ORIENTED_EDGE('',*,*,#2817,.F.);
#3745=ORIENTED_EDGE('',*,*,#2821,.F.);
#3746=ORIENTED_EDGE('',*,*,#2824,.F.);
#3747=ORIENTED_EDGE('',*,*,#2827,.F.);
#3748=ORIENTED_EDGE('',*,*,#2830,.F.);
#3749=ORIENTED_EDGE('',*,*,#2833,.F.);
#3750=ORIENTED_EDGE('',*,*,#2836,.F.);
#3751=ORIENTED_EDGE('',*,*,#2814,.F.);
#3752=ORIENTED_EDGE('',*,*,#2808,.F.);
#3753=ORIENTED_EDGE('',*,*,#2812,.F.);
#3754=ORIENTED_EDGE('',*,*,#2839,.F.);
#3755=ORIENTED_EDGE('',*,*,#2840,.T.);
#3756=ORIENTED_EDGE('',*,*,#2841,.T.);
#3757=ORIENTED_EDGE('',*,*,#2842,.F.);
#3758=ORIENTED_EDGE('',*,*,#2843,.F.);
#3759=ORIENTED_EDGE('',*,*,#2844,.T.);
#3760=ORIENTED_EDGE('',*,*,#2845,.T.);
#3761=ORIENTED_EDGE('',*,*,#2840,.F.);
#3762=ORIENTED_EDGE('',*,*,#2846,.F.);
#3763=ORIENTED_EDGE('',*,*,#2847,.T.);
#3764=ORIENTED_EDGE('',*,*,#2848,.T.);
#3765=ORIENTED_EDGE('',*,*,#2844,.F.);
#3766=ORIENTED_EDGE('',*,*,#2849,.F.);
#3767=ORIENTED_EDGE('',*,*,#2850,.T.);
#3768=ORIENTED_EDGE('',*,*,#2851,.T.);
#3769=ORIENTED_EDGE('',*,*,#2847,.F.);
#3770=ORIENTED_EDGE('',*,*,#2852,.F.);
#3771=ORIENTED_EDGE('',*,*,#2853,.T.);
#3772=ORIENTED_EDGE('',*,*,#2854,.T.);
#3773=ORIENTED_EDGE('',*,*,#2850,.F.);
#3774=ORIENTED_EDGE('',*,*,#2855,.F.);
#3775=ORIENTED_EDGE('',*,*,#2856,.T.);
#3776=ORIENTED_EDGE('',*,*,#2857,.T.);
#3777=ORIENTED_EDGE('',*,*,#2853,.F.);
#3778=ORIENTED_EDGE('',*,*,#2858,.F.);
#3779=ORIENTED_EDGE('',*,*,#2859,.T.);
#3780=ORIENTED_EDGE('',*,*,#2860,.T.);
#3781=ORIENTED_EDGE('',*,*,#2856,.F.);
#3782=ORIENTED_EDGE('',*,*,#2861,.F.);
#3783=ORIENTED_EDGE('',*,*,#2862,.T.);
#3784=ORIENTED_EDGE('',*,*,#2863,.T.);
#3785=ORIENTED_EDGE('',*,*,#2859,.F.);
#3786=ORIENTED_EDGE('',*,*,#2864,.F.);
#3787=ORIENTED_EDGE('',*,*,#2865,.T.);
#3788=ORIENTED_EDGE('',*,*,#2866,.T.);
#3789=ORIENTED_EDGE('',*,*,#2862,.F.);
#3790=ORIENTED_EDGE('',*,*,#2867,.F.);
#3791=ORIENTED_EDGE('',*,*,#2868,.T.);
#3792=ORIENTED_EDGE('',*,*,#2869,.T.);
#3793=ORIENTED_EDGE('',*,*,#2865,.F.);
#3794=ORIENTED_EDGE('',*,*,#2870,.F.);
#3795=ORIENTED_EDGE('',*,*,#2871,.T.);
#3796=ORIENTED_EDGE('',*,*,#2872,.T.);
#3797=ORIENTED_EDGE('',*,*,#2868,.F.);
#3798=ORIENTED_EDGE('',*,*,#2873,.F.);
#3799=ORIENTED_EDGE('',*,*,#2842,.T.);
#3800=ORIENTED_EDGE('',*,*,#2874,.T.);
#3801=ORIENTED_EDGE('',*,*,#2871,.F.);
#3802=ORIENTED_EDGE('',*,*,#2874,.F.);
#3803=ORIENTED_EDGE('',*,*,#2841,.F.);
#3804=ORIENTED_EDGE('',*,*,#2845,.F.);
#3805=ORIENTED_EDGE('',*,*,#2848,.F.);
#3806=ORIENTED_EDGE('',*,*,#2851,.F.);
#3807=ORIENTED_EDGE('',*,*,#2854,.F.);
#3808=ORIENTED_EDGE('',*,*,#2857,.F.);
#3809=ORIENTED_EDGE('',*,*,#2860,.F.);
#3810=ORIENTED_EDGE('',*,*,#2863,.F.);
#3811=ORIENTED_EDGE('',*,*,#2866,.F.);
#3812=ORIENTED_EDGE('',*,*,#2869,.F.);
#3813=ORIENTED_EDGE('',*,*,#2872,.F.);
#3814=ORIENTED_EDGE('',*,*,#2875,.F.);
#3815=ORIENTED_EDGE('',*,*,#2876,.T.);
#3816=ORIENTED_EDGE('',*,*,#2877,.T.);
#3817=ORIENTED_EDGE('',*,*,#2878,.F.);
#3818=ORIENTED_EDGE('',*,*,#2879,.F.);
#3819=ORIENTED_EDGE('',*,*,#2880,.T.);
#3820=ORIENTED_EDGE('',*,*,#2881,.T.);
#3821=ORIENTED_EDGE('',*,*,#2876,.F.);
#3822=ORIENTED_EDGE('',*,*,#2882,.F.);
#3823=ORIENTED_EDGE('',*,*,#2883,.T.);
#3824=ORIENTED_EDGE('',*,*,#2884,.T.);
#3825=ORIENTED_EDGE('',*,*,#2880,.F.);
#3826=ORIENTED_EDGE('',*,*,#2885,.F.);
#3827=ORIENTED_EDGE('',*,*,#2886,.T.);
#3828=ORIENTED_EDGE('',*,*,#2887,.T.);
#3829=ORIENTED_EDGE('',*,*,#2883,.F.);
#3830=ORIENTED_EDGE('',*,*,#2888,.F.);
#3831=ORIENTED_EDGE('',*,*,#2889,.T.);
#3832=ORIENTED_EDGE('',*,*,#2890,.T.);
#3833=ORIENTED_EDGE('',*,*,#2886,.F.);
#3834=ORIENTED_EDGE('',*,*,#2891,.F.);
#3835=ORIENTED_EDGE('',*,*,#2892,.T.);
#3836=ORIENTED_EDGE('',*,*,#2893,.T.);
#3837=ORIENTED_EDGE('',*,*,#2889,.F.);
#3838=ORIENTED_EDGE('',*,*,#2894,.F.);
#3839=ORIENTED_EDGE('',*,*,#2895,.T.);
#3840=ORIENTED_EDGE('',*,*,#2896,.T.);
#3841=ORIENTED_EDGE('',*,*,#2892,.F.);
#3842=ORIENTED_EDGE('',*,*,#2897,.F.);
#3843=ORIENTED_EDGE('',*,*,#2898,.T.);
#3844=ORIENTED_EDGE('',*,*,#2899,.T.);
#3845=ORIENTED_EDGE('',*,*,#2895,.F.);
#3846=ORIENTED_EDGE('',*,*,#2900,.F.);
#3847=ORIENTED_EDGE('',*,*,#2901,.T.);
#3848=ORIENTED_EDGE('',*,*,#2902,.T.);
#3849=ORIENTED_EDGE('',*,*,#2898,.F.);
#3850=ORIENTED_EDGE('',*,*,#2903,.F.);
#3851=ORIENTED_EDGE('',*,*,#2904,.T.);
#3852=ORIENTED_EDGE('',*,*,#2905,.T.);
#3853=ORIENTED_EDGE('',*,*,#2901,.F.);
#3854=ORIENTED_EDGE('',*,*,#2906,.F.);
#3855=ORIENTED_EDGE('',*,*,#2907,.T.);
#3856=ORIENTED_EDGE('',*,*,#2908,.T.);
#3857=ORIENTED_EDGE('',*,*,#2904,.F.);
#3858=ORIENTED_EDGE('',*,*,#2909,.F.);
#3859=ORIENTED_EDGE('',*,*,#2910,.T.);
#3860=ORIENTED_EDGE('',*,*,#2911,.T.);
#3861=ORIENTED_EDGE('',*,*,#2907,.F.);
#3862=ORIENTED_EDGE('',*,*,#2912,.F.);
#3863=ORIENTED_EDGE('',*,*,#2913,.T.);
#3864=ORIENTED_EDGE('',*,*,#2914,.T.);
#3865=ORIENTED_EDGE('',*,*,#2910,.F.);
#3866=ORIENTED_EDGE('',*,*,#2915,.F.);
#3867=ORIENTED_EDGE('',*,*,#2916,.T.);
#3868=ORIENTED_EDGE('',*,*,#2917,.T.);
#3869=ORIENTED_EDGE('',*,*,#2913,.F.);
#3870=ORIENTED_EDGE('',*,*,#2918,.F.);
#3871=ORIENTED_EDGE('',*,*,#2919,.T.);
#3872=ORIENTED_EDGE('',*,*,#2920,.T.);
#3873=ORIENTED_EDGE('',*,*,#2916,.F.);
#3874=ORIENTED_EDGE('',*,*,#2921,.F.);
#3875=ORIENTED_EDGE('',*,*,#2922,.T.);
#3876=ORIENTED_EDGE('',*,*,#2923,.T.);
#3877=ORIENTED_EDGE('',*,*,#2919,.F.);
#3878=ORIENTED_EDGE('',*,*,#2924,.F.);
#3879=ORIENTED_EDGE('',*,*,#2925,.T.);
#3880=ORIENTED_EDGE('',*,*,#2926,.T.);
#3881=ORIENTED_EDGE('',*,*,#2922,.F.);
#3882=ORIENTED_EDGE('',*,*,#2927,.F.);
#3883=ORIENTED_EDGE('',*,*,#2878,.T.);
#3884=ORIENTED_EDGE('',*,*,#2928,.T.);
#3885=ORIENTED_EDGE('',*,*,#2925,.F.);
#3886=ORIENTED_EDGE('',*,*,#2928,.F.);
#3887=ORIENTED_EDGE('',*,*,#2877,.F.);
#3888=ORIENTED_EDGE('',*,*,#2881,.F.);
#3889=ORIENTED_EDGE('',*,*,#2884,.F.);
#3890=ORIENTED_EDGE('',*,*,#2887,.F.);
#3891=ORIENTED_EDGE('',*,*,#2890,.F.);
#3892=ORIENTED_EDGE('',*,*,#2893,.F.);
#3893=ORIENTED_EDGE('',*,*,#2896,.F.);
#3894=ORIENTED_EDGE('',*,*,#2899,.F.);
#3895=ORIENTED_EDGE('',*,*,#2902,.F.);
#3896=ORIENTED_EDGE('',*,*,#2905,.F.);
#3897=ORIENTED_EDGE('',*,*,#2908,.F.);
#3898=ORIENTED_EDGE('',*,*,#2911,.F.);
#3899=ORIENTED_EDGE('',*,*,#2914,.F.);
#3900=ORIENTED_EDGE('',*,*,#2917,.F.);
#3901=ORIENTED_EDGE('',*,*,#2920,.F.);
#3902=ORIENTED_EDGE('',*,*,#2923,.F.);
#3903=ORIENTED_EDGE('',*,*,#2926,.F.);
#3904=ORIENTED_EDGE('',*,*,#2929,.F.);
#3905=ORIENTED_EDGE('',*,*,#2930,.T.);
#3906=ORIENTED_EDGE('',*,*,#2931,.T.);
#3907=ORIENTED_EDGE('',*,*,#2932,.F.);
#3908=ORIENTED_EDGE('',*,*,#2933,.F.);
#3909=ORIENTED_EDGE('',*,*,#2934,.T.);
#3910=ORIENTED_EDGE('',*,*,#2935,.T.);
#3911=ORIENTED_EDGE('',*,*,#2930,.F.);
#3912=ORIENTED_EDGE('',*,*,#2936,.F.);
#3913=ORIENTED_EDGE('',*,*,#2937,.T.);
#3914=ORIENTED_EDGE('',*,*,#2938,.T.);
#3915=ORIENTED_EDGE('',*,*,#2934,.F.);
#3916=ORIENTED_EDGE('',*,*,#2939,.F.);
#3917=ORIENTED_EDGE('',*,*,#2940,.T.);
#3918=ORIENTED_EDGE('',*,*,#2941,.T.);
#3919=ORIENTED_EDGE('',*,*,#2937,.F.);
#3920=ORIENTED_EDGE('',*,*,#2942,.F.);
#3921=ORIENTED_EDGE('',*,*,#2943,.T.);
#3922=ORIENTED_EDGE('',*,*,#2944,.T.);
#3923=ORIENTED_EDGE('',*,*,#2940,.F.);
#3924=ORIENTED_EDGE('',*,*,#2945,.F.);
#3925=ORIENTED_EDGE('',*,*,#2946,.T.);
#3926=ORIENTED_EDGE('',*,*,#2947,.T.);
#3927=ORIENTED_EDGE('',*,*,#2943,.F.);
#3928=ORIENTED_EDGE('',*,*,#2948,.F.);
#3929=ORIENTED_EDGE('',*,*,#2949,.T.);
#3930=ORIENTED_EDGE('',*,*,#2950,.T.);
#3931=ORIENTED_EDGE('',*,*,#2946,.F.);
#3932=ORIENTED_EDGE('',*,*,#2951,.F.);
#3933=ORIENTED_EDGE('',*,*,#2952,.T.);
#3934=ORIENTED_EDGE('',*,*,#2953,.T.);
#3935=ORIENTED_EDGE('',*,*,#2949,.F.);
#3936=ORIENTED_EDGE('',*,*,#2954,.F.);
#3937=ORIENTED_EDGE('',*,*,#2955,.T.);
#3938=ORIENTED_EDGE('',*,*,#2956,.T.);
#3939=ORIENTED_EDGE('',*,*,#2952,.F.);
#3940=ORIENTED_EDGE('',*,*,#2957,.F.);
#3941=ORIENTED_EDGE('',*,*,#2958,.T.);
#3942=ORIENTED_EDGE('',*,*,#2959,.T.);
#3943=ORIENTED_EDGE('',*,*,#2955,.F.);
#3944=ORIENTED_EDGE('',*,*,#2960,.F.);
#3945=ORIENTED_EDGE('',*,*,#2961,.T.);
#3946=ORIENTED_EDGE('',*,*,#2962,.T.);
#3947=ORIENTED_EDGE('',*,*,#2958,.F.);
#3948=ORIENTED_EDGE('',*,*,#2963,.F.);
#3949=ORIENTED_EDGE('',*,*,#2932,.T.);
#3950=ORIENTED_EDGE('',*,*,#2964,.T.);
#3951=ORIENTED_EDGE('',*,*,#2961,.F.);
#3952=ORIENTED_EDGE('',*,*,#2964,.F.);
#3953=ORIENTED_EDGE('',*,*,#2931,.F.);
#3954=ORIENTED_EDGE('',*,*,#2935,.F.);
#3955=ORIENTED_EDGE('',*,*,#2938,.F.);
#3956=ORIENTED_EDGE('',*,*,#2941,.F.);
#3957=ORIENTED_EDGE('',*,*,#2944,.F.);
#3958=ORIENTED_EDGE('',*,*,#2947,.F.);
#3959=ORIENTED_EDGE('',*,*,#2950,.F.);
#3960=ORIENTED_EDGE('',*,*,#2953,.F.);
#3961=ORIENTED_EDGE('',*,*,#2956,.F.);
#3962=ORIENTED_EDGE('',*,*,#2959,.F.);
#3963=ORIENTED_EDGE('',*,*,#2962,.F.);
#3964=ORIENTED_EDGE('',*,*,#2806,.T.);
#3965=ORIENTED_EDGE('',*,*,#2813,.T.);
#3966=ORIENTED_EDGE('',*,*,#2810,.T.);
#3967=ORIENTED_EDGE('',*,*,#2743,.T.);
#3968=ORIENTED_EDGE('',*,*,#2768,.T.);
#3969=ORIENTED_EDGE('',*,*,#2765,.T.);
#3970=ORIENTED_EDGE('',*,*,#2762,.T.);
#3971=ORIENTED_EDGE('',*,*,#2759,.T.);
#3972=ORIENTED_EDGE('',*,*,#2756,.T.);
#3973=ORIENTED_EDGE('',*,*,#2753,.T.);
#3974=ORIENTED_EDGE('',*,*,#2750,.T.);
#3975=ORIENTED_EDGE('',*,*,#2747,.T.);
#3976=ORIENTED_EDGE('',*,*,#2677,.T.);
#3977=ORIENTED_EDGE('',*,*,#2708,.T.);
#3978=ORIENTED_EDGE('',*,*,#2705,.T.);
#3979=ORIENTED_EDGE('',*,*,#2702,.T.);
#3980=ORIENTED_EDGE('',*,*,#2699,.T.);
#3981=ORIENTED_EDGE('',*,*,#2696,.T.);
#3982=ORIENTED_EDGE('',*,*,#2693,.T.);
#3983=ORIENTED_EDGE('',*,*,#2690,.T.);
#3984=ORIENTED_EDGE('',*,*,#2687,.T.);
#3985=ORIENTED_EDGE('',*,*,#2684,.T.);
#3986=ORIENTED_EDGE('',*,*,#2681,.T.);
#3987=ORIENTED_EDGE('',*,*,#2644,.T.);
#3988=ORIENTED_EDGE('',*,*,#2651,.T.);
#3989=ORIENTED_EDGE('',*,*,#2648,.T.);
#3990=ORIENTED_EDGE('',*,*,#2965,.T.);
#3991=ORIENTED_EDGE('',*,*,#2966,.T.);
#3992=ORIENTED_EDGE('',*,*,#2967,.T.);
#3993=ORIENTED_EDGE('',*,*,#2968,.T.);
#3994=ORIENTED_EDGE('',*,*,#2969,.T.);
#3995=ORIENTED_EDGE('',*,*,#2970,.T.);
#3996=ORIENTED_EDGE('',*,*,#2971,.T.);
#3997=ORIENTED_EDGE('',*,*,#2972,.T.);
#3998=ORIENTED_EDGE('',*,*,#2973,.T.);
#3999=ORIENTED_EDGE('',*,*,#2974,.T.);
#4000=ORIENTED_EDGE('',*,*,#2975,.T.);
#4001=ORIENTED_EDGE('',*,*,#2976,.T.);
#4002=ORIENTED_EDGE('',*,*,#2977,.T.);
#4003=ORIENTED_EDGE('',*,*,#2978,.T.);
#4004=ORIENTED_EDGE('',*,*,#2979,.T.);
#4005=ORIENTED_EDGE('',*,*,#2980,.T.);
#4006=ORIENTED_EDGE('',*,*,#2979,.F.);
#4007=ORIENTED_EDGE('',*,*,#2981,.T.);
#4008=ORIENTED_EDGE('',*,*,#2975,.F.);
#4009=ORIENTED_EDGE('',*,*,#2973,.F.);
#4010=ORIENTED_EDGE('',*,*,#2982,.T.);
#4011=ORIENTED_EDGE('',*,*,#2971,.F.);
#4012=ORIENTED_EDGE('',*,*,#2969,.F.);
#4013=ORIENTED_EDGE('',*,*,#2983,.T.);
#4014=ORIENTED_EDGE('',*,*,#2965,.F.);
#4015=ORIENTED_EDGE('',*,*,#2967,.F.);
#4016=ORIENTED_EDGE('',*,*,#2984,.T.);
#4017=ORIENTED_EDGE('',*,*,#2977,.F.);
#4018=ORIENTED_EDGE('',*,*,#2982,.F.);
#4019=ORIENTED_EDGE('',*,*,#2985,.T.);
#4020=ORIENTED_EDGE('',*,*,#2986,.T.);
#4021=ORIENTED_EDGE('',*,*,#2987,.T.);
#4022=ORIENTED_EDGE('',*,*,#2976,.F.);
#4023=ORIENTED_EDGE('',*,*,#2988,.F.);
#4024=ORIENTED_EDGE('',*,*,#2989,.T.);
#4025=ORIENTED_EDGE('',*,*,#2985,.F.);
#4026=ORIENTED_EDGE('',*,*,#2981,.F.);
#4027=ORIENTED_EDGE('',*,*,#2990,.T.);
#4028=ORIENTED_EDGE('',*,*,#2991,.T.);
#4029=ORIENTED_EDGE('',*,*,#2988,.T.);
#4030=ORIENTED_EDGE('',*,*,#2978,.F.);
#4031=ORIENTED_EDGE('',*,*,#2992,.F.);
#4032=ORIENTED_EDGE('',*,*,#2993,.F.);
#4033=ORIENTED_EDGE('',*,*,#2990,.F.);
#4034=ORIENTED_EDGE('',*,*,#2968,.F.);
#4035=ORIENTED_EDGE('',*,*,#2980,.F.);
#4036=ORIENTED_EDGE('',*,*,#2974,.F.);
#4037=ORIENTED_EDGE('',*,*,#2970,.F.);
#4038=ORIENTED_EDGE('',*,*,#2994,.T.);
#4039=ORIENTED_EDGE('',*,*,#2995,.T.);
#4040=ORIENTED_EDGE('',*,*,#2996,.T.);
#4041=ORIENTED_EDGE('',*,*,#2997,.T.);
#4042=ORIENTED_EDGE('',*,*,#2998,.T.);
#4043=ORIENTED_EDGE('',*,*,#2999,.T.);
#4044=ORIENTED_EDGE('',*,*,#3000,.T.);
#4045=ORIENTED_EDGE('',*,*,#3001,.T.);
#4046=ORIENTED_EDGE('',*,*,#3002,.T.);
#4047=ORIENTED_EDGE('',*,*,#3003,.T.);
#4048=ORIENTED_EDGE('',*,*,#3004,.T.);
#4049=ORIENTED_EDGE('',*,*,#3005,.T.);
#4050=ORIENTED_EDGE('',*,*,#3006,.T.);
#4051=ORIENTED_EDGE('',*,*,#3007,.T.);
#4052=ORIENTED_EDGE('',*,*,#3008,.T.);
#4053=ORIENTED_EDGE('',*,*,#3009,.T.);
#4054=ORIENTED_EDGE('',*,*,#3010,.T.);
#4055=ORIENTED_EDGE('',*,*,#3011,.T.);
#4056=ORIENTED_EDGE('',*,*,#3012,.T.);
#4057=ORIENTED_EDGE('',*,*,#3013,.T.);
#4058=ORIENTED_EDGE('',*,*,#3014,.T.);
#4059=ORIENTED_EDGE('',*,*,#3015,.T.);
#4060=ORIENTED_EDGE('',*,*,#3016,.T.);
#4061=ORIENTED_EDGE('',*,*,#3017,.T.);
#4062=ORIENTED_EDGE('',*,*,#3018,.T.);
#4063=ORIENTED_EDGE('',*,*,#3019,.T.);
#4064=ORIENTED_EDGE('',*,*,#3020,.T.);
#4065=ORIENTED_EDGE('',*,*,#3021,.T.);
#4066=ORIENTED_EDGE('',*,*,#3022,.T.);
#4067=ORIENTED_EDGE('',*,*,#3023,.T.);
#4068=ORIENTED_EDGE('',*,*,#3024,.T.);
#4069=ORIENTED_EDGE('',*,*,#3025,.T.);
#4070=ORIENTED_EDGE('',*,*,#3026,.T.);
#4071=ORIENTED_EDGE('',*,*,#3027,.T.);
#4072=ORIENTED_EDGE('',*,*,#3028,.T.);
#4073=ORIENTED_EDGE('',*,*,#3029,.T.);
#4074=ORIENTED_EDGE('',*,*,#3030,.T.);
#4075=ORIENTED_EDGE('',*,*,#3031,.T.);
#4076=ORIENTED_EDGE('',*,*,#3032,.T.);
#4077=ORIENTED_EDGE('',*,*,#3033,.T.);
#4078=ORIENTED_EDGE('',*,*,#3034,.T.);
#4079=ORIENTED_EDGE('',*,*,#3035,.T.);
#4080=ORIENTED_EDGE('',*,*,#3036,.T.);
#4081=ORIENTED_EDGE('',*,*,#3037,.T.);
#4082=ORIENTED_EDGE('',*,*,#3038,.T.);
#4083=ORIENTED_EDGE('',*,*,#3039,.T.);
#4084=ORIENTED_EDGE('',*,*,#3040,.T.);
#4085=ORIENTED_EDGE('',*,*,#3041,.T.);
#4086=ORIENTED_EDGE('',*,*,#3042,.T.);
#4087=ORIENTED_EDGE('',*,*,#3043,.T.);
#4088=ORIENTED_EDGE('',*,*,#3044,.T.);
#4089=ORIENTED_EDGE('',*,*,#3045,.T.);
#4090=ORIENTED_EDGE('',*,*,#3046,.T.);
#4091=ORIENTED_EDGE('',*,*,#3047,.T.);
#4092=ORIENTED_EDGE('',*,*,#3048,.T.);
#4093=ORIENTED_EDGE('',*,*,#3049,.T.);
#4094=ORIENTED_EDGE('',*,*,#3050,.T.);
#4095=ORIENTED_EDGE('',*,*,#3051,.T.);
#4096=ORIENTED_EDGE('',*,*,#3052,.T.);
#4097=ORIENTED_EDGE('',*,*,#3053,.T.);
#4098=ORIENTED_EDGE('',*,*,#3054,.T.);
#4099=ORIENTED_EDGE('',*,*,#3055,.T.);
#4100=ORIENTED_EDGE('',*,*,#3056,.T.);
#4101=ORIENTED_EDGE('',*,*,#3057,.T.);
#4102=ORIENTED_EDGE('',*,*,#3058,.T.);
#4103=ORIENTED_EDGE('',*,*,#3059,.T.);
#4104=ORIENTED_EDGE('',*,*,#3060,.T.);
#4105=ORIENTED_EDGE('',*,*,#3061,.T.);
#4106=ORIENTED_EDGE('',*,*,#3062,.T.);
#4107=ORIENTED_EDGE('',*,*,#3063,.T.);
#4108=ORIENTED_EDGE('',*,*,#3064,.T.);
#4109=ORIENTED_EDGE('',*,*,#3065,.T.);
#4110=ORIENTED_EDGE('',*,*,#3066,.T.);
#4111=ORIENTED_EDGE('',*,*,#3067,.T.);
#4112=ORIENTED_EDGE('',*,*,#3068,.T.);
#4113=ORIENTED_EDGE('',*,*,#3069,.T.);
#4114=ORIENTED_EDGE('',*,*,#3070,.T.);
#4115=ORIENTED_EDGE('',*,*,#3071,.T.);
#4116=ORIENTED_EDGE('',*,*,#3072,.T.);
#4117=ORIENTED_EDGE('',*,*,#3073,.T.);
#4118=ORIENTED_EDGE('',*,*,#3074,.T.);
#4119=ORIENTED_EDGE('',*,*,#3075,.T.);
#4120=ORIENTED_EDGE('',*,*,#3076,.T.);
#4121=ORIENTED_EDGE('',*,*,#3077,.T.);
#4122=ORIENTED_EDGE('',*,*,#3078,.T.);
#4123=ORIENTED_EDGE('',*,*,#3079,.T.);
#4124=ORIENTED_EDGE('',*,*,#3080,.T.);
#4125=ORIENTED_EDGE('',*,*,#3081,.T.);
#4126=ORIENTED_EDGE('',*,*,#3082,.T.);
#4127=ORIENTED_EDGE('',*,*,#3083,.T.);
#4128=ORIENTED_EDGE('',*,*,#3084,.T.);
#4129=ORIENTED_EDGE('',*,*,#3085,.T.);
#4130=ORIENTED_EDGE('',*,*,#3086,.T.);
#4131=ORIENTED_EDGE('',*,*,#3087,.T.);
#4132=ORIENTED_EDGE('',*,*,#3088,.T.);
#4133=ORIENTED_EDGE('',*,*,#3089,.T.);
#4134=ORIENTED_EDGE('',*,*,#3090,.T.);
#4135=ORIENTED_EDGE('',*,*,#3091,.T.);
#4136=ORIENTED_EDGE('',*,*,#3092,.T.);
#4137=ORIENTED_EDGE('',*,*,#3093,.T.);
#4138=ORIENTED_EDGE('',*,*,#3094,.T.);
#4139=ORIENTED_EDGE('',*,*,#3095,.T.);
#4140=ORIENTED_EDGE('',*,*,#3096,.T.);
#4141=ORIENTED_EDGE('',*,*,#3097,.T.);
#4142=ORIENTED_EDGE('',*,*,#3098,.T.);
#4143=ORIENTED_EDGE('',*,*,#3099,.T.);
#4144=ORIENTED_EDGE('',*,*,#3100,.T.);
#4145=ORIENTED_EDGE('',*,*,#3101,.T.);
#4146=ORIENTED_EDGE('',*,*,#3102,.T.);
#4147=ORIENTED_EDGE('',*,*,#3103,.T.);
#4148=ORIENTED_EDGE('',*,*,#3104,.T.);
#4149=ORIENTED_EDGE('',*,*,#3105,.T.);
#4150=ORIENTED_EDGE('',*,*,#3106,.T.);
#4151=ORIENTED_EDGE('',*,*,#3107,.T.);
#4152=ORIENTED_EDGE('',*,*,#3108,.T.);
#4153=ORIENTED_EDGE('',*,*,#3109,.T.);
#4154=ORIENTED_EDGE('',*,*,#3110,.T.);
#4155=ORIENTED_EDGE('',*,*,#3111,.T.);
#4156=ORIENTED_EDGE('',*,*,#3112,.T.);
#4157=ORIENTED_EDGE('',*,*,#3113,.T.);
#4158=ORIENTED_EDGE('',*,*,#3114,.T.);
#4159=ORIENTED_EDGE('',*,*,#3115,.T.);
#4160=ORIENTED_EDGE('',*,*,#3116,.T.);
#4161=ORIENTED_EDGE('',*,*,#3117,.T.);
#4162=ORIENTED_EDGE('',*,*,#3118,.T.);
#4163=ORIENTED_EDGE('',*,*,#3119,.T.);
#4164=ORIENTED_EDGE('',*,*,#3120,.T.);
#4165=ORIENTED_EDGE('',*,*,#3121,.T.);
#4166=ORIENTED_EDGE('',*,*,#3122,.T.);
#4167=ORIENTED_EDGE('',*,*,#3123,.T.);
#4168=ORIENTED_EDGE('',*,*,#3124,.T.);
#4169=ORIENTED_EDGE('',*,*,#3125,.T.);
#4170=ORIENTED_EDGE('',*,*,#2634,.F.);
#4171=ORIENTED_EDGE('',*,*,#2643,.F.);
#4172=ORIENTED_EDGE('',*,*,#2641,.F.);
#4173=ORIENTED_EDGE('',*,*,#2631,.F.);
#4174=ORIENTED_EDGE('',*,*,#2929,.T.);
#4175=ORIENTED_EDGE('',*,*,#2963,.T.);
#4176=ORIENTED_EDGE('',*,*,#2960,.T.);
#4177=ORIENTED_EDGE('',*,*,#2957,.T.);
#4178=ORIENTED_EDGE('',*,*,#2954,.T.);
#4179=ORIENTED_EDGE('',*,*,#2951,.T.);
#4180=ORIENTED_EDGE('',*,*,#2948,.T.);
#4181=ORIENTED_EDGE('',*,*,#2945,.T.);
#4182=ORIENTED_EDGE('',*,*,#2942,.T.);
#4183=ORIENTED_EDGE('',*,*,#2939,.T.);
#4184=ORIENTED_EDGE('',*,*,#2936,.T.);
#4185=ORIENTED_EDGE('',*,*,#2933,.T.);
#4186=ORIENTED_EDGE('',*,*,#2875,.T.);
#4187=ORIENTED_EDGE('',*,*,#2927,.T.);
#4188=ORIENTED_EDGE('',*,*,#2924,.T.);
#4189=ORIENTED_EDGE('',*,*,#2921,.T.);
#4190=ORIENTED_EDGE('',*,*,#2918,.T.);
#4191=ORIENTED_EDGE('',*,*,#2915,.T.);
#4192=ORIENTED_EDGE('',*,*,#2912,.T.);
#4193=ORIENTED_EDGE('',*,*,#2909,.T.);
#4194=ORIENTED_EDGE('',*,*,#2906,.T.);
#4195=ORIENTED_EDGE('',*,*,#2903,.T.);
#4196=ORIENTED_EDGE('',*,*,#2900,.T.);
#4197=ORIENTED_EDGE('',*,*,#2897,.T.);
#4198=ORIENTED_EDGE('',*,*,#2894,.T.);
#4199=ORIENTED_EDGE('',*,*,#2891,.T.);
#4200=ORIENTED_EDGE('',*,*,#2888,.T.);
#4201=ORIENTED_EDGE('',*,*,#2885,.T.);
#4202=ORIENTED_EDGE('',*,*,#2882,.T.);
#4203=ORIENTED_EDGE('',*,*,#2879,.T.);
#4204=ORIENTED_EDGE('',*,*,#2839,.T.);
#4205=ORIENTED_EDGE('',*,*,#2873,.T.);
#4206=ORIENTED_EDGE('',*,*,#2870,.T.);
#4207=ORIENTED_EDGE('',*,*,#2867,.T.);
#4208=ORIENTED_EDGE('',*,*,#2864,.T.);
#4209=ORIENTED_EDGE('',*,*,#2861,.T.);
#4210=ORIENTED_EDGE('',*,*,#2858,.T.);
#4211=ORIENTED_EDGE('',*,*,#2855,.T.);
#4212=ORIENTED_EDGE('',*,*,#2852,.T.);
#4213=ORIENTED_EDGE('',*,*,#2849,.T.);
#4214=ORIENTED_EDGE('',*,*,#2846,.T.);
#4215=ORIENTED_EDGE('',*,*,#2843,.T.);
#4216=ORIENTED_EDGE('',*,*,#2815,.T.);
#4217=ORIENTED_EDGE('',*,*,#2837,.T.);
#4218=ORIENTED_EDGE('',*,*,#2834,.T.);
#4219=ORIENTED_EDGE('',*,*,#2831,.T.);
#4220=ORIENTED_EDGE('',*,*,#2828,.T.);
#4221=ORIENTED_EDGE('',*,*,#2825,.T.);
#4222=ORIENTED_EDGE('',*,*,#2822,.T.);
#4223=ORIENTED_EDGE('',*,*,#2819,.T.);
#4224=ORIENTED_EDGE('',*,*,#2770,.T.);
#4225=ORIENTED_EDGE('',*,*,#2804,.T.);
#4226=ORIENTED_EDGE('',*,*,#2801,.T.);
#4227=ORIENTED_EDGE('',*,*,#2798,.T.);
#4228=ORIENTED_EDGE('',*,*,#2795,.T.);
#4229=ORIENTED_EDGE('',*,*,#2792,.T.);
#4230=ORIENTED_EDGE('',*,*,#2789,.T.);
#4231=ORIENTED_EDGE('',*,*,#2786,.T.);
#4232=ORIENTED_EDGE('',*,*,#2783,.T.);
#4233=ORIENTED_EDGE('',*,*,#2780,.T.);
#4234=ORIENTED_EDGE('',*,*,#2777,.T.);
#4235=ORIENTED_EDGE('',*,*,#2774,.T.);
#4236=ORIENTED_EDGE('',*,*,#2710,.T.);
#4237=ORIENTED_EDGE('',*,*,#2741,.T.);
#4238=ORIENTED_EDGE('',*,*,#2738,.T.);
#4239=ORIENTED_EDGE('',*,*,#2735,.T.);
#4240=ORIENTED_EDGE('',*,*,#2732,.T.);
#4241=ORIENTED_EDGE('',*,*,#2729,.T.);
#4242=ORIENTED_EDGE('',*,*,#2726,.T.);
#4243=ORIENTED_EDGE('',*,*,#2723,.T.);
#4244=ORIENTED_EDGE('',*,*,#2720,.T.);
#4245=ORIENTED_EDGE('',*,*,#2717,.T.);
#4246=ORIENTED_EDGE('',*,*,#2714,.T.);
#4247=ORIENTED_EDGE('',*,*,#2653,.T.);
#4248=ORIENTED_EDGE('',*,*,#2675,.T.);
#4249=ORIENTED_EDGE('',*,*,#2672,.T.);
#4250=ORIENTED_EDGE('',*,*,#2669,.T.);
#4251=ORIENTED_EDGE('',*,*,#2666,.T.);
#4252=ORIENTED_EDGE('',*,*,#2663,.T.);
#4253=ORIENTED_EDGE('',*,*,#2660,.T.);
#4254=ORIENTED_EDGE('',*,*,#2657,.T.);
#4255=ORIENTED_EDGE('',*,*,#2991,.F.);
#4256=ORIENTED_EDGE('',*,*,#2993,.T.);
#4257=ORIENTED_EDGE('',*,*,#3126,.F.);
#4258=ORIENTED_EDGE('',*,*,#3127,.T.);
#4259=ORIENTED_EDGE('',*,*,#3128,.F.);
#4260=ORIENTED_EDGE('',*,*,#3129,.T.);
#4261=ORIENTED_EDGE('',*,*,#2986,.F.);
#4262=ORIENTED_EDGE('',*,*,#2989,.F.);
#4263=ORIENTED_EDGE('',*,*,#3130,.T.);
#4264=ORIENTED_EDGE('',*,*,#3131,.T.);
#4265=ORIENTED_EDGE('',*,*,#3132,.T.);
#4266=ORIENTED_EDGE('',*,*,#3133,.T.);
#4267=ORIENTED_EDGE('',*,*,#3134,.F.);
#4268=ORIENTED_EDGE('',*,*,#3135,.F.);
#4269=ORIENTED_EDGE('',*,*,#3136,.F.);
#4270=ORIENTED_EDGE('',*,*,#3137,.F.);
#4271=ORIENTED_EDGE('',*,*,#3138,.F.);
#4272=ORIENTED_EDGE('',*,*,#3139,.F.);
#4273=ORIENTED_EDGE('',*,*,#3140,.F.);
#4274=ORIENTED_EDGE('',*,*,#3141,.F.);
#4275=ORIENTED_EDGE('',*,*,#3142,.F.);
#4276=ORIENTED_EDGE('',*,*,#3143,.F.);
#4277=ORIENTED_EDGE('',*,*,#3144,.F.);
#4278=ORIENTED_EDGE('',*,*,#3145,.F.);
#4279=ORIENTED_EDGE('',*,*,#3146,.F.);
#4280=ORIENTED_EDGE('',*,*,#3147,.F.);
#4281=ORIENTED_EDGE('',*,*,#3148,.F.);
#4282=ORIENTED_EDGE('',*,*,#3149,.F.);
#4283=ORIENTED_EDGE('',*,*,#3150,.F.);
#4284=ORIENTED_EDGE('',*,*,#3151,.F.);
#4285=ORIENTED_EDGE('',*,*,#3152,.F.);
#4286=ORIENTED_EDGE('',*,*,#3153,.F.);
#4287=ORIENTED_EDGE('',*,*,#3154,.F.);
#4288=ORIENTED_EDGE('',*,*,#3155,.F.);
#4289=ORIENTED_EDGE('',*,*,#3156,.F.);
#4290=ORIENTED_EDGE('',*,*,#3157,.F.);
#4291=ORIENTED_EDGE('',*,*,#3158,.F.);
#4292=ORIENTED_EDGE('',*,*,#3159,.F.);
#4293=ORIENTED_EDGE('',*,*,#3160,.F.);
#4294=ORIENTED_EDGE('',*,*,#3161,.F.);
#4295=ORIENTED_EDGE('',*,*,#3162,.F.);
#4296=ORIENTED_EDGE('',*,*,#3163,.F.);
#4297=ORIENTED_EDGE('',*,*,#3164,.F.);
#4298=ORIENTED_EDGE('',*,*,#3165,.F.);
#4299=ORIENTED_EDGE('',*,*,#3166,.F.);
#4300=ORIENTED_EDGE('',*,*,#3167,.F.);
#4301=ORIENTED_EDGE('',*,*,#3168,.F.);
#4302=ORIENTED_EDGE('',*,*,#3169,.F.);
#4303=ORIENTED_EDGE('',*,*,#3170,.F.);
#4304=ORIENTED_EDGE('',*,*,#3171,.F.);
#4305=ORIENTED_EDGE('',*,*,#3172,.F.);
#4306=ORIENTED_EDGE('',*,*,#3173,.F.);
#4307=ORIENTED_EDGE('',*,*,#3174,.F.);
#4308=ORIENTED_EDGE('',*,*,#3175,.F.);
#4309=ORIENTED_EDGE('',*,*,#3176,.F.);
#4310=ORIENTED_EDGE('',*,*,#3177,.F.);
#4311=ORIENTED_EDGE('',*,*,#3178,.F.);
#4312=ORIENTED_EDGE('',*,*,#3179,.F.);
#4313=ORIENTED_EDGE('',*,*,#3180,.F.);
#4314=ORIENTED_EDGE('',*,*,#3181,.F.);
#4315=ORIENTED_EDGE('',*,*,#3182,.F.);
#4316=ORIENTED_EDGE('',*,*,#3183,.F.);
#4317=ORIENTED_EDGE('',*,*,#3184,.F.);
#4318=ORIENTED_EDGE('',*,*,#3185,.F.);
#4319=ORIENTED_EDGE('',*,*,#3186,.F.);
#4320=ORIENTED_EDGE('',*,*,#3187,.F.);
#4321=ORIENTED_EDGE('',*,*,#3188,.F.);
#4322=ORIENTED_EDGE('',*,*,#3189,.F.);
#4323=ORIENTED_EDGE('',*,*,#3190,.F.);
#4324=ORIENTED_EDGE('',*,*,#3191,.F.);
#4325=ORIENTED_EDGE('',*,*,#3192,.F.);
#4326=ORIENTED_EDGE('',*,*,#3193,.F.);
#4327=ORIENTED_EDGE('',*,*,#3194,.F.);
#4328=ORIENTED_EDGE('',*,*,#3195,.F.);
#4329=ORIENTED_EDGE('',*,*,#3196,.F.);
#4330=ORIENTED_EDGE('',*,*,#3197,.F.);
#4331=ORIENTED_EDGE('',*,*,#3198,.F.);
#4332=ORIENTED_EDGE('',*,*,#3199,.F.);
#4333=ORIENTED_EDGE('',*,*,#3200,.F.);
#4334=ORIENTED_EDGE('',*,*,#3201,.F.);
#4335=ORIENTED_EDGE('',*,*,#3202,.F.);
#4336=ORIENTED_EDGE('',*,*,#3203,.F.);
#4337=ORIENTED_EDGE('',*,*,#3204,.F.);
#4338=ORIENTED_EDGE('',*,*,#3205,.F.);
#4339=ORIENTED_EDGE('',*,*,#3206,.F.);
#4340=ORIENTED_EDGE('',*,*,#3207,.F.);
#4341=ORIENTED_EDGE('',*,*,#3208,.F.);
#4342=ORIENTED_EDGE('',*,*,#3209,.F.);
#4343=ORIENTED_EDGE('',*,*,#3210,.F.);
#4344=ORIENTED_EDGE('',*,*,#3211,.F.);
#4345=ORIENTED_EDGE('',*,*,#3212,.F.);
#4346=ORIENTED_EDGE('',*,*,#3213,.F.);
#4347=ORIENTED_EDGE('',*,*,#3214,.F.);
#4348=ORIENTED_EDGE('',*,*,#3215,.F.);
#4349=ORIENTED_EDGE('',*,*,#3216,.F.);
#4350=ORIENTED_EDGE('',*,*,#3217,.F.);
#4351=ORIENTED_EDGE('',*,*,#3218,.F.);
#4352=ORIENTED_EDGE('',*,*,#3219,.F.);
#4353=ORIENTED_EDGE('',*,*,#3220,.F.);
#4354=ORIENTED_EDGE('',*,*,#3221,.F.);
#4355=ORIENTED_EDGE('',*,*,#3222,.F.);
#4356=ORIENTED_EDGE('',*,*,#3223,.F.);
#4357=ORIENTED_EDGE('',*,*,#3224,.F.);
#4358=ORIENTED_EDGE('',*,*,#3225,.F.);
#4359=ORIENTED_EDGE('',*,*,#3226,.F.);
#4360=ORIENTED_EDGE('',*,*,#3227,.F.);
#4361=ORIENTED_EDGE('',*,*,#3228,.F.);
#4362=ORIENTED_EDGE('',*,*,#3229,.F.);
#4363=ORIENTED_EDGE('',*,*,#3230,.F.);
#4364=ORIENTED_EDGE('',*,*,#3231,.F.);
#4365=ORIENTED_EDGE('',*,*,#3232,.F.);
#4366=ORIENTED_EDGE('',*,*,#3233,.F.);
#4367=ORIENTED_EDGE('',*,*,#3234,.F.);
#4368=ORIENTED_EDGE('',*,*,#3235,.F.);
#4369=ORIENTED_EDGE('',*,*,#3236,.F.);
#4370=ORIENTED_EDGE('',*,*,#3237,.F.);
#4371=ORIENTED_EDGE('',*,*,#3238,.F.);
#4372=ORIENTED_EDGE('',*,*,#3239,.F.);
#4373=ORIENTED_EDGE('',*,*,#3240,.F.);
#4374=ORIENTED_EDGE('',*,*,#3241,.F.);
#4375=ORIENTED_EDGE('',*,*,#3242,.F.);
#4376=ORIENTED_EDGE('',*,*,#3243,.F.);
#4377=ORIENTED_EDGE('',*,*,#3244,.F.);
#4378=ORIENTED_EDGE('',*,*,#3245,.F.);
#4379=ORIENTED_EDGE('',*,*,#3246,.F.);
#4380=ORIENTED_EDGE('',*,*,#3247,.F.);
#4381=ORIENTED_EDGE('',*,*,#3248,.F.);
#4382=ORIENTED_EDGE('',*,*,#3249,.F.);
#4383=ORIENTED_EDGE('',*,*,#3250,.F.);
#4384=ORIENTED_EDGE('',*,*,#3251,.F.);
#4385=ORIENTED_EDGE('',*,*,#3252,.F.);
#4386=ORIENTED_EDGE('',*,*,#3253,.F.);
#4387=ORIENTED_EDGE('',*,*,#3254,.F.);
#4388=ORIENTED_EDGE('',*,*,#3255,.F.);
#4389=ORIENTED_EDGE('',*,*,#3256,.F.);
#4390=ORIENTED_EDGE('',*,*,#3257,.F.);
#4391=ORIENTED_EDGE('',*,*,#3258,.F.);
#4392=ORIENTED_EDGE('',*,*,#3259,.F.);
#4393=ORIENTED_EDGE('',*,*,#3260,.F.);
#4394=ORIENTED_EDGE('',*,*,#3261,.F.);
#4395=ORIENTED_EDGE('',*,*,#3262,.F.);
#4396=ORIENTED_EDGE('',*,*,#3263,.F.);
#4397=ORIENTED_EDGE('',*,*,#3264,.F.);
#4398=ORIENTED_EDGE('',*,*,#3265,.F.);
#4399=ORIENTED_EDGE('',*,*,#2984,.F.);
#4400=ORIENTED_EDGE('',*,*,#3266,.T.);
#4401=ORIENTED_EDGE('',*,*,#3126,.T.);
#4402=ORIENTED_EDGE('',*,*,#2992,.T.);
#4403=ORIENTED_EDGE('',*,*,#2983,.F.);
#4404=ORIENTED_EDGE('',*,*,#3267,.T.);
#4405=ORIENTED_EDGE('',*,*,#3128,.T.);
#4406=ORIENTED_EDGE('',*,*,#3268,.T.);
#4407=ORIENTED_EDGE('',*,*,#2972,.F.);
#4408=ORIENTED_EDGE('',*,*,#2987,.F.);
#4409=ORIENTED_EDGE('',*,*,#3129,.F.);
#4410=ORIENTED_EDGE('',*,*,#3267,.F.);
#4411=ORIENTED_EDGE('',*,*,#3132,.F.);
#4412=ORIENTED_EDGE('',*,*,#3269,.F.);
#4413=ORIENTED_EDGE('',*,*,#2639,.F.);
#4414=ORIENTED_EDGE('',*,*,#3270,.T.);
#4415=ORIENTED_EDGE('',*,*,#3133,.F.);
#4416=ORIENTED_EDGE('',*,*,#3270,.F.);
#4417=ORIENTED_EDGE('',*,*,#2638,.F.);
#4418=ORIENTED_EDGE('',*,*,#3271,.T.);
#4419=ORIENTED_EDGE('',*,*,#3130,.F.);
#4420=ORIENTED_EDGE('',*,*,#3271,.F.);
#4421=ORIENTED_EDGE('',*,*,#2637,.F.);
#4422=ORIENTED_EDGE('',*,*,#3272,.T.);
#4423=ORIENTED_EDGE('',*,*,#3131,.F.);
#4424=ORIENTED_EDGE('',*,*,#3272,.F.);
#4425=ORIENTED_EDGE('',*,*,#2640,.F.);
#4426=ORIENTED_EDGE('',*,*,#3269,.T.);
#4427=ORIENTED_EDGE('',*,*,#2966,.F.);
#4428=ORIENTED_EDGE('',*,*,#3268,.F.);
#4429=ORIENTED_EDGE('',*,*,#3127,.F.);
#4430=ORIENTED_EDGE('',*,*,#3266,.F.);
#4431=ORIENTED_EDGE('',*,*,#3135,.T.);
#4432=ORIENTED_EDGE('',*,*,#3273,.T.);
#4433=ORIENTED_EDGE('',*,*,#3003,.F.);
#4434=ORIENTED_EDGE('',*,*,#3274,.F.);
#4435=ORIENTED_EDGE('',*,*,#3136,.T.);
#4436=ORIENTED_EDGE('',*,*,#3274,.T.);
#4437=ORIENTED_EDGE('',*,*,#3002,.F.);
#4438=ORIENTED_EDGE('',*,*,#3275,.F.);
#4439=ORIENTED_EDGE('',*,*,#3137,.T.);
#4440=ORIENTED_EDGE('',*,*,#3275,.T.);
#4441=ORIENTED_EDGE('',*,*,#3001,.F.);
#4442=ORIENTED_EDGE('',*,*,#3276,.F.);
#4443=ORIENTED_EDGE('',*,*,#3138,.T.);
#4444=ORIENTED_EDGE('',*,*,#3276,.T.);
#4445=ORIENTED_EDGE('',*,*,#3000,.F.);
#4446=ORIENTED_EDGE('',*,*,#3277,.F.);
#4447=ORIENTED_EDGE('',*,*,#3139,.T.);
#4448=ORIENTED_EDGE('',*,*,#3277,.T.);
#4449=ORIENTED_EDGE('',*,*,#2999,.F.);
#4450=ORIENTED_EDGE('',*,*,#3278,.F.);
#4451=ORIENTED_EDGE('',*,*,#3140,.T.);
#4452=ORIENTED_EDGE('',*,*,#3278,.T.);
#4453=ORIENTED_EDGE('',*,*,#2998,.F.);
#4454=ORIENTED_EDGE('',*,*,#3279,.F.);
#4455=ORIENTED_EDGE('',*,*,#3141,.T.);
#4456=ORIENTED_EDGE('',*,*,#3279,.T.);
#4457=ORIENTED_EDGE('',*,*,#2997,.F.);
#4458=ORIENTED_EDGE('',*,*,#3280,.F.);
#4459=ORIENTED_EDGE('',*,*,#3134,.T.);
#4460=ORIENTED_EDGE('',*,*,#3280,.T.);
#4461=ORIENTED_EDGE('',*,*,#2996,.F.);
#4462=ORIENTED_EDGE('',*,*,#3273,.F.);
#4463=ORIENTED_EDGE('',*,*,#3143,.T.);
#4464=ORIENTED_EDGE('',*,*,#3281,.T.);
#4465=ORIENTED_EDGE('',*,*,#3011,.F.);
#4466=ORIENTED_EDGE('',*,*,#3282,.F.);
#4467=ORIENTED_EDGE('',*,*,#3144,.T.);
#4468=ORIENTED_EDGE('',*,*,#3282,.T.);
#4469=ORIENTED_EDGE('',*,*,#3010,.F.);
#4470=ORIENTED_EDGE('',*,*,#3283,.F.);
#4471=ORIENTED_EDGE('',*,*,#3145,.T.);
#4472=ORIENTED_EDGE('',*,*,#3283,.T.);
#4473=ORIENTED_EDGE('',*,*,#3009,.F.);
#4474=ORIENTED_EDGE('',*,*,#3284,.F.);
#4475=ORIENTED_EDGE('',*,*,#3146,.T.);
#4476=ORIENTED_EDGE('',*,*,#3284,.T.);
#4477=ORIENTED_EDGE('',*,*,#3008,.F.);
#4478=ORIENTED_EDGE('',*,*,#3285,.F.);
#4479=ORIENTED_EDGE('',*,*,#3147,.T.);
#4480=ORIENTED_EDGE('',*,*,#3285,.T.);
#4481=ORIENTED_EDGE('',*,*,#3007,.F.);
#4482=ORIENTED_EDGE('',*,*,#3286,.F.);
#4483=ORIENTED_EDGE('',*,*,#3148,.T.);
#4484=ORIENTED_EDGE('',*,*,#3286,.T.);
#4485=ORIENTED_EDGE('',*,*,#3006,.F.);
#4486=ORIENTED_EDGE('',*,*,#3287,.F.);
#4487=ORIENTED_EDGE('',*,*,#3149,.T.);
#4488=ORIENTED_EDGE('',*,*,#3287,.T.);
#4489=ORIENTED_EDGE('',*,*,#3005,.F.);
#4490=ORIENTED_EDGE('',*,*,#3288,.F.);
#4491=ORIENTED_EDGE('',*,*,#3142,.T.);
#4492=ORIENTED_EDGE('',*,*,#3288,.T.);
#4493=ORIENTED_EDGE('',*,*,#3004,.F.);
#4494=ORIENTED_EDGE('',*,*,#3281,.F.);
#4495=ORIENTED_EDGE('',*,*,#3151,.T.);
#4496=ORIENTED_EDGE('',*,*,#3289,.T.);
#4497=ORIENTED_EDGE('',*,*,#3019,.F.);
#4498=ORIENTED_EDGE('',*,*,#3290,.F.);
#4499=ORIENTED_EDGE('',*,*,#3152,.T.);
#4500=ORIENTED_EDGE('',*,*,#3290,.T.);
#4501=ORIENTED_EDGE('',*,*,#3018,.F.);
#4502=ORIENTED_EDGE('',*,*,#3291,.F.);
#4503=ORIENTED_EDGE('',*,*,#3153,.T.);
#4504=ORIENTED_EDGE('',*,*,#3291,.T.);
#4505=ORIENTED_EDGE('',*,*,#3017,.F.);
#4506=ORIENTED_EDGE('',*,*,#3292,.F.);
#4507=ORIENTED_EDGE('',*,*,#3154,.T.);
#4508=ORIENTED_EDGE('',*,*,#3292,.T.);
#4509=ORIENTED_EDGE('',*,*,#3016,.F.);
#4510=ORIENTED_EDGE('',*,*,#3293,.F.);
#4511=ORIENTED_EDGE('',*,*,#3155,.T.);
#4512=ORIENTED_EDGE('',*,*,#3293,.T.);
#4513=ORIENTED_EDGE('',*,*,#3015,.F.);
#4514=ORIENTED_EDGE('',*,*,#3294,.F.);
#4515=ORIENTED_EDGE('',*,*,#3156,.T.);
#4516=ORIENTED_EDGE('',*,*,#3294,.T.);
#4517=ORIENTED_EDGE('',*,*,#3014,.F.);
#4518=ORIENTED_EDGE('',*,*,#3295,.F.);
#4519=ORIENTED_EDGE('',*,*,#3157,.T.);
#4520=ORIENTED_EDGE('',*,*,#3295,.T.);
#4521=ORIENTED_EDGE('',*,*,#3013,.F.);
#4522=ORIENTED_EDGE('',*,*,#3296,.F.);
#4523=ORIENTED_EDGE('',*,*,#3150,.T.);
#4524=ORIENTED_EDGE('',*,*,#3296,.T.);
#4525=ORIENTED_EDGE('',*,*,#3012,.F.);
#4526=ORIENTED_EDGE('',*,*,#3289,.F.);
#4527=ORIENTED_EDGE('',*,*,#3159,.T.);
#4528=ORIENTED_EDGE('',*,*,#3297,.T.);
#4529=ORIENTED_EDGE('',*,*,#3027,.F.);
#4530=ORIENTED_EDGE('',*,*,#3298,.F.);
#4531=ORIENTED_EDGE('',*,*,#3160,.T.);
#4532=ORIENTED_EDGE('',*,*,#3298,.T.);
#4533=ORIENTED_EDGE('',*,*,#3026,.F.);
#4534=ORIENTED_EDGE('',*,*,#3299,.F.);
#4535=ORIENTED_EDGE('',*,*,#3161,.T.);
#4536=ORIENTED_EDGE('',*,*,#3299,.T.);
#4537=ORIENTED_EDGE('',*,*,#3025,.F.);
#4538=ORIENTED_EDGE('',*,*,#3300,.F.);
#4539=ORIENTED_EDGE('',*,*,#3162,.T.);
#4540=ORIENTED_EDGE('',*,*,#3300,.T.);
#4541=ORIENTED_EDGE('',*,*,#3024,.F.);
#4542=ORIENTED_EDGE('',*,*,#3301,.F.);
#4543=ORIENTED_EDGE('',*,*,#3163,.T.);
#4544=ORIENTED_EDGE('',*,*,#3301,.T.);
#4545=ORIENTED_EDGE('',*,*,#3023,.F.);
#4546=ORIENTED_EDGE('',*,*,#3302,.F.);
#4547=ORIENTED_EDGE('',*,*,#3164,.T.);
#4548=ORIENTED_EDGE('',*,*,#3302,.T.);
#4549=ORIENTED_EDGE('',*,*,#3022,.F.);
#4550=ORIENTED_EDGE('',*,*,#3303,.F.);
#4551=ORIENTED_EDGE('',*,*,#3165,.T.);
#4552=ORIENTED_EDGE('',*,*,#3303,.T.);
#4553=ORIENTED_EDGE('',*,*,#3021,.F.);
#4554=ORIENTED_EDGE('',*,*,#3304,.F.);
#4555=ORIENTED_EDGE('',*,*,#3158,.T.);
#4556=ORIENTED_EDGE('',*,*,#3304,.T.);
#4557=ORIENTED_EDGE('',*,*,#3020,.F.);
#4558=ORIENTED_EDGE('',*,*,#3297,.F.);
#4559=ORIENTED_EDGE('',*,*,#3167,.T.);
#4560=ORIENTED_EDGE('',*,*,#3305,.T.);
#4561=ORIENTED_EDGE('',*,*,#3035,.F.);
#4562=ORIENTED_EDGE('',*,*,#3306,.F.);
#4563=ORIENTED_EDGE('',*,*,#3168,.T.);
#4564=ORIENTED_EDGE('',*,*,#3306,.T.);
#4565=ORIENTED_EDGE('',*,*,#3034,.F.);
#4566=ORIENTED_EDGE('',*,*,#3307,.F.);
#4567=ORIENTED_EDGE('',*,*,#3169,.T.);
#4568=ORIENTED_EDGE('',*,*,#3307,.T.);
#4569=ORIENTED_EDGE('',*,*,#3033,.F.);
#4570=ORIENTED_EDGE('',*,*,#3308,.F.);
#4571=ORIENTED_EDGE('',*,*,#3170,.T.);
#4572=ORIENTED_EDGE('',*,*,#3308,.T.);
#4573=ORIENTED_EDGE('',*,*,#3032,.F.);
#4574=ORIENTED_EDGE('',*,*,#3309,.F.);
#4575=ORIENTED_EDGE('',*,*,#3171,.T.);
#4576=ORIENTED_EDGE('',*,*,#3309,.T.);
#4577=ORIENTED_EDGE('',*,*,#3031,.F.);
#4578=ORIENTED_EDGE('',*,*,#3310,.F.);
#4579=ORIENTED_EDGE('',*,*,#3172,.T.);
#4580=ORIENTED_EDGE('',*,*,#3310,.T.);
#4581=ORIENTED_EDGE('',*,*,#3030,.F.);
#4582=ORIENTED_EDGE('',*,*,#3311,.F.);
#4583=ORIENTED_EDGE('',*,*,#3173,.T.);
#4584=ORIENTED_EDGE('',*,*,#3311,.T.);
#4585=ORIENTED_EDGE('',*,*,#3029,.F.);
#4586=ORIENTED_EDGE('',*,*,#3312,.F.);
#4587=ORIENTED_EDGE('',*,*,#3166,.T.);
#4588=ORIENTED_EDGE('',*,*,#3312,.T.);
#4589=ORIENTED_EDGE('',*,*,#3028,.F.);
#4590=ORIENTED_EDGE('',*,*,#3305,.F.);
#4591=ORIENTED_EDGE('',*,*,#3175,.T.);
#4592=ORIENTED_EDGE('',*,*,#3313,.T.);
#4593=ORIENTED_EDGE('',*,*,#3043,.F.);
#4594=ORIENTED_EDGE('',*,*,#3314,.F.);
#4595=ORIENTED_EDGE('',*,*,#3176,.T.);
#4596=ORIENTED_EDGE('',*,*,#3314,.T.);
#4597=ORIENTED_EDGE('',*,*,#3042,.F.);
#4598=ORIENTED_EDGE('',*,*,#3315,.F.);
#4599=ORIENTED_EDGE('',*,*,#3177,.T.);
#4600=ORIENTED_EDGE('',*,*,#3315,.T.);
#4601=ORIENTED_EDGE('',*,*,#3041,.F.);
#4602=ORIENTED_EDGE('',*,*,#3316,.F.);
#4603=ORIENTED_EDGE('',*,*,#3178,.T.);
#4604=ORIENTED_EDGE('',*,*,#3316,.T.);
#4605=ORIENTED_EDGE('',*,*,#3040,.F.);
#4606=ORIENTED_EDGE('',*,*,#3317,.F.);
#4607=ORIENTED_EDGE('',*,*,#3179,.T.);
#4608=ORIENTED_EDGE('',*,*,#3317,.T.);
#4609=ORIENTED_EDGE('',*,*,#3039,.F.);
#4610=ORIENTED_EDGE('',*,*,#3318,.F.);
#4611=ORIENTED_EDGE('',*,*,#3180,.T.);
#4612=ORIENTED_EDGE('',*,*,#3318,.T.);
#4613=ORIENTED_EDGE('',*,*,#3038,.F.);
#4614=ORIENTED_EDGE('',*,*,#3319,.F.);
#4615=ORIENTED_EDGE('',*,*,#3181,.T.);
#4616=ORIENTED_EDGE('',*,*,#3319,.T.);
#4617=ORIENTED_EDGE('',*,*,#3037,.F.);
#4618=ORIENTED_EDGE('',*,*,#3320,.F.);
#4619=ORIENTED_EDGE('',*,*,#3174,.T.);
#4620=ORIENTED_EDGE('',*,*,#3320,.T.);
#4621=ORIENTED_EDGE('',*,*,#3036,.F.);
#4622=ORIENTED_EDGE('',*,*,#3313,.F.);
#4623=ORIENTED_EDGE('',*,*,#3183,.T.);
#4624=ORIENTED_EDGE('',*,*,#3321,.T.);
#4625=ORIENTED_EDGE('',*,*,#3051,.F.);
#4626=ORIENTED_EDGE('',*,*,#3322,.F.);
#4627=ORIENTED_EDGE('',*,*,#3184,.T.);
#4628=ORIENTED_EDGE('',*,*,#3322,.T.);
#4629=ORIENTED_EDGE('',*,*,#3050,.F.);
#4630=ORIENTED_EDGE('',*,*,#3323,.F.);
#4631=ORIENTED_EDGE('',*,*,#3185,.T.);
#4632=ORIENTED_EDGE('',*,*,#3323,.T.);
#4633=ORIENTED_EDGE('',*,*,#3049,.F.);
#4634=ORIENTED_EDGE('',*,*,#3324,.F.);
#4635=ORIENTED_EDGE('',*,*,#3186,.T.);
#4636=ORIENTED_EDGE('',*,*,#3324,.T.);
#4637=ORIENTED_EDGE('',*,*,#3048,.F.);
#4638=ORIENTED_EDGE('',*,*,#3325,.F.);
#4639=ORIENTED_EDGE('',*,*,#3187,.T.);
#4640=ORIENTED_EDGE('',*,*,#3325,.T.);
#4641=ORIENTED_EDGE('',*,*,#3047,.F.);
#4642=ORIENTED_EDGE('',*,*,#3326,.F.);
#4643=ORIENTED_EDGE('',*,*,#3188,.T.);
#4644=ORIENTED_EDGE('',*,*,#3326,.T.);
#4645=ORIENTED_EDGE('',*,*,#3046,.F.);
#4646=ORIENTED_EDGE('',*,*,#3327,.F.);
#4647=ORIENTED_EDGE('',*,*,#3189,.T.);
#4648=ORIENTED_EDGE('',*,*,#3327,.T.);
#4649=ORIENTED_EDGE('',*,*,#3045,.F.);
#4650=ORIENTED_EDGE('',*,*,#3328,.F.);
#4651=ORIENTED_EDGE('',*,*,#3182,.T.);
#4652=ORIENTED_EDGE('',*,*,#3328,.T.);
#4653=ORIENTED_EDGE('',*,*,#3044,.F.);
#4654=ORIENTED_EDGE('',*,*,#3321,.F.);
#4655=ORIENTED_EDGE('',*,*,#3191,.T.);
#4656=ORIENTED_EDGE('',*,*,#3329,.T.);
#4657=ORIENTED_EDGE('',*,*,#3059,.F.);
#4658=ORIENTED_EDGE('',*,*,#3330,.F.);
#4659=ORIENTED_EDGE('',*,*,#3192,.T.);
#4660=ORIENTED_EDGE('',*,*,#3330,.T.);
#4661=ORIENTED_EDGE('',*,*,#3058,.F.);
#4662=ORIENTED_EDGE('',*,*,#3331,.F.);
#4663=ORIENTED_EDGE('',*,*,#3193,.T.);
#4664=ORIENTED_EDGE('',*,*,#3331,.T.);
#4665=ORIENTED_EDGE('',*,*,#3057,.F.);
#4666=ORIENTED_EDGE('',*,*,#3332,.F.);
#4667=ORIENTED_EDGE('',*,*,#3194,.T.);
#4668=ORIENTED_EDGE('',*,*,#3332,.T.);
#4669=ORIENTED_EDGE('',*,*,#3056,.F.);
#4670=ORIENTED_EDGE('',*,*,#3333,.F.);
#4671=ORIENTED_EDGE('',*,*,#3195,.T.);
#4672=ORIENTED_EDGE('',*,*,#3333,.T.);
#4673=ORIENTED_EDGE('',*,*,#3055,.F.);
#4674=ORIENTED_EDGE('',*,*,#3334,.F.);
#4675=ORIENTED_EDGE('',*,*,#3196,.T.);
#4676=ORIENTED_EDGE('',*,*,#3334,.T.);
#4677=ORIENTED_EDGE('',*,*,#3054,.F.);
#4678=ORIENTED_EDGE('',*,*,#3335,.F.);
#4679=ORIENTED_EDGE('',*,*,#3197,.T.);
#4680=ORIENTED_EDGE('',*,*,#3335,.T.);
#4681=ORIENTED_EDGE('',*,*,#3053,.F.);
#4682=ORIENTED_EDGE('',*,*,#3336,.F.);
#4683=ORIENTED_EDGE('',*,*,#3190,.T.);
#4684=ORIENTED_EDGE('',*,*,#3336,.T.);
#4685=ORIENTED_EDGE('',*,*,#3052,.F.);
#4686=ORIENTED_EDGE('',*,*,#3329,.F.);
#4687=ORIENTED_EDGE('',*,*,#3199,.T.);
#4688=ORIENTED_EDGE('',*,*,#3337,.T.);
#4689=ORIENTED_EDGE('',*,*,#3067,.F.);
#4690=ORIENTED_EDGE('',*,*,#3338,.F.);
#4691=ORIENTED_EDGE('',*,*,#3200,.T.);
#4692=ORIENTED_EDGE('',*,*,#3338,.T.);
#4693=ORIENTED_EDGE('',*,*,#3066,.F.);
#4694=ORIENTED_EDGE('',*,*,#3339,.F.);
#4695=ORIENTED_EDGE('',*,*,#3201,.T.);
#4696=ORIENTED_EDGE('',*,*,#3339,.T.);
#4697=ORIENTED_EDGE('',*,*,#3065,.F.);
#4698=ORIENTED_EDGE('',*,*,#3340,.F.);
#4699=ORIENTED_EDGE('',*,*,#3202,.T.);
#4700=ORIENTED_EDGE('',*,*,#3340,.T.);
#4701=ORIENTED_EDGE('',*,*,#3064,.F.);
#4702=ORIENTED_EDGE('',*,*,#3341,.F.);
#4703=ORIENTED_EDGE('',*,*,#3203,.T.);
#4704=ORIENTED_EDGE('',*,*,#3341,.T.);
#4705=ORIENTED_EDGE('',*,*,#3063,.F.);
#4706=ORIENTED_EDGE('',*,*,#3342,.F.);
#4707=ORIENTED_EDGE('',*,*,#3204,.T.);
#4708=ORIENTED_EDGE('',*,*,#3342,.T.);
#4709=ORIENTED_EDGE('',*,*,#3062,.F.);
#4710=ORIENTED_EDGE('',*,*,#3343,.F.);
#4711=ORIENTED_EDGE('',*,*,#3205,.T.);
#4712=ORIENTED_EDGE('',*,*,#3343,.T.);
#4713=ORIENTED_EDGE('',*,*,#3061,.F.);
#4714=ORIENTED_EDGE('',*,*,#3344,.F.);
#4715=ORIENTED_EDGE('',*,*,#3198,.T.);
#4716=ORIENTED_EDGE('',*,*,#3344,.T.);
#4717=ORIENTED_EDGE('',*,*,#3060,.F.);
#4718=ORIENTED_EDGE('',*,*,#3337,.F.);
#4719=ORIENTED_EDGE('',*,*,#3207,.T.);
#4720=ORIENTED_EDGE('',*,*,#3345,.T.);
#4721=ORIENTED_EDGE('',*,*,#3075,.F.);
#4722=ORIENTED_EDGE('',*,*,#3346,.F.);
#4723=ORIENTED_EDGE('',*,*,#3208,.T.);
#4724=ORIENTED_EDGE('',*,*,#3346,.T.);
#4725=ORIENTED_EDGE('',*,*,#3074,.F.);
#4726=ORIENTED_EDGE('',*,*,#3347,.F.);
#4727=ORIENTED_EDGE('',*,*,#3209,.T.);
#4728=ORIENTED_EDGE('',*,*,#3347,.T.);
#4729=ORIENTED_EDGE('',*,*,#3073,.F.);
#4730=ORIENTED_EDGE('',*,*,#3348,.F.);
#4731=ORIENTED_EDGE('',*,*,#3210,.T.);
#4732=ORIENTED_EDGE('',*,*,#3348,.T.);
#4733=ORIENTED_EDGE('',*,*,#3072,.F.);
#4734=ORIENTED_EDGE('',*,*,#3349,.F.);
#4735=ORIENTED_EDGE('',*,*,#3211,.T.);
#4736=ORIENTED_EDGE('',*,*,#3349,.T.);
#4737=ORIENTED_EDGE('',*,*,#3071,.F.);
#4738=ORIENTED_EDGE('',*,*,#3350,.F.);
#4739=ORIENTED_EDGE('',*,*,#3212,.T.);
#4740=ORIENTED_EDGE('',*,*,#3350,.T.);
#4741=ORIENTED_EDGE('',*,*,#3070,.F.);
#4742=ORIENTED_EDGE('',*,*,#3351,.F.);
#4743=ORIENTED_EDGE('',*,*,#3213,.T.);
#4744=ORIENTED_EDGE('',*,*,#3351,.T.);
#4745=ORIENTED_EDGE('',*,*,#3069,.F.);
#4746=ORIENTED_EDGE('',*,*,#3352,.F.);
#4747=ORIENTED_EDGE('',*,*,#3206,.T.);
#4748=ORIENTED_EDGE('',*,*,#3352,.T.);
#4749=ORIENTED_EDGE('',*,*,#3068,.F.);
#4750=ORIENTED_EDGE('',*,*,#3345,.F.);
#4751=ORIENTED_EDGE('',*,*,#3215,.T.);
#4752=ORIENTED_EDGE('',*,*,#3353,.T.);
#4753=ORIENTED_EDGE('',*,*,#3083,.F.);
#4754=ORIENTED_EDGE('',*,*,#3354,.F.);
#4755=ORIENTED_EDGE('',*,*,#3216,.T.);
#4756=ORIENTED_EDGE('',*,*,#3354,.T.);
#4757=ORIENTED_EDGE('',*,*,#3082,.F.);
#4758=ORIENTED_EDGE('',*,*,#3355,.F.);
#4759=ORIENTED_EDGE('',*,*,#3217,.T.);
#4760=ORIENTED_EDGE('',*,*,#3355,.T.);
#4761=ORIENTED_EDGE('',*,*,#3081,.F.);
#4762=ORIENTED_EDGE('',*,*,#3356,.F.);
#4763=ORIENTED_EDGE('',*,*,#3218,.T.);
#4764=ORIENTED_EDGE('',*,*,#3356,.T.);
#4765=ORIENTED_EDGE('',*,*,#3080,.F.);
#4766=ORIENTED_EDGE('',*,*,#3357,.F.);
#4767=ORIENTED_EDGE('',*,*,#3219,.T.);
#4768=ORIENTED_EDGE('',*,*,#3357,.T.);
#4769=ORIENTED_EDGE('',*,*,#3079,.F.);
#4770=ORIENTED_EDGE('',*,*,#3358,.F.);
#4771=ORIENTED_EDGE('',*,*,#3220,.T.);
#4772=ORIENTED_EDGE('',*,*,#3358,.T.);
#4773=ORIENTED_EDGE('',*,*,#3078,.F.);
#4774=ORIENTED_EDGE('',*,*,#3359,.F.);
#4775=ORIENTED_EDGE('',*,*,#3221,.T.);
#4776=ORIENTED_EDGE('',*,*,#3359,.T.);
#4777=ORIENTED_EDGE('',*,*,#3077,.F.);
#4778=ORIENTED_EDGE('',*,*,#3360,.F.);
#4779=ORIENTED_EDGE('',*,*,#3214,.T.);
#4780=ORIENTED_EDGE('',*,*,#3360,.T.);
#4781=ORIENTED_EDGE('',*,*,#3076,.F.);
#4782=ORIENTED_EDGE('',*,*,#3353,.F.);
#4783=ORIENTED_EDGE('',*,*,#3223,.T.);
#4784=ORIENTED_EDGE('',*,*,#3361,.T.);
#4785=ORIENTED_EDGE('',*,*,#3091,.F.);
#4786=ORIENTED_EDGE('',*,*,#3362,.F.);
#4787=ORIENTED_EDGE('',*,*,#3224,.T.);
#4788=ORIENTED_EDGE('',*,*,#3362,.T.);
#4789=ORIENTED_EDGE('',*,*,#3090,.F.);
#4790=ORIENTED_EDGE('',*,*,#3363,.F.);
#4791=ORIENTED_EDGE('',*,*,#3225,.T.);
#4792=ORIENTED_EDGE('',*,*,#3363,.T.);
#4793=ORIENTED_EDGE('',*,*,#3089,.F.);
#4794=ORIENTED_EDGE('',*,*,#3364,.F.);
#4795=ORIENTED_EDGE('',*,*,#3226,.T.);
#4796=ORIENTED_EDGE('',*,*,#3364,.T.);
#4797=ORIENTED_EDGE('',*,*,#3088,.F.);
#4798=ORIENTED_EDGE('',*,*,#3365,.F.);
#4799=ORIENTED_EDGE('',*,*,#3227,.T.);
#4800=ORIENTED_EDGE('',*,*,#3365,.T.);
#4801=ORIENTED_EDGE('',*,*,#3087,.F.);
#4802=ORIENTED_EDGE('',*,*,#3366,.F.);
#4803=ORIENTED_EDGE('',*,*,#3228,.T.);
#4804=ORIENTED_EDGE('',*,*,#3366,.T.);
#4805=ORIENTED_EDGE('',*,*,#3086,.F.);
#4806=ORIENTED_EDGE('',*,*,#3367,.F.);
#4807=ORIENTED_EDGE('',*,*,#3229,.T.);
#4808=ORIENTED_EDGE('',*,*,#3367,.T.);
#4809=ORIENTED_EDGE('',*,*,#3085,.F.);
#4810=ORIENTED_EDGE('',*,*,#3368,.F.);
#4811=ORIENTED_EDGE('',*,*,#3222,.T.);
#4812=ORIENTED_EDGE('',*,*,#3368,.T.);
#4813=ORIENTED_EDGE('',*,*,#3084,.F.);
#4814=ORIENTED_EDGE('',*,*,#3361,.F.);
#4815=ORIENTED_EDGE('',*,*,#3231,.T.);
#4816=ORIENTED_EDGE('',*,*,#3369,.T.);
#4817=ORIENTED_EDGE('',*,*,#3099,.F.);
#4818=ORIENTED_EDGE('',*,*,#3370,.F.);
#4819=ORIENTED_EDGE('',*,*,#3232,.T.);
#4820=ORIENTED_EDGE('',*,*,#3370,.T.);
#4821=ORIENTED_EDGE('',*,*,#3098,.F.);
#4822=ORIENTED_EDGE('',*,*,#3371,.F.);
#4823=ORIENTED_EDGE('',*,*,#3233,.T.);
#4824=ORIENTED_EDGE('',*,*,#3371,.T.);
#4825=ORIENTED_EDGE('',*,*,#3097,.F.);
#4826=ORIENTED_EDGE('',*,*,#3372,.F.);
#4827=ORIENTED_EDGE('',*,*,#3234,.T.);
#4828=ORIENTED_EDGE('',*,*,#3372,.T.);
#4829=ORIENTED_EDGE('',*,*,#3096,.F.);
#4830=ORIENTED_EDGE('',*,*,#3373,.F.);
#4831=ORIENTED_EDGE('',*,*,#3235,.T.);
#4832=ORIENTED_EDGE('',*,*,#3373,.T.);
#4833=ORIENTED_EDGE('',*,*,#3095,.F.);
#4834=ORIENTED_EDGE('',*,*,#3374,.F.);
#4835=ORIENTED_EDGE('',*,*,#3236,.T.);
#4836=ORIENTED_EDGE('',*,*,#3374,.T.);
#4837=ORIENTED_EDGE('',*,*,#3094,.F.);
#4838=ORIENTED_EDGE('',*,*,#3375,.F.);
#4839=ORIENTED_EDGE('',*,*,#3237,.T.);
#4840=ORIENTED_EDGE('',*,*,#3375,.T.);
#4841=ORIENTED_EDGE('',*,*,#3093,.F.);
#4842=ORIENTED_EDGE('',*,*,#3376,.F.);
#4843=ORIENTED_EDGE('',*,*,#3230,.T.);
#4844=ORIENTED_EDGE('',*,*,#3376,.T.);
#4845=ORIENTED_EDGE('',*,*,#3092,.F.);
#4846=ORIENTED_EDGE('',*,*,#3369,.F.);
#4847=ORIENTED_EDGE('',*,*,#3239,.T.);
#4848=ORIENTED_EDGE('',*,*,#3377,.T.);
#4849=ORIENTED_EDGE('',*,*,#3107,.F.);
#4850=ORIENTED_EDGE('',*,*,#3378,.F.);
#4851=ORIENTED_EDGE('',*,*,#3240,.T.);
#4852=ORIENTED_EDGE('',*,*,#3378,.T.);
#4853=ORIENTED_EDGE('',*,*,#3106,.F.);
#4854=ORIENTED_EDGE('',*,*,#3379,.F.);
#4855=ORIENTED_EDGE('',*,*,#3241,.T.);
#4856=ORIENTED_EDGE('',*,*,#3379,.T.);
#4857=ORIENTED_EDGE('',*,*,#3105,.F.);
#4858=ORIENTED_EDGE('',*,*,#3380,.F.);
#4859=ORIENTED_EDGE('',*,*,#3242,.T.);
#4860=ORIENTED_EDGE('',*,*,#3380,.T.);
#4861=ORIENTED_EDGE('',*,*,#3104,.F.);
#4862=ORIENTED_EDGE('',*,*,#3381,.F.);
#4863=ORIENTED_EDGE('',*,*,#3243,.T.);
#4864=ORIENTED_EDGE('',*,*,#3381,.T.);
#4865=ORIENTED_EDGE('',*,*,#3103,.F.);
#4866=ORIENTED_EDGE('',*,*,#3382,.F.);
#4867=ORIENTED_EDGE('',*,*,#3244,.T.);
#4868=ORIENTED_EDGE('',*,*,#3382,.T.);
#4869=ORIENTED_EDGE('',*,*,#3102,.F.);
#4870=ORIENTED_EDGE('',*,*,#3383,.F.);
#4871=ORIENTED_EDGE('',*,*,#3245,.T.);
#4872=ORIENTED_EDGE('',*,*,#3383,.T.);
#4873=ORIENTED_EDGE('',*,*,#3101,.F.);
#4874=ORIENTED_EDGE('',*,*,#3384,.F.);
#4875=ORIENTED_EDGE('',*,*,#3238,.T.);
#4876=ORIENTED_EDGE('',*,*,#3384,.T.);
#4877=ORIENTED_EDGE('',*,*,#3100,.F.);
#4878=ORIENTED_EDGE('',*,*,#3377,.F.);
#4879=ORIENTED_EDGE('',*,*,#3247,.T.);
#4880=ORIENTED_EDGE('',*,*,#3385,.T.);
#4881=ORIENTED_EDGE('',*,*,#3115,.F.);
#4882=ORIENTED_EDGE('',*,*,#3386,.F.);
#4883=ORIENTED_EDGE('',*,*,#3248,.T.);
#4884=ORIENTED_EDGE('',*,*,#3386,.T.);
#4885=ORIENTED_EDGE('',*,*,#3114,.F.);
#4886=ORIENTED_EDGE('',*,*,#3387,.F.);
#4887=ORIENTED_EDGE('',*,*,#3249,.T.);
#4888=ORIENTED_EDGE('',*,*,#3387,.T.);
#4889=ORIENTED_EDGE('',*,*,#3113,.F.);
#4890=ORIENTED_EDGE('',*,*,#3388,.F.);
#4891=ORIENTED_EDGE('',*,*,#3250,.T.);
#4892=ORIENTED_EDGE('',*,*,#3388,.T.);
#4893=ORIENTED_EDGE('',*,*,#3112,.F.);
#4894=ORIENTED_EDGE('',*,*,#3389,.F.);
#4895=ORIENTED_EDGE('',*,*,#3251,.T.);
#4896=ORIENTED_EDGE('',*,*,#3389,.T.);
#4897=ORIENTED_EDGE('',*,*,#3111,.F.);
#4898=ORIENTED_EDGE('',*,*,#3390,.F.);
#4899=ORIENTED_EDGE('',*,*,#3252,.T.);
#4900=ORIENTED_EDGE('',*,*,#3390,.T.);
#4901=ORIENTED_EDGE('',*,*,#3110,.F.);
#4902=ORIENTED_EDGE('',*,*,#3391,.F.);
#4903=ORIENTED_EDGE('',*,*,#3253,.T.);
#4904=ORIENTED_EDGE('',*,*,#3391,.T.);
#4905=ORIENTED_EDGE('',*,*,#3109,.F.);
#4906=ORIENTED_EDGE('',*,*,#3392,.F.);
#4907=ORIENTED_EDGE('',*,*,#3246,.T.);
#4908=ORIENTED_EDGE('',*,*,#3392,.T.);
#4909=ORIENTED_EDGE('',*,*,#3108,.F.);
#4910=ORIENTED_EDGE('',*,*,#3385,.F.);
#4911=ORIENTED_EDGE('',*,*,#3255,.T.);
#4912=ORIENTED_EDGE('',*,*,#3393,.T.);
#4913=ORIENTED_EDGE('',*,*,#3123,.F.);
#4914=ORIENTED_EDGE('',*,*,#3394,.F.);
#4915=ORIENTED_EDGE('',*,*,#3256,.T.);
#4916=ORIENTED_EDGE('',*,*,#3394,.T.);
#4917=ORIENTED_EDGE('',*,*,#3122,.F.);
#4918=ORIENTED_EDGE('',*,*,#3395,.F.);
#4919=ORIENTED_EDGE('',*,*,#3257,.T.);
#4920=ORIENTED_EDGE('',*,*,#3395,.T.);
#4921=ORIENTED_EDGE('',*,*,#3121,.F.);
#4922=ORIENTED_EDGE('',*,*,#3396,.F.);
#4923=ORIENTED_EDGE('',*,*,#3258,.T.);
#4924=ORIENTED_EDGE('',*,*,#3396,.T.);
#4925=ORIENTED_EDGE('',*,*,#3120,.F.);
#4926=ORIENTED_EDGE('',*,*,#3397,.F.);
#4927=ORIENTED_EDGE('',*,*,#3259,.T.);
#4928=ORIENTED_EDGE('',*,*,#3397,.T.);
#4929=ORIENTED_EDGE('',*,*,#3119,.F.);
#4930=ORIENTED_EDGE('',*,*,#3398,.F.);
#4931=ORIENTED_EDGE('',*,*,#3260,.T.);
#4932=ORIENTED_EDGE('',*,*,#3398,.T.);
#4933=ORIENTED_EDGE('',*,*,#3118,.F.);
#4934=ORIENTED_EDGE('',*,*,#3399,.F.);
#4935=ORIENTED_EDGE('',*,*,#3261,.T.);
#4936=ORIENTED_EDGE('',*,*,#3399,.T.);
#4937=ORIENTED_EDGE('',*,*,#3117,.F.);
#4938=ORIENTED_EDGE('',*,*,#3400,.F.);
#4939=ORIENTED_EDGE('',*,*,#3254,.T.);
#4940=ORIENTED_EDGE('',*,*,#3400,.T.);
#4941=ORIENTED_EDGE('',*,*,#3116,.F.);
#4942=ORIENTED_EDGE('',*,*,#3393,.F.);
#4943=ORIENTED_EDGE('',*,*,#3265,.T.);
#4944=ORIENTED_EDGE('',*,*,#3401,.T.);
#4945=ORIENTED_EDGE('',*,*,#2994,.F.);
#4946=ORIENTED_EDGE('',*,*,#3401,.F.);
#4947=ORIENTED_EDGE('',*,*,#3264,.T.);
#4948=ORIENTED_EDGE('',*,*,#3402,.T.);
#4949=ORIENTED_EDGE('',*,*,#2995,.F.);
#4950=ORIENTED_EDGE('',*,*,#3402,.F.);
#4951=ORIENTED_EDGE('',*,*,#3263,.T.);
#4952=ORIENTED_EDGE('',*,*,#3403,.T.);
#4953=ORIENTED_EDGE('',*,*,#3124,.F.);
#4954=ORIENTED_EDGE('',*,*,#3403,.F.);
#4955=ORIENTED_EDGE('',*,*,#3262,.T.);
#4956=ORIENTED_EDGE('',*,*,#3404,.T.);
#4957=ORIENTED_EDGE('',*,*,#3125,.F.);
#4958=ORIENTED_EDGE('',*,*,#3404,.F.);
#4959=PLANE('',#5402);
#4960=PLANE('',#5403);
#4961=PLANE('',#5404);
#4962=PLANE('',#5405);
#4963=PLANE('',#5406);
#4964=PLANE('',#5407);
#4965=PLANE('',#5408);
#4966=PLANE('',#5409);
#4967=PLANE('',#5410);
#4968=PLANE('',#5411);
#4969=PLANE('',#5412);
#4970=PLANE('',#5413);
#4971=PLANE('',#5414);
#4972=PLANE('',#5415);
#4973=PLANE('',#5416);
#4974=PLANE('',#5417);
#4975=PLANE('',#5418);
#4976=PLANE('',#5419);
#4977=PLANE('',#5420);
#4978=PLANE('',#5421);
#4979=PLANE('',#5422);
#4980=PLANE('',#5423);
#4981=PLANE('',#5424);
#4982=PLANE('',#5425);
#4983=PLANE('',#5426);
#4984=PLANE('',#5427);
#4985=PLANE('',#5428);
#4986=PLANE('',#5429);
#4987=PLANE('',#5430);
#4988=PLANE('',#5431);
#4989=PLANE('',#5432);
#4990=PLANE('',#5433);
#4991=PLANE('',#5434);
#4992=PLANE('',#5435);
#4993=PLANE('',#5436);
#4994=PLANE('',#5437);
#4995=PLANE('',#5438);
#4996=PLANE('',#5439);
#4997=PLANE('',#5440);
#4998=PLANE('',#5441);
#4999=PLANE('',#5442);
#5000=PLANE('',#5443);
#5001=PLANE('',#5444);
#5002=PLANE('',#5445);
#5003=PLANE('',#5446);
#5004=PLANE('',#5447);
#5005=PLANE('',#5448);
#5006=PLANE('',#5449);
#5007=PLANE('',#5450);
#5008=PLANE('',#5451);
#5009=PLANE('',#5452);
#5010=PLANE('',#5453);
#5011=PLANE('',#5454);
#5012=PLANE('',#5455);
#5013=PLANE('',#5456);
#5014=PLANE('',#5457);
#5015=PLANE('',#5458);
#5016=PLANE('',#5459);
#5017=PLANE('',#5460);
#5018=PLANE('',#5461);
#5019=PLANE('',#5462);
#5020=PLANE('',#5463);
#5021=PLANE('',#5464);
#5022=PLANE('',#5465);
#5023=PLANE('',#5466);
#5024=PLANE('',#5467);
#5025=PLANE('',#5468);
#5026=PLANE('',#5469);
#5027=PLANE('',#5470);
#5028=PLANE('',#5471);
#5029=PLANE('',#5472);
#5030=PLANE('',#5473);
#5031=PLANE('',#5474);
#5032=PLANE('',#5475);
#5033=PLANE('',#5476);
#5034=PLANE('',#5477);
#5035=PLANE('',#5478);
#5036=PLANE('',#5479);
#5037=PLANE('',#5502);
#5038=PLANE('',#5505);
#5039=PLANE('',#5506);
#5040=PLANE('',#5575);
#5041=PLANE('',#5648);
#5042=PLANE('',#5649);
#5043=PLANE('',#5650);
#5044=PLANE('',#5651);
#5045=PLANE('',#5652);
#5046=PLANE('',#5653);
#5047=PLANE('',#5654);
#5048=PLANE('',#5656);
#5049=PLANE('',#5658);
#5050=PLANE('',#5660);
#5051=PLANE('',#5662);
#5052=PLANE('',#5664);
#5053=PLANE('',#5666);
#5054=PLANE('',#5668);
#5055=PLANE('',#5670);
#5056=PLANE('',#5672);
#5057=PLANE('',#5674);
#5058=PLANE('',#5676);
#5059=PLANE('',#5678);
#5060=PLANE('',#5680);
#5061=PLANE('',#5682);
#5062=PLANE('',#5684);
#5063=PLANE('',#5686);
#5064=PLANE('',#5688);
#5065=PLANE('',#5690);
#5066=PLANE('',#5692);
#5067=PLANE('',#5694);
#5068=PLANE('',#5696);
#5069=PLANE('',#5698);
#5070=PLANE('',#5700);
#5071=PLANE('',#5702);
#5072=PLANE('',#5704);
#5073=PLANE('',#5706);
#5074=PLANE('',#5708);
#5075=PLANE('',#5710);
#5076=PLANE('',#5712);
#5077=PLANE('',#5714);
#5078=PLANE('',#5716);
#5079=PLANE('',#5718);
#5080=PLANE('',#5720);
#5081=PLANE('',#5722);
#5082=PLANE('',#5724);
#5083=PLANE('',#5726);
#5084=PLANE('',#5728);
#5085=PLANE('',#5730);
#5086=PLANE('',#5732);
#5087=PLANE('',#5734);
#5088=PLANE('',#5736);
#5089=PLANE('',#5738);
#5090=PLANE('',#5740);
#5091=PLANE('',#5742);
#5092=PLANE('',#5744);
#5093=PLANE('',#5746);
#5094=PLANE('',#5748);
#5095=PLANE('',#5750);
#5096=PLANE('',#5752);
#5097=PLANE('',#5754);
#5098=PLANE('',#5756);
#5099=PLANE('',#5758);
#5100=PLANE('',#5760);
#5101=PLANE('',#5762);
#5102=PLANE('',#5764);
#5103=PLANE('',#5766);
#5104=PLANE('',#5768);
#5105=PLANE('',#5770);
#5106=PLANE('',#5772);
#5107=PLANE('',#5774);
#5108=PLANE('',#5776);
#5109=PLANE('',#5778);
#5110=PLANE('',#5780);
#5111=ADVANCED_FACE('',(#436),#4959,.T.);
#5112=ADVANCED_FACE('',(#437),#4960,.T.);
#5113=ADVANCED_FACE('',(#438,#382),#4961,.F.);
#5114=ADVANCED_FACE('',(#439),#4962,.T.);
#5115=ADVANCED_FACE('',(#440),#4963,.T.);
#5116=ADVANCED_FACE('',(#441),#4964,.F.);
#5117=ADVANCED_FACE('',(#442),#4965,.F.);
#5118=ADVANCED_FACE('',(#443),#4966,.F.);
#5119=ADVANCED_FACE('',(#444),#4967,.F.);
#5120=ADVANCED_FACE('',(#445),#4968,.F.);
#5121=ADVANCED_FACE('',(#446),#4969,.F.);
#5122=ADVANCED_FACE('',(#447),#4970,.F.);
#5123=ADVANCED_FACE('',(#448),#4971,.F.);
#5124=ADVANCED_FACE('',(#449),#4972,.F.);
#5125=ADVANCED_FACE('',(#450),#4973,.F.);
#5126=ADVANCED_FACE('',(#451),#4974,.F.);
#5127=ADVANCED_FACE('',(#452,#383),#4975,.F.);
#5128=ADVANCED_FACE('',(#453),#337,.F.);
#5129=ADVANCED_FACE('',(#454),#338,.F.);
#5130=ADVANCED_FACE('',(#455),#339,.F.);
#5131=ADVANCED_FACE('',(#456),#340,.F.);
#5132=ADVANCED_FACE('',(#457),#341,.F.);
#5133=ADVANCED_FACE('',(#458),#342,.F.);
#5134=ADVANCED_FACE('',(#459),#343,.F.);
#5135=ADVANCED_FACE('',(#460),#344,.F.);
#5136=ADVANCED_FACE('',(#461),#4976,.F.);
#5137=ADVANCED_FACE('',(#462),#4977,.F.);
#5138=ADVANCED_FACE('',(#463),#4978,.F.);
#5139=ADVANCED_FACE('',(#464),#4979,.F.);
#5140=ADVANCED_FACE('',(#465),#345,.F.);
#5141=ADVANCED_FACE('',(#466),#346,.F.);
#5142=ADVANCED_FACE('',(#467),#347,.F.);
#5143=ADVANCED_FACE('',(#468),#348,.F.);
#5144=ADVANCED_FACE('',(#469),#349,.F.);
#5145=ADVANCED_FACE('',(#470),#350,.F.);
#5146=ADVANCED_FACE('',(#471),#351,.F.);
#5147=ADVANCED_FACE('',(#472),#352,.F.);
#5148=ADVANCED_FACE('',(#473),#4980,.F.);
#5149=ADVANCED_FACE('',(#474),#4981,.F.);
#5150=ADVANCED_FACE('',(#475,#384),#4982,.T.);
#5151=ADVANCED_FACE('',(#476),#353,.F.);
#5152=ADVANCED_FACE('',(#477),#354,.F.);
#5153=ADVANCED_FACE('',(#478),#355,.F.);
#5154=ADVANCED_FACE('',(#479),#356,.F.);
#5155=ADVANCED_FACE('',(#480),#357,.F.);
#5156=ADVANCED_FACE('',(#481),#358,.F.);
#5157=ADVANCED_FACE('',(#482),#4983,.F.);
#5158=ADVANCED_FACE('',(#483),#4984,.F.);
#5159=ADVANCED_FACE('',(#484),#4985,.F.);
#5160=ADVANCED_FACE('',(#485),#4986,.F.);
#5161=ADVANCED_FACE('',(#486),#4987,.F.);
#5162=ADVANCED_FACE('',(#487),#359,.F.);
#5163=ADVANCED_FACE('',(#488),#360,.F.);
#5164=ADVANCED_FACE('',(#489),#361,.F.);
#5165=ADVANCED_FACE('',(#490),#362,.F.);
#5166=ADVANCED_FACE('',(#491),#363,.F.);
#5167=ADVANCED_FACE('',(#492),#364,.F.);
#5168=ADVANCED_FACE('',(#493),#365,.F.);
#5169=ADVANCED_FACE('',(#494),#4988,.F.);
#5170=ADVANCED_FACE('',(#495),#4989,.F.);
#5171=ADVANCED_FACE('',(#496),#4990,.F.);
#5172=ADVANCED_FACE('',(#497,#385),#4991,.T.);
#5173=ADVANCED_FACE('',(#498),#4992,.F.);
#5174=ADVANCED_FACE('',(#499),#4993,.F.);
#5175=ADVANCED_FACE('',(#500),#4994,.F.);
#5176=ADVANCED_FACE('',(#501),#4995,.F.);
#5177=ADVANCED_FACE('',(#502),#4996,.F.);
#5178=ADVANCED_FACE('',(#503),#4997,.F.);
#5179=ADVANCED_FACE('',(#504),#4998,.F.);
#5180=ADVANCED_FACE('',(#505),#4999,.F.);
#5181=ADVANCED_FACE('',(#506),#5000,.F.);
#5182=ADVANCED_FACE('',(#507),#5001,.F.);
#5183=ADVANCED_FACE('',(#508),#5002,.F.);
#5184=ADVANCED_FACE('',(#509,#386),#5003,.F.);
#5185=ADVANCED_FACE('',(#510),#5004,.F.);
#5186=ADVANCED_FACE('',(#511),#5005,.F.);
#5187=ADVANCED_FACE('',(#512),#5006,.F.);
#5188=ADVANCED_FACE('',(#513),#5007,.F.);
#5189=ADVANCED_FACE('',(#514),#5008,.F.);
#5190=ADVANCED_FACE('',(#515),#5009,.F.);
#5191=ADVANCED_FACE('',(#516),#5010,.F.);
#5192=ADVANCED_FACE('',(#517),#5011,.F.);
#5193=ADVANCED_FACE('',(#518),#5012,.F.);
#5194=ADVANCED_FACE('',(#519),#5013,.F.);
#5195=ADVANCED_FACE('',(#520),#5014,.F.);
#5196=ADVANCED_FACE('',(#521),#5015,.F.);
#5197=ADVANCED_FACE('',(#522),#5016,.F.);
#5198=ADVANCED_FACE('',(#523),#366,.F.);
#5199=ADVANCED_FACE('',(#524),#367,.F.);
#5200=ADVANCED_FACE('',(#525),#368,.F.);
#5201=ADVANCED_FACE('',(#526),#369,.F.);
#5202=ADVANCED_FACE('',(#527),#370,.F.);
#5203=ADVANCED_FACE('',(#528),#371,.F.);
#5204=ADVANCED_FACE('',(#529),#372,.F.);
#5205=ADVANCED_FACE('',(#530),#5017,.F.);
#5206=ADVANCED_FACE('',(#531),#373,.F.);
#5207=ADVANCED_FACE('',(#532),#374,.F.);
#5208=ADVANCED_FACE('',(#533),#375,.F.);
#5209=ADVANCED_FACE('',(#534),#376,.F.);
#5210=ADVANCED_FACE('',(#535),#377,.F.);
#5211=ADVANCED_FACE('',(#536),#378,.F.);
#5212=ADVANCED_FACE('',(#537),#379,.F.);
#5213=ADVANCED_FACE('',(#538),#380,.F.);
#5214=ADVANCED_FACE('',(#539),#5018,.F.);
#5215=ADVANCED_FACE('',(#540),#381,.F.);
#5216=ADVANCED_FACE('',(#541),#5019,.T.);
#5217=ADVANCED_FACE('',(#542),#5020,.F.);
#5218=ADVANCED_FACE('',(#543),#5021,.F.);
#5219=ADVANCED_FACE('',(#544),#5022,.F.);
#5220=ADVANCED_FACE('',(#545),#5023,.F.);
#5221=ADVANCED_FACE('',(#546),#5024,.F.);
#5222=ADVANCED_FACE('',(#547),#5025,.F.);
#5223=ADVANCED_FACE('',(#548),#5026,.F.);
#5224=ADVANCED_FACE('',(#549),#5027,.F.);
#5225=ADVANCED_FACE('',(#550),#5028,.F.);
#5226=ADVANCED_FACE('',(#551),#5029,.F.);
#5227=ADVANCED_FACE('',(#552),#5030,.F.);
#5228=ADVANCED_FACE('',(#553),#5031,.F.);
#5229=ADVANCED_FACE('',(#554),#5032,.F.);
#5230=ADVANCED_FACE('',(#555),#5033,.T.);
#5231=ADVANCED_FACE('',(#556),#5034,.T.);
#5232=ADVANCED_FACE('',(#557),#5035,.T.);
#5233=ADVANCED_FACE('',(#558),#5036,.T.);
#5234=ADVANCED_FACE('',(#559),#171,.T.);
#5235=ADVANCED_FACE('',(#560),#172,.T.);
#5236=ADVANCED_FACE('',(#561),#173,.T.);
#5237=ADVANCED_FACE('',(#562),#174,.T.);
#5238=ADVANCED_FACE('',(#563),#15,.T.);
#5239=ADVANCED_FACE('',(#564),#16,.T.);
#5240=ADVANCED_FACE('',(#565),#17,.T.);
#5241=ADVANCED_FACE('',(#566),#18,.T.);
#5242=ADVANCED_FACE('',(#567),#175,.T.);
#5243=ADVANCED_FACE('',(#568),#5037,.T.);
#5244=ADVANCED_FACE('',(#569),#176,.T.);
#5245=ADVANCED_FACE('',(#570),#5038,.T.);
#5246=ADVANCED_FACE('',(#571,#387,#388,#389,#390,#391,#392,#393,#394,#395,
#396,#397,#398,#399,#400,#401,#402,#403,#404,#405,#406,#407,#408,#409,#410,
#411,#412,#413,#414),#5039,.T.);
#5247=ADVANCED_FACE('',(#572,#415,#416,#417,#418,#419,#420,#421,#422,#423,
#424,#425,#426,#427,#428,#429,#430,#431,#432,#433,#434,#435),#5040,.F.);
#5248=ADVANCED_FACE('',(#573),#177,.T.);
#5249=ADVANCED_FACE('',(#574),#178,.T.);
#5250=ADVANCED_FACE('',(#575),#5041,.T.);
#5251=ADVANCED_FACE('',(#576),#5042,.F.);
#5252=ADVANCED_FACE('',(#577),#5043,.F.);
#5253=ADVANCED_FACE('',(#578),#5044,.F.);
#5254=ADVANCED_FACE('',(#579),#5045,.F.);
#5255=ADVANCED_FACE('',(#580),#5046,.T.);
#5256=ADVANCED_FACE('',(#581),#5047,.T.);
#5257=ADVANCED_FACE('',(#582),#179,.F.);
#5258=ADVANCED_FACE('',(#583),#5048,.T.);
#5259=ADVANCED_FACE('',(#584),#180,.F.);
#5260=ADVANCED_FACE('',(#585),#5049,.T.);
#5261=ADVANCED_FACE('',(#586),#181,.F.);
#5262=ADVANCED_FACE('',(#587),#5050,.T.);
#5263=ADVANCED_FACE('',(#588),#182,.F.);
#5264=ADVANCED_FACE('',(#589),#5051,.T.);
#5265=ADVANCED_FACE('',(#590),#183,.F.);
#5266=ADVANCED_FACE('',(#591),#5052,.T.);
#5267=ADVANCED_FACE('',(#592),#184,.F.);
#5268=ADVANCED_FACE('',(#593),#5053,.T.);
#5269=ADVANCED_FACE('',(#594),#185,.F.);
#5270=ADVANCED_FACE('',(#595),#5054,.T.);
#5271=ADVANCED_FACE('',(#596),#186,.F.);
#5272=ADVANCED_FACE('',(#597),#5055,.T.);
#5273=ADVANCED_FACE('',(#598),#187,.F.);
#5274=ADVANCED_FACE('',(#599),#5056,.T.);
#5275=ADVANCED_FACE('',(#600),#188,.F.);
#5276=ADVANCED_FACE('',(#601),#5057,.T.);
#5277=ADVANCED_FACE('',(#602),#189,.F.);
#5278=ADVANCED_FACE('',(#603),#5058,.T.);
#5279=ADVANCED_FACE('',(#604),#190,.F.);
#5280=ADVANCED_FACE('',(#605),#5059,.T.);
#5281=ADVANCED_FACE('',(#606),#191,.F.);
#5282=ADVANCED_FACE('',(#607),#5060,.T.);
#5283=ADVANCED_FACE('',(#608),#192,.F.);
#5284=ADVANCED_FACE('',(#609),#5061,.T.);
#5285=ADVANCED_FACE('',(#610),#193,.F.);
#5286=ADVANCED_FACE('',(#611),#5062,.T.);
#5287=ADVANCED_FACE('',(#612),#194,.F.);
#5288=ADVANCED_FACE('',(#613),#5063,.T.);
#5289=ADVANCED_FACE('',(#614),#195,.F.);
#5290=ADVANCED_FACE('',(#615),#5064,.T.);
#5291=ADVANCED_FACE('',(#616),#196,.F.);
#5292=ADVANCED_FACE('',(#617),#5065,.T.);
#5293=ADVANCED_FACE('',(#618),#197,.F.);
#5294=ADVANCED_FACE('',(#619),#5066,.T.);
#5295=ADVANCED_FACE('',(#620),#198,.F.);
#5296=ADVANCED_FACE('',(#621),#5067,.T.);
#5297=ADVANCED_FACE('',(#622),#199,.F.);
#5298=ADVANCED_FACE('',(#623),#5068,.T.);
#5299=ADVANCED_FACE('',(#624),#200,.F.);
#5300=ADVANCED_FACE('',(#625),#5069,.T.);
#5301=ADVANCED_FACE('',(#626),#201,.F.);
#5302=ADVANCED_FACE('',(#627),#5070,.T.);
#5303=ADVANCED_FACE('',(#628),#202,.F.);
#5304=ADVANCED_FACE('',(#629),#5071,.T.);
#5305=ADVANCED_FACE('',(#630),#203,.F.);
#5306=ADVANCED_FACE('',(#631),#5072,.T.);
#5307=ADVANCED_FACE('',(#632),#204,.F.);
#5308=ADVANCED_FACE('',(#633),#5073,.T.);
#5309=ADVANCED_FACE('',(#634),#205,.F.);
#5310=ADVANCED_FACE('',(#635),#5074,.T.);
#5311=ADVANCED_FACE('',(#636),#206,.F.);
#5312=ADVANCED_FACE('',(#637),#5075,.T.);
#5313=ADVANCED_FACE('',(#638),#207,.F.);
#5314=ADVANCED_FACE('',(#639),#5076,.T.);
#5315=ADVANCED_FACE('',(#640),#208,.F.);
#5316=ADVANCED_FACE('',(#641),#5077,.T.);
#5317=ADVANCED_FACE('',(#642),#209,.F.);
#5318=ADVANCED_FACE('',(#643),#5078,.T.);
#5319=ADVANCED_FACE('',(#644),#210,.F.);
#5320=ADVANCED_FACE('',(#645),#5079,.T.);
#5321=ADVANCED_FACE('',(#646),#211,.F.);
#5322=ADVANCED_FACE('',(#647),#5080,.T.);
#5323=ADVANCED_FACE('',(#648),#212,.F.);
#5324=ADVANCED_FACE('',(#649),#5081,.T.);
#5325=ADVANCED_FACE('',(#650),#213,.F.);
#5326=ADVANCED_FACE('',(#651),#5082,.T.);
#5327=ADVANCED_FACE('',(#652),#214,.F.);
#5328=ADVANCED_FACE('',(#653),#5083,.T.);
#5329=ADVANCED_FACE('',(#654),#215,.F.);
#5330=ADVANCED_FACE('',(#655),#5084,.T.);
#5331=ADVANCED_FACE('',(#656),#216,.F.);
#5332=ADVANCED_FACE('',(#657),#5085,.T.);
#5333=ADVANCED_FACE('',(#658),#217,.F.);
#5334=ADVANCED_FACE('',(#659),#5086,.T.);
#5335=ADVANCED_FACE('',(#660),#218,.F.);
#5336=ADVANCED_FACE('',(#661),#5087,.T.);
#5337=ADVANCED_FACE('',(#662),#219,.F.);
#5338=ADVANCED_FACE('',(#663),#5088,.T.);
#5339=ADVANCED_FACE('',(#664),#220,.F.);
#5340=ADVANCED_FACE('',(#665),#5089,.T.);
#5341=ADVANCED_FACE('',(#666),#221,.F.);
#5342=ADVANCED_FACE('',(#667),#5090,.T.);
#5343=ADVANCED_FACE('',(#668),#222,.F.);
#5344=ADVANCED_FACE('',(#669),#5091,.T.);
#5345=ADVANCED_FACE('',(#670),#223,.F.);
#5346=ADVANCED_FACE('',(#671),#5092,.T.);
#5347=ADVANCED_FACE('',(#672),#224,.F.);
#5348=ADVANCED_FACE('',(#673),#5093,.T.);
#5349=ADVANCED_FACE('',(#674),#225,.F.);
#5350=ADVANCED_FACE('',(#675),#5094,.T.);
#5351=ADVANCED_FACE('',(#676),#226,.F.);
#5352=ADVANCED_FACE('',(#677),#5095,.T.);
#5353=ADVANCED_FACE('',(#678),#227,.F.);
#5354=ADVANCED_FACE('',(#679),#5096,.T.);
#5355=ADVANCED_FACE('',(#680),#228,.F.);
#5356=ADVANCED_FACE('',(#681),#5097,.T.);
#5357=ADVANCED_FACE('',(#682),#229,.F.);
#5358=ADVANCED_FACE('',(#683),#5098,.T.);
#5359=ADVANCED_FACE('',(#684),#230,.F.);
#5360=ADVANCED_FACE('',(#685),#5099,.T.);
#5361=ADVANCED_FACE('',(#686),#231,.F.);
#5362=ADVANCED_FACE('',(#687),#5100,.T.);
#5363=ADVANCED_FACE('',(#688),#232,.F.);
#5364=ADVANCED_FACE('',(#689),#5101,.T.);
#5365=ADVANCED_FACE('',(#690),#233,.F.);
#5366=ADVANCED_FACE('',(#691),#5102,.T.);
#5367=ADVANCED_FACE('',(#692),#234,.F.);
#5368=ADVANCED_FACE('',(#693),#5103,.T.);
#5369=ADVANCED_FACE('',(#694),#235,.F.);
#5370=ADVANCED_FACE('',(#695),#5104,.T.);
#5371=ADVANCED_FACE('',(#696),#236,.F.);
#5372=ADVANCED_FACE('',(#697),#5105,.T.);
#5373=ADVANCED_FACE('',(#698),#237,.F.);
#5374=ADVANCED_FACE('',(#699),#5106,.T.);
#5375=ADVANCED_FACE('',(#700),#238,.F.);
#5376=ADVANCED_FACE('',(#701),#5107,.T.);
#5377=ADVANCED_FACE('',(#702),#239,.F.);
#5378=ADVANCED_FACE('',(#703),#5108,.T.);
#5379=ADVANCED_FACE('',(#704),#240,.F.);
#5380=ADVANCED_FACE('',(#705),#5109,.T.);
#5381=ADVANCED_FACE('',(#706),#241,.F.);
#5382=ADVANCED_FACE('',(#707),#5110,.T.);
#5383=ADVANCED_FACE('',(#708),#242,.F.);
#5384=ADVANCED_FACE('',(#709),#243,.F.);
#5385=ADVANCED_FACE('',(#710),#244,.F.);
#5386=ADVANCED_FACE('',(#711),#245,.F.);
#5387=ADVANCED_FACE('',(#712),#246,.F.);
#5388=CLOSED_SHELL('',(#5111,#5112,#5113,#5114,#5115,#5116,#5117,#5118,
#5119,#5120,#5121,#5122,#5123,#5124,#5125,#5126,#5127,#5128,#5129,#5130,
#5131,#5132,#5133,#5134,#5135,#5136,#5137,#5138,#5139,#5140,#5141,#5142,
#5143,#5144,#5145,#5146,#5147,#5148,#5149,#5150,#5151,#5152,#5153,#5154,
#5155,#5156,#5157,#5158,#5159,#5160,#5161,#5162,#5163,#5164,#5165,#5166,
#5167,#5168,#5169,#5170,#5171,#5172,#5173,#5174,#5175,#5176,#5177,#5178,
#5179,#5180,#5181,#5182,#5183,#5184,#5185,#5186,#5187,#5188,#5189,#5190,
#5191,#5192,#5193,#5194,#5195,#5196,#5197,#5198,#5199,#5200,#5201,#5202,
#5203,#5204,#5205,#5206,#5207,#5208,#5209,#5210,#5211,#5212,#5213,#5214,
#5215,#5216,#5217,#5218,#5219,#5220,#5221,#5222,#5223,#5224,#5225,#5226,
#5227,#5228,#5229,#5230,#5231,#5232,#5233,#5234,#5235,#5236,#5237,#5238,
#5239,#5240,#5241,#5242,#5243,#5244,#5245,#5246,#5247,#5248,#5249,#5250,
#5251,#5252,#5253,#5254,#5255,#5256,#5257,#5258,#5259,#5260,#5261,#5262,
#5263,#5264,#5265,#5266,#5267,#5268,#5269,#5270,#5271,#5272,#5273,#5274,
#5275,#5276,#5277,#5278,#5279,#5280,#5281,#5282,#5283,#5284,#5285,#5286,
#5287,#5288,#5289,#5290,#5291,#5292,#5293,#5294,#5295,#5296,#5297,#5298,
#5299,#5300,#5301,#5302,#5303,#5304,#5305,#5306,#5307,#5308,#5309,#5310,
#5311,#5312,#5313,#5314,#5315,#5316,#5317,#5318,#5319,#5320,#5321,#5322,
#5323,#5324,#5325,#5326,#5327,#5328,#5329,#5330,#5331,#5332,#5333,#5334,
#5335,#5336,#5337,#5338,#5339,#5340,#5341,#5342,#5343,#5344,#5345,#5346,
#5347,#5348,#5349,#5350,#5351,#5352,#5353,#5354,#5355,#5356,#5357,#5358,
#5359,#5360,#5361,#5362,#5363,#5364,#5365,#5366,#5367,#5368,#5369,#5370,
#5371,#5372,#5373,#5374,#5375,#5376,#5377,#5378,#5379,#5380,#5381,#5382,
#5383,#5384,#5385,#5386,#5387));
#5389=DERIVED_UNIT_ELEMENT(#5391,1.);
#5390=DERIVED_UNIT_ELEMENT(#9430,-3.);
#5391=(
MASS_UNIT()
NAMED_UNIT(*)
SI_UNIT(.KILO.,.GRAM.)
);
#5392=DERIVED_UNIT((#5389,#5390));
#5393=MEASURE_REPRESENTATION_ITEM('density measure',
POSITIVE_RATIO_MEASURE(7850.),#5392);
#5394=PROPERTY_DEFINITION_REPRESENTATION(#5399,#5396);
#5395=PROPERTY_DEFINITION_REPRESENTATION(#5400,#5397);
#5396=REPRESENTATION('material name',(#5398),#9427);
#5397=REPRESENTATION('density',(#5393),#9427);
#5398=DESCRIPTIVE_REPRESENTATION_ITEM('Steel','Steel');
#5399=PROPERTY_DEFINITION('material property','material name',#9437);
#5400=PROPERTY_DEFINITION('material property','density of part',#9437);
#5401=AXIS2_PLACEMENT_3D('',#7091,#5786,#5787);
#5402=AXIS2_PLACEMENT_3D('',#7092,#5788,#5789);
#5403=AXIS2_PLACEMENT_3D('',#7101,#5794,#5795);
#5404=AXIS2_PLACEMENT_3D('',#7107,#5799,#5800);
#5405=AXIS2_PLACEMENT_3D('',#7119,#5807,#5808);
#5406=AXIS2_PLACEMENT_3D('',#7123,#5811,#5812);
#5407=AXIS2_PLACEMENT_3D('',#7125,#5814,#5815);
#5408=AXIS2_PLACEMENT_3D('',#7134,#5820,#5821);
#5409=AXIS2_PLACEMENT_3D('',#7140,#5825,#5826);
#5410=AXIS2_PLACEMENT_3D('',#7143,#5829,#5830);
#5411=AXIS2_PLACEMENT_3D('',#7152,#5835,#5836);
#5412=AXIS2_PLACEMENT_3D('',#7158,#5840,#5841);
#5413=AXIS2_PLACEMENT_3D('',#7164,#5845,#5846);
#5414=AXIS2_PLACEMENT_3D('',#7170,#5850,#5851);
#5415=AXIS2_PLACEMENT_3D('',#7176,#5855,#5856);
#5416=AXIS2_PLACEMENT_3D('',#7182,#5860,#5861);
#5417=AXIS2_PLACEMENT_3D('',#7188,#5865,#5866);
#5418=AXIS2_PLACEMENT_3D('',#7191,#5869,#5870);
#5419=AXIS2_PLACEMENT_3D('',#7379,#5880,#5881);
#5420=AXIS2_PLACEMENT_3D('',#7385,#5885,#5886);
#5421=AXIS2_PLACEMENT_3D('',#7391,#5890,#5891);
#5422=AXIS2_PLACEMENT_3D('',#7394,#5894,#5895);
#5423=AXIS2_PLACEMENT_3D('',#7587,#5908,#5909);
#5424=AXIS2_PLACEMENT_3D('',#7593,#5913,#5914);
#5425=AXIS2_PLACEMENT_3D('',#7596,#5917,#5918);
#5426=AXIS2_PLACEMENT_3D('',#7738,#5926,#5927);
#5427=AXIS2_PLACEMENT_3D('',#7744,#5931,#5932);
#5428=AXIS2_PLACEMENT_3D('',#7750,#5936,#5937);
#5429=AXIS2_PLACEMENT_3D('',#7753,#5940,#5941);
#5430=AXIS2_PLACEMENT_3D('',#7762,#5946,#5947);
#5431=AXIS2_PLACEMENT_3D('',#7929,#5958,#5959);
#5432=AXIS2_PLACEMENT_3D('',#7935,#5963,#5964);
#5433=AXIS2_PLACEMENT_3D('',#7941,#5968,#5969);
#5434=AXIS2_PLACEMENT_3D('',#7944,#5972,#5973);
#5435=AXIS2_PLACEMENT_3D('',#7945,#5974,#5975);
#5436=AXIS2_PLACEMENT_3D('',#7954,#5980,#5981);
#5437=AXIS2_PLACEMENT_3D('',#7960,#5985,#5986);
#5438=AXIS2_PLACEMENT_3D('',#7963,#5989,#5990);
#5439=AXIS2_PLACEMENT_3D('',#7972,#5995,#5996);
#5440=AXIS2_PLACEMENT_3D('',#7978,#6000,#6001);
#5441=AXIS2_PLACEMENT_3D('',#7984,#6005,#6006);
#5442=AXIS2_PLACEMENT_3D('',#7990,#6010,#6011);
#5443=AXIS2_PLACEMENT_3D('',#7996,#6015,#6016);
#5444=AXIS2_PLACEMENT_3D('',#8002,#6020,#6021);
#5445=AXIS2_PLACEMENT_3D('',#8008,#6025,#6026);
#5446=AXIS2_PLACEMENT_3D('',#8011,#6029,#6030);
#5447=AXIS2_PLACEMENT_3D('',#8012,#6031,#6032);
#5448=AXIS2_PLACEMENT_3D('',#8021,#6037,#6038);
#5449=AXIS2_PLACEMENT_3D('',#8027,#6042,#6043);
#5450=AXIS2_PLACEMENT_3D('',#8033,#6047,#6048);
#5451=AXIS2_PLACEMENT_3D('',#8039,#6052,#6053);
#5452=AXIS2_PLACEMENT_3D('',#8045,#6057,#6058);
#5453=AXIS2_PLACEMENT_3D('',#8051,#6062,#6063);
#5454=AXIS2_PLACEMENT_3D('',#8057,#6067,#6068);
#5455=AXIS2_PLACEMENT_3D('',#8063,#6072,#6073);
#5456=AXIS2_PLACEMENT_3D('',#8069,#6077,#6078);
#5457=AXIS2_PLACEMENT_3D('',#8075,#6082,#6083);
#5458=AXIS2_PLACEMENT_3D('',#8081,#6087,#6088);
#5459=AXIS2_PLACEMENT_3D('',#8084,#6091,#6092);
#5460=AXIS2_PLACEMENT_3D('',#8249,#6101,#6102);
#5461=AXIS2_PLACEMENT_3D('',#8439,#6114,#6115);
#5462=AXIS2_PLACEMENT_3D('',#8465,#6119,#6120);
#5463=AXIS2_PLACEMENT_3D('',#8466,#6121,#6122);
#5464=AXIS2_PLACEMENT_3D('',#8475,#6127,#6128);
#5465=AXIS2_PLACEMENT_3D('',#8481,#6132,#6133);
#5466=AXIS2_PLACEMENT_3D('',#8487,#6137,#6138);
#5467=AXIS2_PLACEMENT_3D('',#8493,#6142,#6143);
#5468=AXIS2_PLACEMENT_3D('',#8499,#6147,#6148);
#5469=AXIS2_PLACEMENT_3D('',#8505,#6152,#6153);
#5470=AXIS2_PLACEMENT_3D('',#8511,#6157,#6158);
#5471=AXIS2_PLACEMENT_3D('',#8517,#6162,#6163);
#5472=AXIS2_PLACEMENT_3D('',#8523,#6167,#6168);
#5473=AXIS2_PLACEMENT_3D('',#8529,#6172,#6173);
#5474=AXIS2_PLACEMENT_3D('',#8535,#6177,#6178);
#5475=AXIS2_PLACEMENT_3D('',#8538,#6181,#6182);
#5476=AXIS2_PLACEMENT_3D('',#8539,#6183,#6184);
#5477=AXIS2_PLACEMENT_3D('',#8540,#6185,#6186);
#5478=AXIS2_PLACEMENT_3D('',#8541,#6187,#6188);
#5479=AXIS2_PLACEMENT_3D('',#8542,#6189,#6190);
#5480=AXIS2_PLACEMENT_3D('',#8543,#6191,#6192);
#5481=AXIS2_PLACEMENT_3D('',#8546,#6193,#6194);
#5482=AXIS2_PLACEMENT_3D('',#8550,#6196,#6197);
#5483=AXIS2_PLACEMENT_3D('',#8552,#6199,#6200);
#5484=AXIS2_PLACEMENT_3D('',#8554,#6201,#6202);
#5485=AXIS2_PLACEMENT_3D('',#8558,#6204,#6205);
#5486=AXIS2_PLACEMENT_3D('',#8560,#6207,#6208);
#5487=AXIS2_PLACEMENT_3D('',#8562,#6209,#6210);
#5488=AXIS2_PLACEMENT_3D('',#8566,#6212,#6213);
#5489=AXIS2_PLACEMENT_3D('',#8568,#6215,#6216);
#5490=AXIS2_PLACEMENT_3D('',#8570,#6217,#6218);
#5491=AXIS2_PLACEMENT_3D('',#8573,#6220,#6221);
#5492=AXIS2_PLACEMENT_3D('',#8575,#6223,#6224);
#5493=AXIS2_PLACEMENT_3D('',#8576,#6225,#6226);
#5494=AXIS2_PLACEMENT_3D('',#8577,#6227,#6228);
#5495=AXIS2_PLACEMENT_3D('',#8578,#6229,#6230);
#5496=AXIS2_PLACEMENT_3D('',#8579,#6231,#6232);
#5497=AXIS2_PLACEMENT_3D('',#8580,#6233,#6234);
#5498=AXIS2_PLACEMENT_3D('',#8581,#6235,#6236);
#5499=AXIS2_PLACEMENT_3D('',#8582,#6237,#6238);
#5500=AXIS2_PLACEMENT_3D('',#8583,#6239,#6240);
#5501=AXIS2_PLACEMENT_3D('',#8587,#6242,#6243);
#5502=AXIS2_PLACEMENT_3D('',#8589,#6245,#6246);
#5503=AXIS2_PLACEMENT_3D('',#8593,#6249,#6250);
#5504=AXIS2_PLACEMENT_3D('',#8596,#6252,#6253);
#5505=AXIS2_PLACEMENT_3D('',#8597,#6254,#6255);
#5506=AXIS2_PLACEMENT_3D('',#8601,#6258,#6259);
#5507=AXIS2_PLACEMENT_3D('',#8603,#6260,#6261);
#5508=AXIS2_PLACEMENT_3D('',#8605,#6262,#6263);
#5509=AXIS2_PLACEMENT_3D('',#8608,#6264,#6265);
#5510=AXIS2_PLACEMENT_3D('',#8612,#6267,#6268);
#5511=AXIS2_PLACEMENT_3D('',#8616,#6270,#6271);
#5512=AXIS2_PLACEMENT_3D('',#8620,#6273,#6274);
#5513=AXIS2_PLACEMENT_3D('',#8624,#6276,#6277);
#5514=AXIS2_PLACEMENT_3D('',#8628,#6279,#6280);
#5515=AXIS2_PLACEMENT_3D('',#8632,#6282,#6283);
#5516=AXIS2_PLACEMENT_3D('',#8636,#6285,#6286);
#5517=AXIS2_PLACEMENT_3D('',#8640,#6288,#6289);
#5518=AXIS2_PLACEMENT_3D('',#8644,#6291,#6292);
#5519=AXIS2_PLACEMENT_3D('',#8648,#6294,#6295);
#5520=AXIS2_PLACEMENT_3D('',#8652,#6297,#6298);
#5521=AXIS2_PLACEMENT_3D('',#8656,#6300,#6301);
#5522=AXIS2_PLACEMENT_3D('',#8660,#6303,#6304);
#5523=AXIS2_PLACEMENT_3D('',#8664,#6306,#6307);
#5524=AXIS2_PLACEMENT_3D('',#8668,#6309,#6310);
#5525=AXIS2_PLACEMENT_3D('',#8672,#6312,#6313);
#5526=AXIS2_PLACEMENT_3D('',#8676,#6315,#6316);
#5527=AXIS2_PLACEMENT_3D('',#8680,#6318,#6319);
#5528=AXIS2_PLACEMENT_3D('',#8684,#6321,#6322);
#5529=AXIS2_PLACEMENT_3D('',#8688,#6324,#6325);
#5530=AXIS2_PLACEMENT_3D('',#8692,#6327,#6328);
#5531=AXIS2_PLACEMENT_3D('',#8696,#6330,#6331);
#5532=AXIS2_PLACEMENT_3D('',#8700,#6333,#6334);
#5533=AXIS2_PLACEMENT_3D('',#8704,#6336,#6337);
#5534=AXIS2_PLACEMENT_3D('',#8708,#6339,#6340);
#5535=AXIS2_PLACEMENT_3D('',#8712,#6342,#6343);
#5536=AXIS2_PLACEMENT_3D('',#8716,#6345,#6346);
#5537=AXIS2_PLACEMENT_3D('',#8720,#6348,#6349);
#5538=AXIS2_PLACEMENT_3D('',#8724,#6351,#6352);
#5539=AXIS2_PLACEMENT_3D('',#8728,#6354,#6355);
#5540=AXIS2_PLACEMENT_3D('',#8732,#6357,#6358);
#5541=AXIS2_PLACEMENT_3D('',#8736,#6360,#6361);
#5542=AXIS2_PLACEMENT_3D('',#8740,#6363,#6364);
#5543=AXIS2_PLACEMENT_3D('',#8744,#6366,#6367);
#5544=AXIS2_PLACEMENT_3D('',#8748,#6369,#6370);
#5545=AXIS2_PLACEMENT_3D('',#8752,#6372,#6373);
#5546=AXIS2_PLACEMENT_3D('',#8756,#6375,#6376);
#5547=AXIS2_PLACEMENT_3D('',#8760,#6378,#6379);
#5548=AXIS2_PLACEMENT_3D('',#8764,#6381,#6382);
#5549=AXIS2_PLACEMENT_3D('',#8768,#6384,#6385);
#5550=AXIS2_PLACEMENT_3D('',#8772,#6387,#6388);
#5551=AXIS2_PLACEMENT_3D('',#8776,#6390,#6391);
#5552=AXIS2_PLACEMENT_3D('',#8780,#6393,#6394);
#5553=AXIS2_PLACEMENT_3D('',#8784,#6396,#6397);
#5554=AXIS2_PLACEMENT_3D('',#8788,#6399,#6400);
#5555=AXIS2_PLACEMENT_3D('',#8792,#6402,#6403);
#5556=AXIS2_PLACEMENT_3D('',#8796,#6405,#6406);
#5557=AXIS2_PLACEMENT_3D('',#8800,#6408,#6409);
#5558=AXIS2_PLACEMENT_3D('',#8804,#6411,#6412);
#5559=AXIS2_PLACEMENT_3D('',#8808,#6414,#6415);
#5560=AXIS2_PLACEMENT_3D('',#8812,#6417,#6418);
#5561=AXIS2_PLACEMENT_3D('',#8816,#6420,#6421);
#5562=AXIS2_PLACEMENT_3D('',#8820,#6423,#6424);
#5563=AXIS2_PLACEMENT_3D('',#8824,#6426,#6427);
#5564=AXIS2_PLACEMENT_3D('',#8828,#6429,#6430);
#5565=AXIS2_PLACEMENT_3D('',#8832,#6432,#6433);
#5566=AXIS2_PLACEMENT_3D('',#8836,#6435,#6436);
#5567=AXIS2_PLACEMENT_3D('',#8840,#6438,#6439);
#5568=AXIS2_PLACEMENT_3D('',#8844,#6441,#6442);
#5569=AXIS2_PLACEMENT_3D('',#8848,#6444,#6445);
#5570=AXIS2_PLACEMENT_3D('',#8852,#6447,#6448);
#5571=AXIS2_PLACEMENT_3D('',#8856,#6450,#6451);
#5572=AXIS2_PLACEMENT_3D('',#8860,#6453,#6454);
#5573=AXIS2_PLACEMENT_3D('',#8863,#6456,#6457);
#5574=AXIS2_PLACEMENT_3D('',#8865,#6458,#6459);
#5575=AXIS2_PLACEMENT_3D('',#8866,#6460,#6461);
#5576=AXIS2_PLACEMENT_3D('',#8868,#6462,#6463);
#5577=AXIS2_PLACEMENT_3D('',#8872,#6465,#6466);
#5578=AXIS2_PLACEMENT_3D('',#8884,#6472,#6473);
#5579=AXIS2_PLACEMENT_3D('',#8888,#6475,#6476);
#5580=AXIS2_PLACEMENT_3D('',#8892,#6478,#6479);
#5581=AXIS2_PLACEMENT_3D('',#8896,#6481,#6482);
#5582=AXIS2_PLACEMENT_3D('',#8900,#6484,#6485);
#5583=AXIS2_PLACEMENT_3D('',#8904,#6487,#6488);
#5584=AXIS2_PLACEMENT_3D('',#8908,#6490,#6491);
#5585=AXIS2_PLACEMENT_3D('',#8912,#6493,#6494);
#5586=AXIS2_PLACEMENT_3D('',#8916,#6496,#6497);
#5587=AXIS2_PLACEMENT_3D('',#8920,#6499,#6500);
#5588=AXIS2_PLACEMENT_3D('',#8924,#6502,#6503);
#5589=AXIS2_PLACEMENT_3D('',#8928,#6505,#6506);
#5590=AXIS2_PLACEMENT_3D('',#8932,#6508,#6509);
#5591=AXIS2_PLACEMENT_3D('',#8936,#6511,#6512);
#5592=AXIS2_PLACEMENT_3D('',#8940,#6514,#6515);
#5593=AXIS2_PLACEMENT_3D('',#8944,#6517,#6518);
#5594=AXIS2_PLACEMENT_3D('',#8948,#6520,#6521);
#5595=AXIS2_PLACEMENT_3D('',#8952,#6523,#6524);
#5596=AXIS2_PLACEMENT_3D('',#8956,#6526,#6527);
#5597=AXIS2_PLACEMENT_3D('',#8960,#6529,#6530);
#5598=AXIS2_PLACEMENT_3D('',#8964,#6532,#6533);
#5599=AXIS2_PLACEMENT_3D('',#8968,#6535,#6536);
#5600=AXIS2_PLACEMENT_3D('',#8972,#6538,#6539);
#5601=AXIS2_PLACEMENT_3D('',#8976,#6541,#6542);
#5602=AXIS2_PLACEMENT_3D('',#8980,#6544,#6545);
#5603=AXIS2_PLACEMENT_3D('',#8984,#6547,#6548);
#5604=AXIS2_PLACEMENT_3D('',#8988,#6550,#6551);
#5605=AXIS2_PLACEMENT_3D('',#8992,#6553,#6554);
#5606=AXIS2_PLACEMENT_3D('',#8996,#6556,#6557);
#5607=AXIS2_PLACEMENT_3D('',#9000,#6559,#6560);
#5608=AXIS2_PLACEMENT_3D('',#9004,#6562,#6563);
#5609=AXIS2_PLACEMENT_3D('',#9008,#6565,#6566);
#5610=AXIS2_PLACEMENT_3D('',#9012,#6568,#6569);
#5611=AXIS2_PLACEMENT_3D('',#9016,#6571,#6572);
#5612=AXIS2_PLACEMENT_3D('',#9020,#6574,#6575);
#5613=AXIS2_PLACEMENT_3D('',#9024,#6577,#6578);
#5614=AXIS2_PLACEMENT_3D('',#9028,#6580,#6581);
#5615=AXIS2_PLACEMENT_3D('',#9032,#6583,#6584);
#5616=AXIS2_PLACEMENT_3D('',#9036,#6586,#6587);
#5617=AXIS2_PLACEMENT_3D('',#9040,#6589,#6590);
#5618=AXIS2_PLACEMENT_3D('',#9044,#6592,#6593);
#5619=AXIS2_PLACEMENT_3D('',#9048,#6595,#6596);
#5620=AXIS2_PLACEMENT_3D('',#9052,#6598,#6599);
#5621=AXIS2_PLACEMENT_3D('',#9056,#6601,#6602);
#5622=AXIS2_PLACEMENT_3D('',#9060,#6604,#6605);
#5623=AXIS2_PLACEMENT_3D('',#9064,#6607,#6608);
#5624=AXIS2_PLACEMENT_3D('',#9068,#6610,#6611);
#5625=AXIS2_PLACEMENT_3D('',#9072,#6613,#6614);
#5626=AXIS2_PLACEMENT_3D('',#9076,#6616,#6617);
#5627=AXIS2_PLACEMENT_3D('',#9080,#6619,#6620);
#5628=AXIS2_PLACEMENT_3D('',#9084,#6622,#6623);
#5629=AXIS2_PLACEMENT_3D('',#9088,#6625,#6626);
#5630=AXIS2_PLACEMENT_3D('',#9092,#6628,#6629);
#5631=AXIS2_PLACEMENT_3D('',#9096,#6631,#6632);
#5632=AXIS2_PLACEMENT_3D('',#9100,#6634,#6635);
#5633=AXIS2_PLACEMENT_3D('',#9104,#6637,#6638);
#5634=AXIS2_PLACEMENT_3D('',#9108,#6640,#6641);
#5635=AXIS2_PLACEMENT_3D('',#9112,#6643,#6644);
#5636=AXIS2_PLACEMENT_3D('',#9116,#6646,#6647);
#5637=AXIS2_PLACEMENT_3D('',#9120,#6649,#6650);
#5638=AXIS2_PLACEMENT_3D('',#9124,#6652,#6653);
#5639=AXIS2_PLACEMENT_3D('',#9128,#6655,#6656);
#5640=AXIS2_PLACEMENT_3D('',#9132,#6658,#6659);
#5641=AXIS2_PLACEMENT_3D('',#9136,#6661,#6662);
#5642=AXIS2_PLACEMENT_3D('',#9139,#6664,#6665);
#5643=AXIS2_PLACEMENT_3D('',#9141,#6666,#6667);
#5644=AXIS2_PLACEMENT_3D('',#9143,#6668,#6669);
#5645=AXIS2_PLACEMENT_3D('',#9145,#6670,#6671);
#5646=AXIS2_PLACEMENT_3D('',#9146,#6672,#6673);
#5647=AXIS2_PLACEMENT_3D('',#9148,#6675,#6676);
#5648=AXIS2_PLACEMENT_3D('',#9151,#6679,#6680);
#5649=AXIS2_PLACEMENT_3D('',#9152,#6681,#6682);
#5650=AXIS2_PLACEMENT_3D('',#9155,#6685,#6686);
#5651=AXIS2_PLACEMENT_3D('',#9157,#6688,#6689);
#5652=AXIS2_PLACEMENT_3D('',#9159,#6691,#6692);
#5653=AXIS2_PLACEMENT_3D('',#9160,#6693,#6694);
#5654=AXIS2_PLACEMENT_3D('',#9161,#6695,#6696);
#5655=AXIS2_PLACEMENT_3D('',#9164,#6699,#6700);
#5656=AXIS2_PLACEMENT_3D('',#9166,#6702,#6703);
#5657=AXIS2_PLACEMENT_3D('',#9168,#6705,#6706);
#5658=AXIS2_PLACEMENT_3D('',#9170,#6708,#6709);
#5659=AXIS2_PLACEMENT_3D('',#9172,#6711,#6712);
#5660=AXIS2_PLACEMENT_3D('',#9174,#6714,#6715);
#5661=AXIS2_PLACEMENT_3D('',#9176,#6717,#6718);
#5662=AXIS2_PLACEMENT_3D('',#9177,#6719,#6720);
#5663=AXIS2_PLACEMENT_3D('',#9180,#6723,#6724);
#5664=AXIS2_PLACEMENT_3D('',#9182,#6726,#6727);
#5665=AXIS2_PLACEMENT_3D('',#9184,#6729,#6730);
#5666=AXIS2_PLACEMENT_3D('',#9186,#6732,#6733);
#5667=AXIS2_PLACEMENT_3D('',#9188,#6735,#6736);
#5668=AXIS2_PLACEMENT_3D('',#9190,#6738,#6739);
#5669=AXIS2_PLACEMENT_3D('',#9192,#6741,#6742);
#5670=AXIS2_PLACEMENT_3D('',#9193,#6743,#6744);
#5671=AXIS2_PLACEMENT_3D('',#9196,#6747,#6748);
#5672=AXIS2_PLACEMENT_3D('',#9198,#6750,#6751);
#5673=AXIS2_PLACEMENT_3D('',#9200,#6753,#6754);
#5674=AXIS2_PLACEMENT_3D('',#9202,#6756,#6757);
#5675=AXIS2_PLACEMENT_3D('',#9204,#6759,#6760);
#5676=AXIS2_PLACEMENT_3D('',#9206,#6762,#6763);
#5677=AXIS2_PLACEMENT_3D('',#9208,#6765,#6766);
#5678=AXIS2_PLACEMENT_3D('',#9209,#6767,#6768);
#5679=AXIS2_PLACEMENT_3D('',#9212,#6771,#6772);
#5680=AXIS2_PLACEMENT_3D('',#9214,#6774,#6775);
#5681=AXIS2_PLACEMENT_3D('',#9216,#6777,#6778);
#5682=AXIS2_PLACEMENT_3D('',#9218,#6780,#6781);
#5683=AXIS2_PLACEMENT_3D('',#9220,#6783,#6784);
#5684=AXIS2_PLACEMENT_3D('',#9222,#6786,#6787);
#5685=AXIS2_PLACEMENT_3D('',#9224,#6789,#6790);
#5686=AXIS2_PLACEMENT_3D('',#9225,#6791,#6792);
#5687=AXIS2_PLACEMENT_3D('',#9228,#6795,#6796);
#5688=AXIS2_PLACEMENT_3D('',#9230,#6798,#6799);
#5689=AXIS2_PLACEMENT_3D('',#9232,#6801,#6802);
#5690=AXIS2_PLACEMENT_3D('',#9234,#6804,#6805);
#5691=AXIS2_PLACEMENT_3D('',#9236,#6807,#6808);
#5692=AXIS2_PLACEMENT_3D('',#9238,#6810,#6811);
#5693=AXIS2_PLACEMENT_3D('',#9240,#6813,#6814);
#5694=AXIS2_PLACEMENT_3D('',#9241,#6815,#6816);
#5695=AXIS2_PLACEMENT_3D('',#9244,#6819,#6820);
#5696=AXIS2_PLACEMENT_3D('',#9246,#6822,#6823);
#5697=AXIS2_PLACEMENT_3D('',#9248,#6825,#6826);
#5698=AXIS2_PLACEMENT_3D('',#9250,#6828,#6829);
#5699=AXIS2_PLACEMENT_3D('',#9252,#6831,#6832);
#5700=AXIS2_PLACEMENT_3D('',#9254,#6834,#6835);
#5701=AXIS2_PLACEMENT_3D('',#9256,#6837,#6838);
#5702=AXIS2_PLACEMENT_3D('',#9257,#6839,#6840);
#5703=AXIS2_PLACEMENT_3D('',#9260,#6843,#6844);
#5704=AXIS2_PLACEMENT_3D('',#9262,#6846,#6847);
#5705=AXIS2_PLACEMENT_3D('',#9264,#6849,#6850);
#5706=AXIS2_PLACEMENT_3D('',#9266,#6852,#6853);
#5707=AXIS2_PLACEMENT_3D('',#9268,#6855,#6856);
#5708=AXIS2_PLACEMENT_3D('',#9270,#6858,#6859);
#5709=AXIS2_PLACEMENT_3D('',#9272,#6861,#6862);
#5710=AXIS2_PLACEMENT_3D('',#9273,#6863,#6864);
#5711=AXIS2_PLACEMENT_3D('',#9276,#6867,#6868);
#5712=AXIS2_PLACEMENT_3D('',#9278,#6870,#6871);
#5713=AXIS2_PLACEMENT_3D('',#9280,#6873,#6874);
#5714=AXIS2_PLACEMENT_3D('',#9282,#6876,#6877);
#5715=AXIS2_PLACEMENT_3D('',#9284,#6879,#6880);
#5716=AXIS2_PLACEMENT_3D('',#9286,#6882,#6883);
#5717=AXIS2_PLACEMENT_3D('',#9288,#6885,#6886);
#5718=AXIS2_PLACEMENT_3D('',#9289,#6887,#6888);
#5719=AXIS2_PLACEMENT_3D('',#9292,#6891,#6892);
#5720=AXIS2_PLACEMENT_3D('',#9294,#6894,#6895);
#5721=AXIS2_PLACEMENT_3D('',#9296,#6897,#6898);
#5722=AXIS2_PLACEMENT_3D('',#9298,#6900,#6901);
#5723=AXIS2_PLACEMENT_3D('',#9300,#6903,#6904);
#5724=AXIS2_PLACEMENT_3D('',#9302,#6906,#6907);
#5725=AXIS2_PLACEMENT_3D('',#9304,#6909,#6910);
#5726=AXIS2_PLACEMENT_3D('',#9305,#6911,#6912);
#5727=AXIS2_PLACEMENT_3D('',#9308,#6915,#6916);
#5728=AXIS2_PLACEMENT_3D('',#9310,#6918,#6919);
#5729=AXIS2_PLACEMENT_3D('',#9312,#6921,#6922);
#5730=AXIS2_PLACEMENT_3D('',#9314,#6924,#6925);
#5731=AXIS2_PLACEMENT_3D('',#9316,#6927,#6928);
#5732=AXIS2_PLACEMENT_3D('',#9318,#6930,#6931);
#5733=AXIS2_PLACEMENT_3D('',#9320,#6933,#6934);
#5734=AXIS2_PLACEMENT_3D('',#9321,#6935,#6936);
#5735=AXIS2_PLACEMENT_3D('',#9324,#6939,#6940);
#5736=AXIS2_PLACEMENT_3D('',#9326,#6942,#6943);
#5737=AXIS2_PLACEMENT_3D('',#9328,#6945,#6946);
#5738=AXIS2_PLACEMENT_3D('',#9330,#6948,#6949);
#5739=AXIS2_PLACEMENT_3D('',#9332,#6951,#6952);
#5740=AXIS2_PLACEMENT_3D('',#9334,#6954,#6955);
#5741=AXIS2_PLACEMENT_3D('',#9336,#6957,#6958);
#5742=AXIS2_PLACEMENT_3D('',#9337,#6959,#6960);
#5743=AXIS2_PLACEMENT_3D('',#9340,#6963,#6964);
#5744=AXIS2_PLACEMENT_3D('',#9342,#6966,#6967);
#5745=AXIS2_PLACEMENT_3D('',#9344,#6969,#6970);
#5746=AXIS2_PLACEMENT_3D('',#9346,#6972,#6973);
#5747=AXIS2_PLACEMENT_3D('',#9348,#6975,#6976);
#5748=AXIS2_PLACEMENT_3D('',#9350,#6978,#6979);
#5749=AXIS2_PLACEMENT_3D('',#9352,#6981,#6982);
#5750=AXIS2_PLACEMENT_3D('',#9353,#6983,#6984);
#5751=AXIS2_PLACEMENT_3D('',#9356,#6987,#6988);
#5752=AXIS2_PLACEMENT_3D('',#9358,#6990,#6991);
#5753=AXIS2_PLACEMENT_3D('',#9360,#6993,#6994);
#5754=AXIS2_PLACEMENT_3D('',#9362,#6996,#6997);
#5755=AXIS2_PLACEMENT_3D('',#9364,#6999,#7000);
#5756=AXIS2_PLACEMENT_3D('',#9366,#7002,#7003);
#5757=AXIS2_PLACEMENT_3D('',#9368,#7005,#7006);
#5758=AXIS2_PLACEMENT_3D('',#9369,#7007,#7008);
#5759=AXIS2_PLACEMENT_3D('',#9372,#7011,#7012);
#5760=AXIS2_PLACEMENT_3D('',#9374,#7014,#7015);
#5761=AXIS2_PLACEMENT_3D('',#9376,#7017,#7018);
#5762=AXIS2_PLACEMENT_3D('',#9378,#7020,#7021);
#5763=AXIS2_PLACEMENT_3D('',#9380,#7023,#7024);
#5764=AXIS2_PLACEMENT_3D('',#9382,#7026,#7027);
#5765=AXIS2_PLACEMENT_3D('',#9384,#7029,#7030);
#5766=AXIS2_PLACEMENT_3D('',#9385,#7031,#7032);
#5767=AXIS2_PLACEMENT_3D('',#9388,#7035,#7036);
#5768=AXIS2_PLACEMENT_3D('',#9390,#7038,#7039);
#5769=AXIS2_PLACEMENT_3D('',#9392,#7041,#7042);
#5770=AXIS2_PLACEMENT_3D('',#9394,#7044,#7045);
#5771=AXIS2_PLACEMENT_3D('',#9396,#7047,#7048);
#5772=AXIS2_PLACEMENT_3D('',#9398,#7050,#7051);
#5773=AXIS2_PLACEMENT_3D('',#9400,#7053,#7054);
#5774=AXIS2_PLACEMENT_3D('',#9401,#7055,#7056);
#5775=AXIS2_PLACEMENT_3D('',#9404,#7059,#7060);
#5776=AXIS2_PLACEMENT_3D('',#9406,#7062,#7063);
#5777=AXIS2_PLACEMENT_3D('',#9408,#7065,#7066);
#5778=AXIS2_PLACEMENT_3D('',#9410,#7068,#7069);
#5779=AXIS2_PLACEMENT_3D('',#9412,#7071,#7072);
#5780=AXIS2_PLACEMENT_3D('',#9414,#7074,#7075);
#5781=AXIS2_PLACEMENT_3D('',#9416,#7077,#7078);
#5782=AXIS2_PLACEMENT_3D('',#9417,#7079,#7080);
#5783=AXIS2_PLACEMENT_3D('',#9419,#7082,#7083);
#5784=AXIS2_PLACEMENT_3D('',#9421,#7085,#7086);
#5785=AXIS2_PLACEMENT_3D('',#9423,#7088,#7089);
#5786=DIRECTION('axis',(0.,0.,1.));
#5787=DIRECTION('refdir',(1.,0.,0.));
#5788=DIRECTION('center_axis',(0.,-1.,0.));
#5789=DIRECTION('ref_axis',(0.,0.,-1.));
#5790=DIRECTION('',(0.,0.,1.));
#5791=DIRECTION('',(-1.,0.,0.));
#5792=DIRECTION('',(0.,0.,-1.));
#5793=DIRECTION('',(-1.,0.,0.));
#5794=DIRECTION('center_axis',(-1.,0.,0.));
#5795=DIRECTION('ref_axis',(0.,0.,1.));
#5796=DIRECTION('',(0.,1.,0.));
#5797=DIRECTION('',(0.,0.,1.));
#5798=DIRECTION('',(0.,1.,0.));
#5799=DIRECTION('center_axis',(0.,0.,-1.));
#5800=DIRECTION('ref_axis',(-1.,0.,0.));
#5801=DIRECTION('',(0.,-1.,0.));
#5802=DIRECTION('',(1.,0.,0.));
#5803=DIRECTION('',(0.,1.,0.));
#5804=DIRECTION('',(1.,0.,0.));
#5805=DIRECTION('',(0.,-1.,0.));
#5806=DIRECTION('',(-1.,0.,0.));
#5807=DIRECTION('center_axis',(1.,0.,0.));
#5808=DIRECTION('ref_axis',(0.,0.,-1.));
#5809=DIRECTION('',(0.,-1.,0.));
#5810=DIRECTION('',(0.,0.,1.));
#5811=DIRECTION('center_axis',(0.,1.,0.));
#5812=DIRECTION('ref_axis',(0.,0.,1.));
#5813=DIRECTION('',(1.,0.,0.));
#5814=DIRECTION('center_axis',(-0.347260802473905,-0.937768593558763,0.));
#5815=DIRECTION('ref_axis',(-0.937768593558763,0.347260802473905,0.));
#5816=DIRECTION('',(-0.937768593558763,0.347260802473905,0.));
#5817=DIRECTION('',(0.,0.,-1.));
#5818=DIRECTION('',(-0.937768593558763,0.347260802473905,0.));
#5819=DIRECTION('',(0.,0.,-1.));
#5820=DIRECTION('center_axis',(-0.342860732979948,0.939386245258282,0.));
#5821=DIRECTION('ref_axis',(0.939386245258282,0.342860732979948,0.));
#5822=DIRECTION('',(0.939386245258282,0.342860732979948,0.));
#5823=DIRECTION('',(0.,0.,-1.));
#5824=DIRECTION('',(0.939386245258282,0.342860732979948,0.));
#5825=DIRECTION('center_axis',(0.99998441649593,-0.00558272024145212,0.));
#5826=DIRECTION('ref_axis',(-0.00558272024145212,-0.99998441649593,0.));
#5827=DIRECTION('',(-0.00558272024145212,-0.99998441649593,0.));
#5828=DIRECTION('',(-0.00558272024145212,-0.99998441649593,0.));
#5829=DIRECTION('center_axis',(0.99998441649593,-0.00558272024145592,0.));
#5830=DIRECTION('ref_axis',(-0.00558272024145592,-0.99998441649593,0.));
#5831=DIRECTION('',(-0.00558272024145592,-0.99998441649593,0.));
#5832=DIRECTION('',(0.,0.,-1.));
#5833=DIRECTION('',(-0.00558272024145592,-0.99998441649593,0.));
#5834=DIRECTION('',(0.,0.,-1.));
#5835=DIRECTION('center_axis',(0.368133586996073,0.929772908900558,0.));
#5836=DIRECTION('ref_axis',(0.929772908900558,-0.368133586996073,0.));
#5837=DIRECTION('',(0.929772908900558,-0.368133586996073,0.));
#5838=DIRECTION('',(0.,0.,-1.));
#5839=DIRECTION('',(0.929772908900558,-0.368133586996073,0.));
#5840=DIRECTION('center_axis',(-0.99998441649593,0.00558272024145098,0.));
#5841=DIRECTION('ref_axis',(0.00558272024145098,0.99998441649593,0.));
#5842=DIRECTION('',(0.00558272024145098,0.99998441649593,0.));
#5843=DIRECTION('',(0.,0.,-1.));
#5844=DIRECTION('',(0.00558272024145098,0.99998441649593,0.));
#5845=DIRECTION('center_axis',(-0.346757318077078,-0.937954882902153,0.));
#5846=DIRECTION('ref_axis',(-0.937954882902153,0.346757318077078,0.));
#5847=DIRECTION('',(-0.937954882902153,0.346757318077078,0.));
#5848=DIRECTION('',(0.,0.,-1.));
#5849=DIRECTION('',(-0.937954882902153,0.346757318077078,0.));
#5850=DIRECTION('center_axis',(-0.99998441649593,0.0055827202414515,0.));
#5851=DIRECTION('ref_axis',(0.0055827202414515,0.99998441649593,0.));
#5852=DIRECTION('',(0.0055827202414515,0.99998441649593,0.));
#5853=DIRECTION('',(0.,0.,-1.));
#5854=DIRECTION('',(0.0055827202414515,0.99998441649593,0.));
#5855=DIRECTION('center_axis',(-0.353574610610637,0.935406326005729,0.));
#5856=DIRECTION('ref_axis',(0.935406326005729,0.353574610610637,0.));
#5857=DIRECTION('',(0.935406326005729,0.353574610610637,0.));
#5858=DIRECTION('',(0.,0.,-1.));
#5859=DIRECTION('',(0.935406326005729,0.353574610610637,0.));
#5860=DIRECTION('center_axis',(-0.99998441649593,0.00558272024145161,0.));
#5861=DIRECTION('ref_axis',(0.00558272024145161,0.99998441649593,0.));
#5862=DIRECTION('',(0.00558272024145161,0.99998441649593,0.));
#5863=DIRECTION('',(0.,0.,-1.));
#5864=DIRECTION('',(0.00558272024145161,0.99998441649593,0.));
#5865=DIRECTION('center_axis',(0.366529741575282,-0.930406335178752,0.));
#5866=DIRECTION('ref_axis',(-0.930406335178752,-0.366529741575282,0.));
#5867=DIRECTION('',(-0.930406335178752,-0.366529741575282,0.));
#5868=DIRECTION('',(-0.930406335178752,-0.366529741575282,0.));
#5869=DIRECTION('center_axis',(0.,0.,-1.));
#5870=DIRECTION('ref_axis',(-1.,0.,0.));
#5871=DIRECTION('',(0.,0.,-1.));
#5872=DIRECTION('',(0.,0.,-1.));
#5873=DIRECTION('',(0.,0.,-1.));
#5874=DIRECTION('',(0.,0.,-1.));
#5875=DIRECTION('',(0.,0.,-1.));
#5876=DIRECTION('',(0.,0.,-1.));
#5877=DIRECTION('',(0.,0.,-1.));
#5878=DIRECTION('',(0.,0.,-1.));
#5879=DIRECTION('',(0.,0.,-1.));
#5880=DIRECTION('center_axis',(0.99998441649593,-0.00558272024145269,0.));
#5881=DIRECTION('ref_axis',(-0.00558272024145269,-0.99998441649593,0.));
#5882=DIRECTION('',(-0.00558272024145269,-0.99998441649593,0.));
#5883=DIRECTION('',(0.,0.,-1.));
#5884=DIRECTION('',(-0.00558272024145269,-0.99998441649593,0.));
#5885=DIRECTION('center_axis',(-0.00558272024145248,-0.99998441649593,0.));
#5886=DIRECTION('ref_axis',(-0.99998441649593,0.00558272024145248,0.));
#5887=DIRECTION('',(-0.99998441649593,0.00558272024145248,0.));
#5888=DIRECTION('',(0.,0.,-1.));
#5889=DIRECTION('',(-0.99998441649593,0.00558272024145248,0.));
#5890=DIRECTION('center_axis',(-0.99998441649593,0.0055827202414565,0.));
#5891=DIRECTION('ref_axis',(0.0055827202414565,0.99998441649593,0.));
#5892=DIRECTION('',(0.0055827202414565,0.99998441649593,0.));
#5893=DIRECTION('',(0.0055827202414565,0.99998441649593,0.));
#5894=DIRECTION('center_axis',(-0.99998441649593,0.0055827202414533,0.));
#5895=DIRECTION('ref_axis',(0.0055827202414533,0.99998441649593,0.));
#5896=DIRECTION('',(0.0055827202414533,0.99998441649593,0.));
#5897=DIRECTION('',(0.,0.,-1.));
#5898=DIRECTION('',(0.0055827202414533,0.99998441649593,0.));
#5899=DIRECTION('',(0.,0.,-1.));
#5900=DIRECTION('',(0.,0.,-1.));
#5901=DIRECTION('',(0.,0.,-1.));
#5902=DIRECTION('',(0.,0.,-1.));
#5903=DIRECTION('',(0.,0.,-1.));
#5904=DIRECTION('',(0.,0.,-1.));
#5905=DIRECTION('',(0.,0.,-1.));
#5906=DIRECTION('',(0.,0.,-1.));
#5907=DIRECTION('',(0.,0.,-1.));
#5908=DIRECTION('center_axis',(0.99998441649593,-0.005582720241453,0.));
#5909=DIRECTION('ref_axis',(-0.005582720241453,-0.99998441649593,0.));
#5910=DIRECTION('',(-0.005582720241453,-0.99998441649593,0.));
#5911=DIRECTION('',(0.,0.,-1.));
#5912=DIRECTION('',(-0.005582720241453,-0.99998441649593,0.));
#5913=DIRECTION('center_axis',(0.00558272024145257,0.99998441649593,0.));
#5914=DIRECTION('ref_axis',(0.99998441649593,-0.00558272024145257,0.));
#5915=DIRECTION('',(0.99998441649593,-0.00558272024145257,0.));
#5916=DIRECTION('',(0.99998441649593,-0.00558272024145257,0.));
#5917=DIRECTION('center_axis',(0.,0.,1.));
#5918=DIRECTION('ref_axis',(-1.,0.,0.));
#5919=DIRECTION('',(0.,0.,-1.));
#5920=DIRECTION('',(0.,0.,-1.));
#5921=DIRECTION('',(0.,0.,-1.));
#5922=DIRECTION('',(0.,0.,-1.));
#5923=DIRECTION('',(0.,0.,-1.));
#5924=DIRECTION('',(0.,0.,-1.));
#5925=DIRECTION('',(0.,0.,-1.));
#5926=DIRECTION('center_axis',(0.99998441649593,-0.00558272024144941,0.));
#5927=DIRECTION('ref_axis',(-0.00558272024144941,-0.99998441649593,0.));
#5928=DIRECTION('',(-0.00558272024144941,-0.99998441649593,0.));
#5929=DIRECTION('',(0.,0.,-1.));
#5930=DIRECTION('',(-0.00558272024144941,-0.99998441649593,0.));
#5931=DIRECTION('center_axis',(-0.00558272024145251,-0.99998441649593,0.));
#5932=DIRECTION('ref_axis',(-0.99998441649593,0.00558272024145251,0.));
#5933=DIRECTION('',(-0.99998441649593,0.00558272024145251,0.));
#5934=DIRECTION('',(0.,0.,-1.));
#5935=DIRECTION('',(-0.99998441649593,0.00558272024145251,0.));
#5936=DIRECTION('center_axis',(-0.99998441649593,0.00558272024145115,0.));
#5937=DIRECTION('ref_axis',(0.00558272024145115,0.99998441649593,0.));
#5938=DIRECTION('',(0.00558272024145115,0.99998441649593,0.));
#5939=DIRECTION('',(0.00558272024145115,0.99998441649593,0.));
#5940=DIRECTION('center_axis',(-0.00558272024145248,-0.99998441649593,0.));
#5941=DIRECTION('ref_axis',(-0.99998441649593,0.00558272024145248,0.));
#5942=DIRECTION('',(-0.99998441649593,0.00558272024145248,0.));
#5943=DIRECTION('',(0.,0.,-1.));
#5944=DIRECTION('',(-0.99998441649593,0.00558272024145248,0.));
#5945=DIRECTION('',(0.,0.,-1.));
#5946=DIRECTION('center_axis',(-0.99998441649593,0.00558272024145006,0.));
#5947=DIRECTION('ref_axis',(0.00558272024145006,0.99998441649593,0.));
#5948=DIRECTION('',(0.00558272024145006,0.99998441649593,0.));
#5949=DIRECTION('',(0.,0.,-1.));
#5950=DIRECTION('',(0.00558272024145006,0.99998441649593,0.));
#5951=DIRECTION('',(0.,0.,-1.));
#5952=DIRECTION('',(0.,0.,-1.));
#5953=DIRECTION('',(0.,0.,-1.));
#5954=DIRECTION('',(0.,0.,-1.));
#5955=DIRECTION('',(0.,0.,-1.));
#5956=DIRECTION('',(0.,0.,-1.));
#5957=DIRECTION('',(0.,0.,-1.));
#5958=DIRECTION('center_axis',(0.99998441649593,-0.00558272024145285,0.));
#5959=DIRECTION('ref_axis',(-0.00558272024145285,-0.99998441649593,0.));
#5960=DIRECTION('',(-0.00558272024145285,-0.99998441649593,0.));
#5961=DIRECTION('',(0.,0.,-1.));
#5962=DIRECTION('',(-0.00558272024145285,-0.99998441649593,0.));
#5963=DIRECTION('center_axis',(0.00558272024145265,0.99998441649593,0.));
#5964=DIRECTION('ref_axis',(0.99998441649593,-0.00558272024145265,0.));
#5965=DIRECTION('',(0.99998441649593,-0.00558272024145265,0.));
#5966=DIRECTION('',(0.,0.,-1.));
#5967=DIRECTION('',(0.99998441649593,-0.00558272024145265,0.));
#5968=DIRECTION('center_axis',(-0.99998441649593,0.00558272024145304,0.));
#5969=DIRECTION('ref_axis',(0.00558272024145304,0.99998441649593,0.));
#5970=DIRECTION('',(0.00558272024145304,0.99998441649593,0.));
#5971=DIRECTION('',(0.00558272024145304,0.99998441649593,0.));
#5972=DIRECTION('center_axis',(0.,0.,1.));
#5973=DIRECTION('ref_axis',(-1.,0.,0.));
#5974=DIRECTION('center_axis',(-0.347262335023348,-0.937768026045958,0.));
#5975=DIRECTION('ref_axis',(-0.937768026045958,0.347262335023348,0.));
#5976=DIRECTION('',(-0.937768026045958,0.347262335023348,0.));
#5977=DIRECTION('',(0.,0.,-1.));
#5978=DIRECTION('',(-0.937768026045958,0.347262335023348,0.));
#5979=DIRECTION('',(0.,0.,-1.));
#5980=DIRECTION('center_axis',(-0.342860732979948,0.939386245258282,0.));
#5981=DIRECTION('ref_axis',(0.939386245258282,0.342860732979948,0.));
#5982=DIRECTION('',(0.939386245258282,0.342860732979948,0.));
#5983=DIRECTION('',(0.,0.,-1.));
#5984=DIRECTION('',(0.939386245258282,0.342860732979948,0.));
#5985=DIRECTION('center_axis',(0.99998441649593,-0.00558272024145162,0.));
#5986=DIRECTION('ref_axis',(-0.00558272024145162,-0.99998441649593,0.));
#5987=DIRECTION('',(-0.00558272024145162,-0.99998441649593,0.));
#5988=DIRECTION('',(-0.00558272024145162,-0.99998441649593,0.));
#5989=DIRECTION('center_axis',(0.99998441649593,-0.00558272024145527,0.));
#5990=DIRECTION('ref_axis',(-0.00558272024145527,-0.99998441649593,0.));
#5991=DIRECTION('',(-0.00558272024145527,-0.99998441649593,0.));
#5992=DIRECTION('',(0.,0.,-1.));
#5993=DIRECTION('',(-0.00558272024145527,-0.99998441649593,0.));
#5994=DIRECTION('',(0.,0.,-1.));
#5995=DIRECTION('center_axis',(0.368133309780521,0.929773018661027,0.));
#5996=DIRECTION('ref_axis',(0.929773018661027,-0.368133309780521,0.));
#5997=DIRECTION('',(0.929773018661027,-0.368133309780521,0.));
#5998=DIRECTION('',(0.,0.,-1.));
#5999=DIRECTION('',(0.929773018661027,-0.368133309780521,0.));
#6000=DIRECTION('center_axis',(-0.99998441649593,0.00558272024145098,0.));
#6001=DIRECTION('ref_axis',(0.00558272024145098,0.99998441649593,0.));
#6002=DIRECTION('',(0.00558272024145098,0.99998441649593,0.));
#6003=DIRECTION('',(0.,0.,-1.));
#6004=DIRECTION('',(0.00558272024145098,0.99998441649593,0.));
#6005=DIRECTION('center_axis',(-0.346758570627283,-0.937954419839538,0.));
#6006=DIRECTION('ref_axis',(-0.937954419839538,0.346758570627283,0.));
#6007=DIRECTION('',(-0.937954419839538,0.346758570627283,0.));
#6008=DIRECTION('',(0.,0.,-1.));
#6009=DIRECTION('',(-0.937954419839538,0.346758570627283,0.));
#6010=DIRECTION('center_axis',(-0.99998441649593,0.0055827202414515,0.));
#6011=DIRECTION('ref_axis',(0.0055827202414515,0.99998441649593,0.));
#6012=DIRECTION('',(0.0055827202414515,0.99998441649593,0.));
#6013=DIRECTION('',(0.,0.,-1.));
#6014=DIRECTION('',(0.0055827202414515,0.99998441649593,0.));
#6015=DIRECTION('center_axis',(-0.353573378569778,0.935406791704418,0.));
#6016=DIRECTION('ref_axis',(0.935406791704418,0.353573378569778,0.));
#6017=DIRECTION('',(0.935406791704418,0.353573378569778,0.));
#6018=DIRECTION('',(0.,0.,-1.));
#6019=DIRECTION('',(0.935406791704418,0.353573378569778,0.));
#6020=DIRECTION('center_axis',(-0.99998441649593,0.00558272024145192,0.));
#6021=DIRECTION('ref_axis',(0.00558272024145192,0.99998441649593,0.));
#6022=DIRECTION('',(0.00558272024145192,0.99998441649593,0.));
#6023=DIRECTION('',(0.,0.,-1.));
#6024=DIRECTION('',(0.00558272024145192,0.99998441649593,0.));
#6025=DIRECTION('center_axis',(0.366529190888429,-0.930406552119381,0.));
#6026=DIRECTION('ref_axis',(-0.930406552119381,-0.366529190888429,0.));
#6027=DIRECTION('',(-0.930406552119381,-0.366529190888429,0.));
#6028=DIRECTION('',(-0.930406552119381,-0.366529190888429,0.));
#6029=DIRECTION('center_axis',(0.,0.,-1.));
#6030=DIRECTION('ref_axis',(-1.,0.,0.));
#6031=DIRECTION('center_axis',(-0.00558272024145271,-0.99998441649593,0.));
#6032=DIRECTION('ref_axis',(-0.99998441649593,0.00558272024145271,0.));
#6033=DIRECTION('',(-0.99998441649593,0.00558272024145271,0.));
#6034=DIRECTION('',(0.,0.,-1.));
#6035=DIRECTION('',(-0.99998441649593,0.00558272024145271,0.));
#6036=DIRECTION('',(0.,0.,-1.));
#6037=DIRECTION('center_axis',(-0.70375672026141,-0.710441045187357,0.));
#6038=DIRECTION('ref_axis',(-0.710441045187357,0.70375672026141,0.));
#6039=DIRECTION('',(-0.710441045187357,0.70375672026141,0.));
#6040=DIRECTION('',(0.,0.,-1.));
#6041=DIRECTION('',(-0.710441045187357,0.70375672026141,0.));
#6042=DIRECTION('center_axis',(-0.500605177388348,0.865675722411101,0.));
#6043=DIRECTION('ref_axis',(0.865675722411101,0.500605177388348,0.));
#6044=DIRECTION('',(0.865675722411101,0.500605177388348,0.));
#6045=DIRECTION('',(0.,0.,-1.));
#6046=DIRECTION('',(0.865675722411101,0.500605177388348,0.));
#6047=DIRECTION('center_axis',(-0.99998441649593,0.00558272024145515,0.));
#6048=DIRECTION('ref_axis',(0.00558272024145515,0.99998441649593,0.));
#6049=DIRECTION('',(0.00558272024145515,0.99998441649593,0.));
#6050=DIRECTION('',(0.,0.,-1.));
#6051=DIRECTION('',(0.00558272024145515,0.99998441649593,0.));
#6052=DIRECTION('center_axis',(0.540464097680517,-0.841367077510396,0.));
#6053=DIRECTION('ref_axis',(-0.841367077510396,-0.540464097680517,0.));
#6054=DIRECTION('',(-0.841367077510396,-0.540464097680517,0.));
#6055=DIRECTION('',(0.,0.,-1.));
#6056=DIRECTION('',(-0.841367077510396,-0.540464097680517,0.));
#6057=DIRECTION('center_axis',(-0.699046693769361,-0.715076023881465,0.));
#6058=DIRECTION('ref_axis',(-0.715076023881465,0.699046693769361,0.));
#6059=DIRECTION('',(-0.715076023881465,0.699046693769361,0.));
#6060=DIRECTION('',(0.,0.,-1.));
#6061=DIRECTION('',(-0.715076023881465,0.699046693769361,0.));
#6062=DIRECTION('center_axis',(0.99998441649593,-0.00558272024145417,0.));
#6063=DIRECTION('ref_axis',(-0.00558272024145417,-0.99998441649593,0.));
#6064=DIRECTION('',(-0.00558272024145417,-0.99998441649593,0.));
#6065=DIRECTION('',(0.,0.,-1.));
#6066=DIRECTION('',(-0.00558272024145417,-0.99998441649593,0.));
#6067=DIRECTION('center_axis',(0.680593444211893,0.732661288520004,0.));
#6068=DIRECTION('ref_axis',(0.732661288520004,-0.680593444211893,0.));
#6069=DIRECTION('',(0.732661288520004,-0.680593444211893,0.));
#6070=DIRECTION('',(0.,0.,-1.));
#6071=DIRECTION('',(0.732661288520004,-0.680593444211893,0.));
#6072=DIRECTION('center_axis',(-0.00558272024145266,-0.99998441649593,0.));
#6073=DIRECTION('ref_axis',(-0.99998441649593,0.00558272024145266,0.));
#6074=DIRECTION('',(-0.99998441649593,0.00558272024145266,0.));
#6075=DIRECTION('',(0.,0.,-1.));
#6076=DIRECTION('',(-0.99998441649593,0.00558272024145266,0.));
#6077=DIRECTION('center_axis',(0.99998441649593,-0.00558272024145338,0.));
#6078=DIRECTION('ref_axis',(-0.00558272024145338,-0.99998441649593,0.));
#6079=DIRECTION('',(-0.00558272024145338,-0.99998441649593,0.));
#6080=DIRECTION('',(0.,0.,-1.));
#6081=DIRECTION('',(-0.00558272024145338,-0.99998441649593,0.));
#6082=DIRECTION('center_axis',(0.00558272024145265,0.99998441649593,0.));
#6083=DIRECTION('ref_axis',(0.99998441649593,-0.00558272024145265,0.));
#6084=DIRECTION('',(0.99998441649593,-0.00558272024145265,0.));
#6085=DIRECTION('',(0.,0.,-1.));
#6086=DIRECTION('',(0.99998441649593,-0.00558272024145265,0.));
#6087=DIRECTION('center_axis',(-0.99998441649593,0.00558272024145338,0.));
#6088=DIRECTION('ref_axis',(0.00558272024145338,0.99998441649593,0.));
#6089=DIRECTION('',(0.00558272024145338,0.99998441649593,0.));
#6090=DIRECTION('',(0.00558272024145338,0.99998441649593,0.));
#6091=DIRECTION('center_axis',(0.,0.,-1.));
#6092=DIRECTION('ref_axis',(-1.,0.,0.));
#6093=DIRECTION('',(0.,0.,-1.));
#6094=DIRECTION('',(0.,0.,-1.));
#6095=DIRECTION('',(0.,0.,-1.));
#6096=DIRECTION('',(0.,0.,-1.));
#6097=DIRECTION('',(0.,0.,-1.));
#6098=DIRECTION('',(0.,0.,-1.));
#6099=DIRECTION('',(0.,0.,-1.));
#6100=DIRECTION('',(0.,0.,-1.));
#6101=DIRECTION('center_axis',(-0.973910003412509,-0.226934583642614,0.));
#6102=DIRECTION('ref_axis',(-0.226934583642614,0.973910003412509,0.));
#6103=DIRECTION('',(-0.226934583642614,0.973910003412509,0.));
#6104=DIRECTION('',(0.,0.,-1.));
#6105=DIRECTION('',(-0.226934583642614,0.973910003412509,0.));
#6106=DIRECTION('',(0.,0.,-1.));
#6107=DIRECTION('',(0.,0.,-1.));
#6108=DIRECTION('',(0.,0.,-1.));
#6109=DIRECTION('',(0.,0.,-1.));
#6110=DIRECTION('',(0.,0.,-1.));
#6111=DIRECTION('',(0.,0.,-1.));
#6112=DIRECTION('',(0.,0.,-1.));
#6113=DIRECTION('',(0.,0.,-1.));
#6114=DIRECTION('center_axis',(0.951528410217193,-0.307560863162954,0.));
#6115=DIRECTION('ref_axis',(-0.307560863162954,-0.951528410217193,0.));
#6116=DIRECTION('',(-0.307560863162954,-0.951528410217193,0.));
#6117=DIRECTION('',(0.,0.,-1.));
#6118=DIRECTION('',(-0.307560863162954,-0.951528410217193,0.));
#6119=DIRECTION('center_axis',(0.,0.,1.));
#6120=DIRECTION('ref_axis',(-1.,0.,0.));
#6121=DIRECTION('center_axis',(-0.00558272024145213,-0.99998441649593,0.));
#6122=DIRECTION('ref_axis',(-0.99998441649593,0.00558272024145213,0.));
#6123=DIRECTION('',(-0.99998441649593,0.00558272024145213,0.));
#6124=DIRECTION('',(0.,0.,-1.));
#6125=DIRECTION('',(-0.99998441649593,0.00558272024145213,0.));
#6126=DIRECTION('',(0.,0.,-1.));
#6127=DIRECTION('center_axis',(-0.99998441649593,0.00558272024145308,0.));
#6128=DIRECTION('ref_axis',(0.00558272024145308,0.99998441649593,0.));
#6129=DIRECTION('',(0.00558272024145308,0.99998441649593,0.));
#6130=DIRECTION('',(0.,0.,-1.));
#6131=DIRECTION('',(0.00558272024145308,0.99998441649593,0.));
#6132=DIRECTION('center_axis',(0.00558272024145286,0.99998441649593,0.));
#6133=DIRECTION('ref_axis',(0.99998441649593,-0.00558272024145286,0.));
#6134=DIRECTION('',(0.99998441649593,-0.00558272024145286,0.));
#6135=DIRECTION('',(0.,0.,-1.));
#6136=DIRECTION('',(0.99998441649593,-0.00558272024145286,0.));
#6137=DIRECTION('center_axis',(-0.99998441649593,0.00558272024145338,0.));
#6138=DIRECTION('ref_axis',(0.00558272024145338,0.99998441649593,0.));
#6139=DIRECTION('',(0.00558272024145338,0.99998441649593,0.));
#6140=DIRECTION('',(0.,0.,-1.));
#6141=DIRECTION('',(0.00558272024145338,0.99998441649593,0.));
#6142=DIRECTION('center_axis',(-0.00558272024145257,-0.99998441649593,0.));
#6143=DIRECTION('ref_axis',(-0.99998441649593,0.00558272024145257,0.));
#6144=DIRECTION('',(-0.99998441649593,0.00558272024145257,0.));
#6145=DIRECTION('',(0.,0.,-1.));
#6146=DIRECTION('',(-0.99998441649593,0.00558272024145257,0.));
#6147=DIRECTION('center_axis',(0.99998441649593,-0.00558272024145338,0.));
#6148=DIRECTION('ref_axis',(-0.00558272024145338,-0.99998441649593,0.));
#6149=DIRECTION('',(-0.00558272024145338,-0.99998441649593,0.));
#6150=DIRECTION('',(0.,0.,-1.));
#6151=DIRECTION('',(-0.00558272024145338,-0.99998441649593,0.));
#6152=DIRECTION('center_axis',(0.00558272024145303,0.99998441649593,0.));
#6153=DIRECTION('ref_axis',(0.99998441649593,-0.00558272024145303,0.));
#6154=DIRECTION('',(0.99998441649593,-0.00558272024145303,0.));
#6155=DIRECTION('',(0.,0.,-1.));
#6156=DIRECTION('',(0.99998441649593,-0.00558272024145303,0.));
#6157=DIRECTION('center_axis',(0.99998441649593,-0.00558272024145308,0.));
#6158=DIRECTION('ref_axis',(-0.00558272024145308,-0.99998441649593,0.));
#6159=DIRECTION('',(-0.00558272024145308,-0.99998441649593,0.));
#6160=DIRECTION('',(0.,0.,-1.));
#6161=DIRECTION('',(-0.00558272024145308,-0.99998441649593,0.));
#6162=DIRECTION('center_axis',(-0.00558272024145222,-0.99998441649593,0.));
#6163=DIRECTION('ref_axis',(-0.99998441649593,0.00558272024145222,0.));
#6164=DIRECTION('',(-0.99998441649593,0.00558272024145222,0.));
#6165=DIRECTION('',(0.,0.,-1.));
#6166=DIRECTION('',(-0.99998441649593,0.00558272024145222,0.));
#6167=DIRECTION('center_axis',(0.99998441649593,-0.00558272024145338,0.));
#6168=DIRECTION('ref_axis',(-0.00558272024145338,-0.99998441649593,0.));
#6169=DIRECTION('',(-0.00558272024145338,-0.99998441649593,0.));
#6170=DIRECTION('',(0.,0.,-1.));
#6171=DIRECTION('',(-0.00558272024145338,-0.99998441649593,0.));
#6172=DIRECTION('center_axis',(0.00558272024145257,0.99998441649593,0.));
#6173=DIRECTION('ref_axis',(0.99998441649593,-0.00558272024145257,0.));
#6174=DIRECTION('',(0.99998441649593,-0.00558272024145257,0.));
#6175=DIRECTION('',(0.,0.,-1.));
#6176=DIRECTION('',(0.99998441649593,-0.00558272024145257,0.));
#6177=DIRECTION('center_axis',(-0.99998441649593,0.00558272024145338,0.));
#6178=DIRECTION('ref_axis',(0.00558272024145338,0.99998441649593,0.));
#6179=DIRECTION('',(0.00558272024145338,0.99998441649593,0.));
#6180=DIRECTION('',(0.00558272024145338,0.99998441649593,0.));
#6181=DIRECTION('center_axis',(0.,0.,-1.));
#6182=DIRECTION('ref_axis',(-1.,0.,0.));
#6183=DIRECTION('center_axis',(0.,0.,1.));
#6184=DIRECTION('ref_axis',(1.,0.,0.));
#6185=DIRECTION('center_axis',(0.,0.,1.));
#6186=DIRECTION('ref_axis',(1.,0.,0.));
#6187=DIRECTION('center_axis',(0.,0.,1.));
#6188=DIRECTION('ref_axis',(1.,0.,0.));
#6189=DIRECTION('center_axis',(0.,0.,1.));
#6190=DIRECTION('ref_axis',(1.,0.,0.));
#6191=DIRECTION('center_axis',(0.,1.,0.));
#6192=DIRECTION('ref_axis',(0.707106781186544,0.,0.707106781186551));
#6193=DIRECTION('center_axis',(0.,1.,0.));
#6194=DIRECTION('ref_axis',(0.,0.,1.));
#6195=DIRECTION('',(0.,1.,0.));
#6196=DIRECTION('center_axis',(0.,-1.,0.));
#6197=DIRECTION('ref_axis',(1.,0.,0.));
#6198=DIRECTION('',(0.,-1.,0.));
#6199=DIRECTION('center_axis',(-1.,0.,0.));
#6200=DIRECTION('ref_axis',(0.,-0.707106781186544,0.707106781186551));
#6201=DIRECTION('center_axis',(-1.,0.,0.));
#6202=DIRECTION('ref_axis',(0.,-1.,0.));
#6203=DIRECTION('',(-1.,0.,0.));
#6204=DIRECTION('center_axis',(1.,0.,0.));
#6205=DIRECTION('ref_axis',(0.,0.,1.));
#6206=DIRECTION('',(1.,0.,0.));
#6207=DIRECTION('center_axis',(0.,1.,0.));
#6208=DIRECTION('ref_axis',(-0.707106781186544,0.,0.707106781186551));
#6209=DIRECTION('center_axis',(0.,1.,0.));
#6210=DIRECTION('ref_axis',(-1.,0.,0.));
#6211=DIRECTION('',(0.,1.,0.));
#6212=DIRECTION('center_axis',(0.,-1.,0.));
#6213=DIRECTION('ref_axis',(0.,0.,1.));
#6214=DIRECTION('',(0.,-1.,0.));
#6215=DIRECTION('center_axis',(-1.,0.,0.));
#6216=DIRECTION('ref_axis',(0.,0.707106781186544,0.707106781186551));
#6217=DIRECTION('center_axis',(-1.,0.,0.));
#6218=DIRECTION('ref_axis',(0.,0.,1.));
#6219=DIRECTION('',(-1.,0.,0.));
#6220=DIRECTION('center_axis',(1.,-8.88178419700128E-15,0.));
#6221=DIRECTION('ref_axis',(8.88178419700128E-15,1.,0.));
#6222=DIRECTION('',(1.,0.,0.));
#6223=DIRECTION('center_axis',(-0.40824829046386,-0.816496580927727,0.408248290463864));
#6224=DIRECTION('ref_axis',(-0.577350269189623,0.577350269189623,0.577350269189631));
#6225=DIRECTION('center_axis',(0.,0.,1.));
#6226=DIRECTION('ref_axis',(-0.707106781186548,0.707106781186548,0.));
#6227=DIRECTION('center_axis',(0.40824829046386,-0.816496580927727,-0.408248290463864));
#6228=DIRECTION('ref_axis',(-0.577350269189625,-0.577350269189625,0.577350269189628));
#6229=DIRECTION('center_axis',(0.,0.,1.));
#6230=DIRECTION('ref_axis',(-0.707106781186548,-0.707106781186548,0.));
#6231=DIRECTION('center_axis',(-0.40824829046386,-0.816496580927727,-0.408248290463864));
#6232=DIRECTION('ref_axis',(0.577350269189625,-0.577350269189625,0.577350269189628));
#6233=DIRECTION('center_axis',(0.,0.,1.));
#6234=DIRECTION('ref_axis',(0.707106781186548,-0.707106781186548,0.));
#6235=DIRECTION('center_axis',(0.40824829046386,-0.816496580927727,0.408248290463864));
#6236=DIRECTION('ref_axis',(0.577350269189623,0.577350269189623,0.577350269189631));
#6237=DIRECTION('center_axis',(0.,0.,1.));
#6238=DIRECTION('ref_axis',(0.707106781186548,0.707106781186548,0.));
#6239=DIRECTION('center_axis',(0.,0.,1.));
#6240=DIRECTION('ref_axis',(-0.707106781186548,-0.707106781186548,0.));
#6241=DIRECTION('',(0.,0.,-1.));
#6242=DIRECTION('center_axis',(0.,0.,1.));
#6243=DIRECTION('ref_axis',(-0.707106781186548,-0.707106781186548,0.));
#6244=DIRECTION('',(0.,0.,1.));
#6245=DIRECTION('center_axis',(-1.,0.,0.));
#6246=DIRECTION('ref_axis',(0.,0.,1.));
#6247=DIRECTION('',(0.,0.,1.));
#6248=DIRECTION('',(0.,-1.,0.));
#6249=DIRECTION('center_axis',(0.,0.,-1.));
#6250=DIRECTION('ref_axis',(-0.707106781186548,0.707106781186548,0.));
#6251=DIRECTION('',(0.,0.,-1.));
#6252=DIRECTION('center_axis',(0.,0.,1.));
#6253=DIRECTION('ref_axis',(-0.707106781186548,0.707106781186548,0.));
#6254=DIRECTION('center_axis',(0.,1.,0.));
#6255=DIRECTION('ref_axis',(0.,0.,1.));
#6256=DIRECTION('',(0.,0.,1.));
#6257=DIRECTION('',(1.,0.,0.));
#6258=DIRECTION('center_axis',(0.,0.,1.));
#6259=DIRECTION('ref_axis',(1.,0.,0.));
#6260=DIRECTION('center_axis',(0.,0.,-1.));
#6261=DIRECTION('ref_axis',(1.,0.,0.));
#6262=DIRECTION('center_axis',(0.,0.,-1.));
#6263=DIRECTION('ref_axis',(1.,0.,0.));
#6264=DIRECTION('center_axis',(0.,0.,-1.));
#6265=DIRECTION('ref_axis',(0.,1.,0.));
#6266=DIRECTION('',(1.,0.,0.));
#6267=DIRECTION('center_axis',(0.,0.,-1.));
#6268=DIRECTION('ref_axis',(1.,0.,0.));
#6269=DIRECTION('',(0.,-1.,0.));
#6270=DIRECTION('center_axis',(0.,0.,-1.));
#6271=DIRECTION('ref_axis',(0.,-1.,0.));
#6272=DIRECTION('',(-1.,0.,0.));
#6273=DIRECTION('center_axis',(0.,0.,-1.));
#6274=DIRECTION('ref_axis',(-1.,0.,0.));
#6275=DIRECTION('',(0.,1.,0.));
#6276=DIRECTION('center_axis',(0.,0.,-1.));
#6277=DIRECTION('ref_axis',(0.,1.,0.));
#6278=DIRECTION('',(1.,0.,0.));
#6279=DIRECTION('center_axis',(0.,0.,-1.));
#6280=DIRECTION('ref_axis',(1.,0.,0.));
#6281=DIRECTION('',(0.,-1.,0.));
#6282=DIRECTION('center_axis',(0.,0.,-1.));
#6283=DIRECTION('ref_axis',(0.,-1.,0.));
#6284=DIRECTION('',(-1.,0.,0.));
#6285=DIRECTION('center_axis',(0.,0.,-1.));
#6286=DIRECTION('ref_axis',(-1.,0.,0.));
#6287=DIRECTION('',(0.,1.,0.));
#6288=DIRECTION('center_axis',(0.,0.,-1.));
#6289=DIRECTION('ref_axis',(0.,1.,0.));
#6290=DIRECTION('',(1.,0.,0.));
#6291=DIRECTION('center_axis',(0.,0.,-1.));
#6292=DIRECTION('ref_axis',(1.,0.,0.));
#6293=DIRECTION('',(0.,-1.,0.));
#6294=DIRECTION('center_axis',(0.,0.,-1.));
#6295=DIRECTION('ref_axis',(0.,-1.,0.));
#6296=DIRECTION('',(-1.,0.,0.));
#6297=DIRECTION('center_axis',(0.,0.,-1.));
#6298=DIRECTION('ref_axis',(-1.,0.,0.));
#6299=DIRECTION('',(0.,1.,0.));
#6300=DIRECTION('center_axis',(0.,0.,-1.));
#6301=DIRECTION('ref_axis',(0.,1.,0.));
#6302=DIRECTION('',(1.,0.,0.));
#6303=DIRECTION('center_axis',(0.,0.,-1.));
#6304=DIRECTION('ref_axis',(1.,0.,0.));
#6305=DIRECTION('',(0.,-1.,0.));
#6306=DIRECTION('center_axis',(0.,0.,-1.));
#6307=DIRECTION('ref_axis',(0.,-1.,0.));
#6308=DIRECTION('',(-1.,0.,0.));
#6309=DIRECTION('center_axis',(0.,0.,-1.));
#6310=DIRECTION('ref_axis',(-1.,0.,0.));
#6311=DIRECTION('',(0.,1.,0.));
#6312=DIRECTION('center_axis',(0.,0.,-1.));
#6313=DIRECTION('ref_axis',(0.,1.,0.));
#6314=DIRECTION('',(1.,0.,0.));
#6315=DIRECTION('center_axis',(0.,0.,-1.));
#6316=DIRECTION('ref_axis',(1.,0.,0.));
#6317=DIRECTION('',(0.,-1.,0.));
#6318=DIRECTION('center_axis',(0.,0.,-1.));
#6319=DIRECTION('ref_axis',(0.,-1.,0.));
#6320=DIRECTION('',(-1.,0.,0.));
#6321=DIRECTION('center_axis',(0.,0.,-1.));
#6322=DIRECTION('ref_axis',(-1.,0.,0.));
#6323=DIRECTION('',(0.,1.,0.));
#6324=DIRECTION('center_axis',(0.,0.,-1.));
#6325=DIRECTION('ref_axis',(0.,1.,0.));
#6326=DIRECTION('',(1.,0.,0.));
#6327=DIRECTION('center_axis',(0.,0.,-1.));
#6328=DIRECTION('ref_axis',(1.,0.,0.));
#6329=DIRECTION('',(0.,-1.,0.));
#6330=DIRECTION('center_axis',(0.,0.,-1.));
#6331=DIRECTION('ref_axis',(0.,-1.,0.));
#6332=DIRECTION('',(-1.,0.,0.));
#6333=DIRECTION('center_axis',(0.,0.,-1.));
#6334=DIRECTION('ref_axis',(-1.,0.,0.));
#6335=DIRECTION('',(0.,1.,0.));
#6336=DIRECTION('center_axis',(0.,0.,-1.));
#6337=DIRECTION('ref_axis',(0.,1.,0.));
#6338=DIRECTION('',(1.,0.,0.));
#6339=DIRECTION('center_axis',(0.,0.,-1.));
#6340=DIRECTION('ref_axis',(1.,0.,0.));
#6341=DIRECTION('',(0.,-1.,0.));
#6342=DIRECTION('center_axis',(0.,0.,-1.));
#6343=DIRECTION('ref_axis',(0.,-1.,0.));
#6344=DIRECTION('',(-1.,0.,0.));
#6345=DIRECTION('center_axis',(0.,0.,-1.));
#6346=DIRECTION('ref_axis',(-1.,0.,0.));
#6347=DIRECTION('',(0.,1.,0.));
#6348=DIRECTION('center_axis',(0.,0.,-1.));
#6349=DIRECTION('ref_axis',(0.,1.,0.));
#6350=DIRECTION('',(1.,0.,0.));
#6351=DIRECTION('center_axis',(0.,0.,-1.));
#6352=DIRECTION('ref_axis',(1.,0.,0.));
#6353=DIRECTION('',(0.,-1.,0.));
#6354=DIRECTION('center_axis',(0.,0.,-1.));
#6355=DIRECTION('ref_axis',(0.,-1.,0.));
#6356=DIRECTION('',(-1.,0.,0.));
#6357=DIRECTION('center_axis',(0.,0.,-1.));
#6358=DIRECTION('ref_axis',(-1.,0.,0.));
#6359=DIRECTION('',(0.,1.,0.));
#6360=DIRECTION('center_axis',(0.,0.,-1.));
#6361=DIRECTION('ref_axis',(0.,1.,0.));
#6362=DIRECTION('',(1.,0.,0.));
#6363=DIRECTION('center_axis',(0.,0.,-1.));
#6364=DIRECTION('ref_axis',(1.,0.,0.));
#6365=DIRECTION('',(0.,-1.,0.));
#6366=DIRECTION('center_axis',(0.,0.,-1.));
#6367=DIRECTION('ref_axis',(0.,-1.,0.));
#6368=DIRECTION('',(-1.,0.,0.));
#6369=DIRECTION('center_axis',(0.,0.,-1.));
#6370=DIRECTION('ref_axis',(-1.,0.,0.));
#6371=DIRECTION('',(0.,1.,0.));
#6372=DIRECTION('center_axis',(0.,0.,-1.));
#6373=DIRECTION('ref_axis',(0.,1.,0.));
#6374=DIRECTION('',(1.,0.,0.));
#6375=DIRECTION('center_axis',(0.,0.,-1.));
#6376=DIRECTION('ref_axis',(1.,0.,0.));
#6377=DIRECTION('',(0.,-1.,0.));
#6378=DIRECTION('center_axis',(0.,0.,-1.));
#6379=DIRECTION('ref_axis',(0.,-1.,0.));
#6380=DIRECTION('',(-1.,0.,0.));
#6381=DIRECTION('center_axis',(0.,0.,-1.));
#6382=DIRECTION('ref_axis',(-1.,0.,0.));
#6383=DIRECTION('',(0.,1.,0.));
#6384=DIRECTION('center_axis',(0.,0.,-1.));
#6385=DIRECTION('ref_axis',(0.,1.,0.));
#6386=DIRECTION('',(1.,0.,0.));
#6387=DIRECTION('center_axis',(0.,0.,-1.));
#6388=DIRECTION('ref_axis',(1.,0.,0.));
#6389=DIRECTION('',(0.,-1.,0.));
#6390=DIRECTION('center_axis',(0.,0.,-1.));
#6391=DIRECTION('ref_axis',(0.,-1.,0.));
#6392=DIRECTION('',(-1.,0.,0.));
#6393=DIRECTION('center_axis',(0.,0.,-1.));
#6394=DIRECTION('ref_axis',(-1.,0.,0.));
#6395=DIRECTION('',(0.,1.,0.));
#6396=DIRECTION('center_axis',(0.,0.,-1.));
#6397=DIRECTION('ref_axis',(0.,1.,0.));
#6398=DIRECTION('',(1.,0.,0.));
#6399=DIRECTION('center_axis',(0.,0.,-1.));
#6400=DIRECTION('ref_axis',(1.,0.,0.));
#6401=DIRECTION('',(0.,-1.,0.));
#6402=DIRECTION('center_axis',(0.,0.,-1.));
#6403=DIRECTION('ref_axis',(0.,-1.,0.));
#6404=DIRECTION('',(-1.,0.,0.));
#6405=DIRECTION('center_axis',(0.,0.,-1.));
#6406=DIRECTION('ref_axis',(-1.,0.,0.));
#6407=DIRECTION('',(0.,1.,0.));
#6408=DIRECTION('center_axis',(0.,0.,-1.));
#6409=DIRECTION('ref_axis',(0.,1.,0.));
#6410=DIRECTION('',(1.,0.,0.));
#6411=DIRECTION('center_axis',(0.,0.,-1.));
#6412=DIRECTION('ref_axis',(1.,0.,0.));
#6413=DIRECTION('',(0.,-1.,0.));
#6414=DIRECTION('center_axis',(0.,0.,-1.));
#6415=DIRECTION('ref_axis',(0.,-1.,0.));
#6416=DIRECTION('',(-1.,0.,0.));
#6417=DIRECTION('center_axis',(0.,0.,-1.));
#6418=DIRECTION('ref_axis',(-1.,0.,0.));
#6419=DIRECTION('',(0.,1.,0.));
#6420=DIRECTION('center_axis',(0.,0.,-1.));
#6421=DIRECTION('ref_axis',(0.,1.,0.));
#6422=DIRECTION('',(1.,0.,0.));
#6423=DIRECTION('center_axis',(0.,0.,-1.));
#6424=DIRECTION('ref_axis',(1.,0.,0.));
#6425=DIRECTION('',(0.,-1.,0.));
#6426=DIRECTION('center_axis',(0.,0.,-1.));
#6427=DIRECTION('ref_axis',(0.,-1.,0.));
#6428=DIRECTION('',(-1.,0.,0.));
#6429=DIRECTION('center_axis',(0.,0.,-1.));
#6430=DIRECTION('ref_axis',(-1.,0.,0.));
#6431=DIRECTION('',(0.,1.,0.));
#6432=DIRECTION('center_axis',(0.,0.,-1.));
#6433=DIRECTION('ref_axis',(0.,1.,0.));
#6434=DIRECTION('',(1.,0.,0.));
#6435=DIRECTION('center_axis',(0.,0.,-1.));
#6436=DIRECTION('ref_axis',(1.,0.,0.));
#6437=DIRECTION('',(0.,-1.,0.));
#6438=DIRECTION('center_axis',(0.,0.,-1.));
#6439=DIRECTION('ref_axis',(0.,-1.,0.));
#6440=DIRECTION('',(-1.,0.,0.));
#6441=DIRECTION('center_axis',(0.,0.,-1.));
#6442=DIRECTION('ref_axis',(-1.,0.,0.));
#6443=DIRECTION('',(0.,1.,0.));
#6444=DIRECTION('center_axis',(0.,0.,-1.));
#6445=DIRECTION('ref_axis',(0.,1.,0.));
#6446=DIRECTION('',(1.,0.,0.));
#6447=DIRECTION('center_axis',(0.,0.,-1.));
#6448=DIRECTION('ref_axis',(1.,0.,0.));
#6449=DIRECTION('',(0.,-1.,0.));
#6450=DIRECTION('center_axis',(0.,0.,-1.));
#6451=DIRECTION('ref_axis',(0.,-1.,0.));
#6452=DIRECTION('',(-1.,0.,0.));
#6453=DIRECTION('center_axis',(0.,0.,-1.));
#6454=DIRECTION('ref_axis',(-1.,0.,0.));
#6455=DIRECTION('',(0.,1.,0.));
#6456=DIRECTION('center_axis',(0.,0.,-1.));
#6457=DIRECTION('ref_axis',(1.,0.,0.));
#6458=DIRECTION('center_axis',(0.,0.,-1.));
#6459=DIRECTION('ref_axis',(1.,0.,0.));
#6460=DIRECTION('center_axis',(0.,0.,1.));
#6461=DIRECTION('ref_axis',(1.,0.,0.));
#6462=DIRECTION('center_axis',(0.,0.,1.));
#6463=DIRECTION('ref_axis',(0.707106781186548,0.707106781186548,0.));
#6464=DIRECTION('',(0.,-1.,0.));
#6465=DIRECTION('center_axis',(0.,0.,1.));
#6466=DIRECTION('ref_axis',(0.707106781186548,-0.707106781186548,0.));
#6467=DIRECTION('',(-1.,0.,0.));
#6468=DIRECTION('',(0.,-1.,0.));
#6469=DIRECTION('',(1.,0.,0.));
#6470=DIRECTION('',(0.,1.,0.));
#6471=DIRECTION('',(-1.,0.,0.));
#6472=DIRECTION('center_axis',(0.,0.,-1.));
#6473=DIRECTION('ref_axis',(0.,1.,0.));
#6474=DIRECTION('',(0.,1.,0.));
#6475=DIRECTION('center_axis',(0.,0.,-1.));
#6476=DIRECTION('ref_axis',(-1.,0.,0.));
#6477=DIRECTION('',(-1.,0.,0.));
#6478=DIRECTION('center_axis',(0.,0.,-1.));
#6479=DIRECTION('ref_axis',(0.,-1.,0.));
#6480=DIRECTION('',(0.,-1.,0.));
#6481=DIRECTION('center_axis',(0.,0.,-1.));
#6482=DIRECTION('ref_axis',(1.,0.,0.));
#6483=DIRECTION('',(1.,0.,0.));
#6484=DIRECTION('center_axis',(0.,0.,-1.));
#6485=DIRECTION('ref_axis',(0.,1.,0.));
#6486=DIRECTION('',(0.,1.,0.));
#6487=DIRECTION('center_axis',(0.,0.,-1.));
#6488=DIRECTION('ref_axis',(-1.,0.,0.));
#6489=DIRECTION('',(-1.,0.,0.));
#6490=DIRECTION('center_axis',(0.,0.,-1.));
#6491=DIRECTION('ref_axis',(0.,-1.,0.));
#6492=DIRECTION('',(0.,-1.,0.));
#6493=DIRECTION('center_axis',(0.,0.,-1.));
#6494=DIRECTION('ref_axis',(1.,0.,0.));
#6495=DIRECTION('',(1.,0.,0.));
#6496=DIRECTION('center_axis',(0.,0.,-1.));
#6497=DIRECTION('ref_axis',(0.,1.,0.));
#6498=DIRECTION('',(0.,1.,0.));
#6499=DIRECTION('center_axis',(0.,0.,-1.));
#6500=DIRECTION('ref_axis',(-1.,0.,0.));
#6501=DIRECTION('',(-1.,0.,0.));
#6502=DIRECTION('center_axis',(0.,0.,-1.));
#6503=DIRECTION('ref_axis',(0.,-1.,0.));
#6504=DIRECTION('',(0.,-1.,0.));
#6505=DIRECTION('center_axis',(0.,0.,-1.));
#6506=DIRECTION('ref_axis',(1.,0.,0.));
#6507=DIRECTION('',(1.,0.,0.));
#6508=DIRECTION('center_axis',(0.,0.,-1.));
#6509=DIRECTION('ref_axis',(0.,1.,0.));
#6510=DIRECTION('',(0.,1.,0.));
#6511=DIRECTION('center_axis',(0.,0.,-1.));
#6512=DIRECTION('ref_axis',(-1.,0.,0.));
#6513=DIRECTION('',(-1.,0.,0.));
#6514=DIRECTION('center_axis',(0.,0.,-1.));
#6515=DIRECTION('ref_axis',(0.,-1.,0.));
#6516=DIRECTION('',(0.,-1.,0.));
#6517=DIRECTION('center_axis',(0.,0.,-1.));
#6518=DIRECTION('ref_axis',(1.,0.,0.));
#6519=DIRECTION('',(1.,0.,0.));
#6520=DIRECTION('center_axis',(0.,0.,-1.));
#6521=DIRECTION('ref_axis',(0.,1.,0.));
#6522=DIRECTION('',(0.,1.,0.));
#6523=DIRECTION('center_axis',(0.,0.,-1.));
#6524=DIRECTION('ref_axis',(-1.,0.,0.));
#6525=DIRECTION('',(-1.,0.,0.));
#6526=DIRECTION('center_axis',(0.,0.,-1.));
#6527=DIRECTION('ref_axis',(0.,-1.,0.));
#6528=DIRECTION('',(0.,-1.,0.));
#6529=DIRECTION('center_axis',(0.,0.,-1.));
#6530=DIRECTION('ref_axis',(1.,0.,0.));
#6531=DIRECTION('',(1.,0.,0.));
#6532=DIRECTION('center_axis',(0.,0.,-1.));
#6533=DIRECTION('ref_axis',(0.,1.,0.));
#6534=DIRECTION('',(0.,1.,0.));
#6535=DIRECTION('center_axis',(0.,0.,-1.));
#6536=DIRECTION('ref_axis',(-1.,0.,0.));
#6537=DIRECTION('',(-1.,0.,0.));
#6538=DIRECTION('center_axis',(0.,0.,-1.));
#6539=DIRECTION('ref_axis',(0.,-1.,0.));
#6540=DIRECTION('',(0.,-1.,0.));
#6541=DIRECTION('center_axis',(0.,0.,-1.));
#6542=DIRECTION('ref_axis',(1.,0.,0.));
#6543=DIRECTION('',(1.,0.,0.));
#6544=DIRECTION('center_axis',(0.,0.,-1.));
#6545=DIRECTION('ref_axis',(0.,1.,0.));
#6546=DIRECTION('',(0.,1.,0.));
#6547=DIRECTION('center_axis',(0.,0.,-1.));
#6548=DIRECTION('ref_axis',(-1.,0.,0.));
#6549=DIRECTION('',(-1.,0.,0.));
#6550=DIRECTION('center_axis',(0.,0.,-1.));
#6551=DIRECTION('ref_axis',(0.,-1.,0.));
#6552=DIRECTION('',(0.,-1.,0.));
#6553=DIRECTION('center_axis',(0.,0.,-1.));
#6554=DIRECTION('ref_axis',(1.,0.,0.));
#6555=DIRECTION('',(1.,0.,0.));
#6556=DIRECTION('center_axis',(0.,0.,-1.));
#6557=DIRECTION('ref_axis',(0.,1.,0.));
#6558=DIRECTION('',(0.,1.,0.));
#6559=DIRECTION('center_axis',(0.,0.,-1.));
#6560=DIRECTION('ref_axis',(-1.,0.,0.));
#6561=DIRECTION('',(-1.,0.,0.));
#6562=DIRECTION('center_axis',(0.,0.,-1.));
#6563=DIRECTION('ref_axis',(0.,-1.,0.));
#6564=DIRECTION('',(0.,-1.,0.));
#6565=DIRECTION('center_axis',(0.,0.,-1.));
#6566=DIRECTION('ref_axis',(1.,0.,0.));
#6567=DIRECTION('',(1.,0.,0.));
#6568=DIRECTION('center_axis',(0.,0.,-1.));
#6569=DIRECTION('ref_axis',(0.,1.,0.));
#6570=DIRECTION('',(0.,1.,0.));
#6571=DIRECTION('center_axis',(0.,0.,-1.));
#6572=DIRECTION('ref_axis',(-1.,0.,0.));
#6573=DIRECTION('',(-1.,0.,0.));
#6574=DIRECTION('center_axis',(0.,0.,-1.));
#6575=DIRECTION('ref_axis',(0.,-1.,0.));
#6576=DIRECTION('',(0.,-1.,0.));
#6577=DIRECTION('center_axis',(0.,0.,-1.));
#6578=DIRECTION('ref_axis',(1.,0.,0.));
#6579=DIRECTION('',(1.,0.,0.));
#6580=DIRECTION('center_axis',(0.,0.,-1.));
#6581=DIRECTION('ref_axis',(0.,1.,0.));
#6582=DIRECTION('',(0.,1.,0.));
#6583=DIRECTION('center_axis',(0.,0.,-1.));
#6584=DIRECTION('ref_axis',(-1.,0.,0.));
#6585=DIRECTION('',(-1.,0.,0.));
#6586=DIRECTION('center_axis',(0.,0.,-1.));
#6587=DIRECTION('ref_axis',(0.,-1.,0.));
#6588=DIRECTION('',(0.,-1.,0.));
#6589=DIRECTION('center_axis',(0.,0.,-1.));
#6590=DIRECTION('ref_axis',(1.,0.,0.));
#6591=DIRECTION('',(1.,0.,0.));
#6592=DIRECTION('center_axis',(0.,0.,-1.));
#6593=DIRECTION('ref_axis',(0.,1.,0.));
#6594=DIRECTION('',(0.,1.,0.));
#6595=DIRECTION('center_axis',(0.,0.,-1.));
#6596=DIRECTION('ref_axis',(-1.,0.,0.));
#6597=DIRECTION('',(-1.,0.,0.));
#6598=DIRECTION('center_axis',(0.,0.,-1.));
#6599=DIRECTION('ref_axis',(0.,-1.,0.));
#6600=DIRECTION('',(0.,-1.,0.));
#6601=DIRECTION('center_axis',(0.,0.,-1.));
#6602=DIRECTION('ref_axis',(1.,0.,0.));
#6603=DIRECTION('',(1.,0.,0.));
#6604=DIRECTION('center_axis',(0.,0.,-1.));
#6605=DIRECTION('ref_axis',(0.,1.,0.));
#6606=DIRECTION('',(0.,1.,0.));
#6607=DIRECTION('center_axis',(0.,0.,-1.));
#6608=DIRECTION('ref_axis',(-1.,0.,0.));
#6609=DIRECTION('',(-1.,0.,0.));
#6610=DIRECTION('center_axis',(0.,0.,-1.));
#6611=DIRECTION('ref_axis',(0.,-1.,0.));
#6612=DIRECTION('',(0.,-1.,0.));
#6613=DIRECTION('center_axis',(0.,0.,-1.));
#6614=DIRECTION('ref_axis',(1.,0.,0.));
#6615=DIRECTION('',(1.,0.,0.));
#6616=DIRECTION('center_axis',(0.,0.,-1.));
#6617=DIRECTION('ref_axis',(0.,1.,0.));
#6618=DIRECTION('',(0.,1.,0.));
#6619=DIRECTION('center_axis',(0.,0.,-1.));
#6620=DIRECTION('ref_axis',(-1.,0.,0.));
#6621=DIRECTION('',(-1.,0.,0.));
#6622=DIRECTION('center_axis',(0.,0.,-1.));
#6623=DIRECTION('ref_axis',(0.,-1.,0.));
#6624=DIRECTION('',(0.,-1.,0.));
#6625=DIRECTION('center_axis',(0.,0.,-1.));
#6626=DIRECTION('ref_axis',(1.,0.,0.));
#6627=DIRECTION('',(1.,0.,0.));
#6628=DIRECTION('center_axis',(0.,0.,-1.));
#6629=DIRECTION('ref_axis',(0.,1.,0.));
#6630=DIRECTION('',(0.,1.,0.));
#6631=DIRECTION('center_axis',(0.,0.,-1.));
#6632=DIRECTION('ref_axis',(-1.,0.,0.));
#6633=DIRECTION('',(-1.,0.,0.));
#6634=DIRECTION('center_axis',(0.,0.,-1.));
#6635=DIRECTION('ref_axis',(0.,-1.,0.));
#6636=DIRECTION('',(0.,-1.,0.));
#6637=DIRECTION('center_axis',(0.,0.,-1.));
#6638=DIRECTION('ref_axis',(1.,0.,0.));
#6639=DIRECTION('',(1.,0.,0.));
#6640=DIRECTION('center_axis',(0.,0.,-1.));
#6641=DIRECTION('ref_axis',(0.,1.,0.));
#6642=DIRECTION('',(0.,1.,0.));
#6643=DIRECTION('center_axis',(0.,0.,-1.));
#6644=DIRECTION('ref_axis',(-1.,0.,0.));
#6645=DIRECTION('',(-1.,0.,0.));
#6646=DIRECTION('center_axis',(0.,0.,-1.));
#6647=DIRECTION('ref_axis',(0.,-1.,0.));
#6648=DIRECTION('',(0.,-1.,0.));
#6649=DIRECTION('center_axis',(0.,0.,-1.));
#6650=DIRECTION('ref_axis',(1.,0.,0.));
#6651=DIRECTION('',(1.,0.,0.));
#6652=DIRECTION('center_axis',(0.,0.,-1.));
#6653=DIRECTION('ref_axis',(0.,1.,0.));
#6654=DIRECTION('',(0.,1.,0.));
#6655=DIRECTION('center_axis',(0.,0.,-1.));
#6656=DIRECTION('ref_axis',(-1.,0.,0.));
#6657=DIRECTION('',(-1.,0.,0.));
#6658=DIRECTION('center_axis',(0.,0.,-1.));
#6659=DIRECTION('ref_axis',(0.,-1.,0.));
#6660=DIRECTION('',(0.,-1.,0.));
#6661=DIRECTION('center_axis',(0.,0.,-1.));
#6662=DIRECTION('ref_axis',(1.,0.,0.));
#6663=DIRECTION('',(1.,0.,0.));
#6664=DIRECTION('center_axis',(0.,0.,-1.));
#6665=DIRECTION('ref_axis',(-1.,0.,0.));
#6666=DIRECTION('center_axis',(0.,0.,-1.));
#6667=DIRECTION('ref_axis',(-1.,0.,0.));
#6668=DIRECTION('center_axis',(0.,0.,-1.));
#6669=DIRECTION('ref_axis',(-1.,0.,0.));
#6670=DIRECTION('center_axis',(0.,0.,-1.));
#6671=DIRECTION('ref_axis',(-1.,0.,0.));
#6672=DIRECTION('center_axis',(0.,0.,-1.));
#6673=DIRECTION('ref_axis',(0.707106781186548,0.707106781186548,0.));
#6674=DIRECTION('',(0.,0.,-1.));
#6675=DIRECTION('center_axis',(0.,0.,1.));
#6676=DIRECTION('ref_axis',(0.707106781186548,-0.707106781186548,0.));
#6677=DIRECTION('',(0.,0.,-1.));
#6678=DIRECTION('',(0.,0.,1.));
#6679=DIRECTION('center_axis',(0.,-1.,0.));
#6680=DIRECTION('ref_axis',(0.,0.,-1.));
#6681=DIRECTION('center_axis',(1.,0.,0.));
#6682=DIRECTION('ref_axis',(0.,-1.,0.));
#6683=DIRECTION('',(0.,0.,-1.));
#6684=DIRECTION('',(0.,0.,-1.));
#6685=DIRECTION('center_axis',(0.,1.,0.));
#6686=DIRECTION('ref_axis',(1.,0.,0.));
#6687=DIRECTION('',(0.,0.,-1.));
#6688=DIRECTION('center_axis',(-1.,0.,0.));
#6689=DIRECTION('ref_axis',(0.,1.,0.));
#6690=DIRECTION('',(0.,0.,-1.));
#6691=DIRECTION('center_axis',(0.,-1.,0.));
#6692=DIRECTION('ref_axis',(-1.,0.,0.));
#6693=DIRECTION('center_axis',(1.,0.,0.));
#6694=DIRECTION('ref_axis',(0.,0.,-1.));
#6695=DIRECTION('center_axis',(1.,0.,0.));
#6696=DIRECTION('ref_axis',(0.,1.,0.));
#6697=DIRECTION('',(0.,0.,1.));
#6698=DIRECTION('',(0.,0.,1.));
#6699=DIRECTION('center_axis',(0.,0.,1.));
#6700=DIRECTION('ref_axis',(-1.,0.,0.));
#6701=DIRECTION('',(0.,0.,1.));
#6702=DIRECTION('center_axis',(0.,1.,0.));
#6703=DIRECTION('ref_axis',(-1.,0.,0.));
#6704=DIRECTION('',(0.,0.,1.));
#6705=DIRECTION('center_axis',(0.,0.,1.));
#6706=DIRECTION('ref_axis',(0.,-1.,0.));
#6707=DIRECTION('',(0.,0.,1.));
#6708=DIRECTION('center_axis',(-1.,0.,0.));
#6709=DIRECTION('ref_axis',(0.,-1.,0.));
#6710=DIRECTION('',(0.,0.,1.));
#6711=DIRECTION('center_axis',(0.,0.,1.));
#6712=DIRECTION('ref_axis',(1.,0.,0.));
#6713=DIRECTION('',(0.,0.,1.));
#6714=DIRECTION('center_axis',(0.,-1.,0.));
#6715=DIRECTION('ref_axis',(1.,0.,0.));
#6716=DIRECTION('',(0.,0.,1.));
#6717=DIRECTION('center_axis',(0.,0.,1.));
#6718=DIRECTION('ref_axis',(0.,1.,0.));
#6719=DIRECTION('center_axis',(1.,0.,0.));
#6720=DIRECTION('ref_axis',(0.,1.,0.));
#6721=DIRECTION('',(0.,0.,1.));
#6722=DIRECTION('',(0.,0.,1.));
#6723=DIRECTION('center_axis',(0.,0.,1.));
#6724=DIRECTION('ref_axis',(-1.,0.,0.));
#6725=DIRECTION('',(0.,0.,1.));
#6726=DIRECTION('center_axis',(0.,1.,0.));
#6727=DIRECTION('ref_axis',(-1.,0.,0.));
#6728=DIRECTION('',(0.,0.,1.));
#6729=DIRECTION('center_axis',(0.,0.,1.));
#6730=DIRECTION('ref_axis',(0.,-1.,0.));
#6731=DIRECTION('',(0.,0.,1.));
#6732=DIRECTION('center_axis',(-1.,0.,0.));
#6733=DIRECTION('ref_axis',(0.,-1.,0.));
#6734=DIRECTION('',(0.,0.,1.));
#6735=DIRECTION('center_axis',(0.,0.,1.));
#6736=DIRECTION('ref_axis',(1.,0.,0.));
#6737=DIRECTION('',(0.,0.,1.));
#6738=DIRECTION('center_axis',(0.,-1.,0.));
#6739=DIRECTION('ref_axis',(1.,0.,0.));
#6740=DIRECTION('',(0.,0.,1.));
#6741=DIRECTION('center_axis',(0.,0.,1.));
#6742=DIRECTION('ref_axis',(0.,1.,0.));
#6743=DIRECTION('center_axis',(1.,0.,0.));
#6744=DIRECTION('ref_axis',(0.,1.,0.));
#6745=DIRECTION('',(0.,0.,1.));
#6746=DIRECTION('',(0.,0.,1.));
#6747=DIRECTION('center_axis',(0.,0.,1.));
#6748=DIRECTION('ref_axis',(-1.,0.,0.));
#6749=DIRECTION('',(0.,0.,1.));
#6750=DIRECTION('center_axis',(0.,1.,0.));
#6751=DIRECTION('ref_axis',(-1.,0.,0.));
#6752=DIRECTION('',(0.,0.,1.));
#6753=DIRECTION('center_axis',(0.,0.,1.));
#6754=DIRECTION('ref_axis',(0.,-1.,0.));
#6755=DIRECTION('',(0.,0.,1.));
#6756=DIRECTION('center_axis',(-1.,0.,0.));
#6757=DIRECTION('ref_axis',(0.,-1.,0.));
#6758=DIRECTION('',(0.,0.,1.));
#6759=DIRECTION('center_axis',(0.,0.,1.));
#6760=DIRECTION('ref_axis',(1.,0.,0.));
#6761=DIRECTION('',(0.,0.,1.));
#6762=DIRECTION('center_axis',(0.,-1.,0.));
#6763=DIRECTION('ref_axis',(1.,0.,0.));
#6764=DIRECTION('',(0.,0.,1.));
#6765=DIRECTION('center_axis',(0.,0.,1.));
#6766=DIRECTION('ref_axis',(0.,1.,0.));
#6767=DIRECTION('center_axis',(1.,0.,0.));
#6768=DIRECTION('ref_axis',(0.,1.,0.));
#6769=DIRECTION('',(0.,0.,1.));
#6770=DIRECTION('',(0.,0.,1.));
#6771=DIRECTION('center_axis',(0.,0.,1.));
#6772=DIRECTION('ref_axis',(-1.,0.,0.));
#6773=DIRECTION('',(0.,0.,1.));
#6774=DIRECTION('center_axis',(0.,1.,0.));
#6775=DIRECTION('ref_axis',(-1.,0.,0.));
#6776=DIRECTION('',(0.,0.,1.));
#6777=DIRECTION('center_axis',(0.,0.,1.));
#6778=DIRECTION('ref_axis',(0.,-1.,0.));
#6779=DIRECTION('',(0.,0.,1.));
#6780=DIRECTION('center_axis',(-1.,0.,0.));
#6781=DIRECTION('ref_axis',(0.,-1.,0.));
#6782=DIRECTION('',(0.,0.,1.));
#6783=DIRECTION('center_axis',(0.,0.,1.));
#6784=DIRECTION('ref_axis',(1.,0.,0.));
#6785=DIRECTION('',(0.,0.,1.));
#6786=DIRECTION('center_axis',(0.,-1.,0.));
#6787=DIRECTION('ref_axis',(1.,0.,0.));
#6788=DIRECTION('',(0.,0.,1.));
#6789=DIRECTION('center_axis',(0.,0.,1.));
#6790=DIRECTION('ref_axis',(0.,1.,0.));
#6791=DIRECTION('center_axis',(1.,0.,0.));
#6792=DIRECTION('ref_axis',(0.,1.,0.));
#6793=DIRECTION('',(0.,0.,1.));
#6794=DIRECTION('',(0.,0.,1.));
#6795=DIRECTION('center_axis',(0.,0.,1.));
#6796=DIRECTION('ref_axis',(-1.,0.,0.));
#6797=DIRECTION('',(0.,0.,1.));
#6798=DIRECTION('center_axis',(0.,1.,0.));
#6799=DIRECTION('ref_axis',(-1.,0.,0.));
#6800=DIRECTION('',(0.,0.,1.));
#6801=DIRECTION('center_axis',(0.,0.,1.));
#6802=DIRECTION('ref_axis',(0.,-1.,0.));
#6803=DIRECTION('',(0.,0.,1.));
#6804=DIRECTION('center_axis',(-1.,0.,0.));
#6805=DIRECTION('ref_axis',(0.,-1.,0.));
#6806=DIRECTION('',(0.,0.,1.));
#6807=DIRECTION('center_axis',(0.,0.,1.));
#6808=DIRECTION('ref_axis',(1.,0.,0.));
#6809=DIRECTION('',(0.,0.,1.));
#6810=DIRECTION('center_axis',(0.,-1.,0.));
#6811=DIRECTION('ref_axis',(1.,0.,0.));
#6812=DIRECTION('',(0.,0.,1.));
#6813=DIRECTION('center_axis',(0.,0.,1.));
#6814=DIRECTION('ref_axis',(0.,1.,0.));
#6815=DIRECTION('center_axis',(1.,0.,0.));
#6816=DIRECTION('ref_axis',(0.,1.,0.));
#6817=DIRECTION('',(0.,0.,1.));
#6818=DIRECTION('',(0.,0.,1.));
#6819=DIRECTION('center_axis',(0.,0.,1.));
#6820=DIRECTION('ref_axis',(-1.,0.,0.));
#6821=DIRECTION('',(0.,0.,1.));
#6822=DIRECTION('center_axis',(0.,1.,0.));
#6823=DIRECTION('ref_axis',(-1.,0.,0.));
#6824=DIRECTION('',(0.,0.,1.));
#6825=DIRECTION('center_axis',(0.,0.,1.));
#6826=DIRECTION('ref_axis',(0.,-1.,0.));
#6827=DIRECTION('',(0.,0.,1.));
#6828=DIRECTION('center_axis',(-1.,0.,0.));
#6829=DIRECTION('ref_axis',(0.,-1.,0.));
#6830=DIRECTION('',(0.,0.,1.));
#6831=DIRECTION('center_axis',(0.,0.,1.));
#6832=DIRECTION('ref_axis',(1.,0.,0.));
#6833=DIRECTION('',(0.,0.,1.));
#6834=DIRECTION('center_axis',(0.,-1.,0.));
#6835=DIRECTION('ref_axis',(1.,0.,0.));
#6836=DIRECTION('',(0.,0.,1.));
#6837=DIRECTION('center_axis',(0.,0.,1.));
#6838=DIRECTION('ref_axis',(0.,1.,0.));
#6839=DIRECTION('center_axis',(1.,0.,0.));
#6840=DIRECTION('ref_axis',(0.,1.,0.));
#6841=DIRECTION('',(0.,0.,1.));
#6842=DIRECTION('',(0.,0.,1.));
#6843=DIRECTION('center_axis',(0.,0.,1.));
#6844=DIRECTION('ref_axis',(-1.,0.,0.));
#6845=DIRECTION('',(0.,0.,1.));
#6846=DIRECTION('center_axis',(0.,1.,0.));
#6847=DIRECTION('ref_axis',(-1.,0.,0.));
#6848=DIRECTION('',(0.,0.,1.));
#6849=DIRECTION('center_axis',(0.,0.,1.));
#6850=DIRECTION('ref_axis',(0.,-1.,0.));
#6851=DIRECTION('',(0.,0.,1.));
#6852=DIRECTION('center_axis',(-1.,0.,0.));
#6853=DIRECTION('ref_axis',(0.,-1.,0.));
#6854=DIRECTION('',(0.,0.,1.));
#6855=DIRECTION('center_axis',(0.,0.,1.));
#6856=DIRECTION('ref_axis',(1.,0.,0.));
#6857=DIRECTION('',(0.,0.,1.));
#6858=DIRECTION('center_axis',(0.,-1.,0.));
#6859=DIRECTION('ref_axis',(1.,0.,0.));
#6860=DIRECTION('',(0.,0.,1.));
#6861=DIRECTION('center_axis',(0.,0.,1.));
#6862=DIRECTION('ref_axis',(0.,1.,0.));
#6863=DIRECTION('center_axis',(1.,0.,0.));
#6864=DIRECTION('ref_axis',(0.,1.,0.));
#6865=DIRECTION('',(0.,0.,1.));
#6866=DIRECTION('',(0.,0.,1.));
#6867=DIRECTION('center_axis',(0.,0.,1.));
#6868=DIRECTION('ref_axis',(-1.,0.,0.));
#6869=DIRECTION('',(0.,0.,1.));
#6870=DIRECTION('center_axis',(0.,1.,0.));
#6871=DIRECTION('ref_axis',(-1.,0.,0.));
#6872=DIRECTION('',(0.,0.,1.));
#6873=DIRECTION('center_axis',(0.,0.,1.));
#6874=DIRECTION('ref_axis',(0.,-1.,0.));
#6875=DIRECTION('',(0.,0.,1.));
#6876=DIRECTION('center_axis',(-1.,0.,0.));
#6877=DIRECTION('ref_axis',(0.,-1.,0.));
#6878=DIRECTION('',(0.,0.,1.));
#6879=DIRECTION('center_axis',(0.,0.,1.));
#6880=DIRECTION('ref_axis',(1.,0.,0.));
#6881=DIRECTION('',(0.,0.,1.));
#6882=DIRECTION('center_axis',(0.,-1.,0.));
#6883=DIRECTION('ref_axis',(1.,0.,0.));
#6884=DIRECTION('',(0.,0.,1.));
#6885=DIRECTION('center_axis',(0.,0.,1.));
#6886=DIRECTION('ref_axis',(0.,1.,0.));
#6887=DIRECTION('center_axis',(1.,0.,0.));
#6888=DIRECTION('ref_axis',(0.,1.,0.));
#6889=DIRECTION('',(0.,0.,1.));
#6890=DIRECTION('',(0.,0.,1.));
#6891=DIRECTION('center_axis',(0.,0.,1.));
#6892=DIRECTION('ref_axis',(-1.,0.,0.));
#6893=DIRECTION('',(0.,0.,1.));
#6894=DIRECTION('center_axis',(0.,1.,0.));
#6895=DIRECTION('ref_axis',(-1.,0.,0.));
#6896=DIRECTION('',(0.,0.,1.));
#6897=DIRECTION('center_axis',(0.,0.,1.));
#6898=DIRECTION('ref_axis',(0.,-1.,0.));
#6899=DIRECTION('',(0.,0.,1.));
#6900=DIRECTION('center_axis',(-1.,0.,0.));
#6901=DIRECTION('ref_axis',(0.,-1.,0.));
#6902=DIRECTION('',(0.,0.,1.));
#6903=DIRECTION('center_axis',(0.,0.,1.));
#6904=DIRECTION('ref_axis',(1.,0.,0.));
#6905=DIRECTION('',(0.,0.,1.));
#6906=DIRECTION('center_axis',(0.,-1.,0.));
#6907=DIRECTION('ref_axis',(1.,0.,0.));
#6908=DIRECTION('',(0.,0.,1.));
#6909=DIRECTION('center_axis',(0.,0.,1.));
#6910=DIRECTION('ref_axis',(0.,1.,0.));
#6911=DIRECTION('center_axis',(1.,0.,0.));
#6912=DIRECTION('ref_axis',(0.,1.,0.));
#6913=DIRECTION('',(0.,0.,1.));
#6914=DIRECTION('',(0.,0.,1.));
#6915=DIRECTION('center_axis',(0.,0.,1.));
#6916=DIRECTION('ref_axis',(-1.,0.,0.));
#6917=DIRECTION('',(0.,0.,1.));
#6918=DIRECTION('center_axis',(0.,1.,0.));
#6919=DIRECTION('ref_axis',(-1.,0.,0.));
#6920=DIRECTION('',(0.,0.,1.));
#6921=DIRECTION('center_axis',(0.,0.,1.));
#6922=DIRECTION('ref_axis',(0.,-1.,0.));
#6923=DIRECTION('',(0.,0.,1.));
#6924=DIRECTION('center_axis',(-1.,0.,0.));
#6925=DIRECTION('ref_axis',(0.,-1.,0.));
#6926=DIRECTION('',(0.,0.,1.));
#6927=DIRECTION('center_axis',(0.,0.,1.));
#6928=DIRECTION('ref_axis',(1.,0.,0.));
#6929=DIRECTION('',(0.,0.,1.));
#6930=DIRECTION('center_axis',(0.,-1.,0.));
#6931=DIRECTION('ref_axis',(1.,0.,0.));
#6932=DIRECTION('',(0.,0.,1.));
#6933=DIRECTION('center_axis',(0.,0.,1.));
#6934=DIRECTION('ref_axis',(0.,1.,0.));
#6935=DIRECTION('center_axis',(1.,0.,0.));
#6936=DIRECTION('ref_axis',(0.,1.,0.));
#6937=DIRECTION('',(0.,0.,1.));
#6938=DIRECTION('',(0.,0.,1.));
#6939=DIRECTION('center_axis',(0.,0.,1.));
#6940=DIRECTION('ref_axis',(-1.,0.,0.));
#6941=DIRECTION('',(0.,0.,1.));
#6942=DIRECTION('center_axis',(0.,1.,0.));
#6943=DIRECTION('ref_axis',(-1.,0.,0.));
#6944=DIRECTION('',(0.,0.,1.));
#6945=DIRECTION('center_axis',(0.,0.,1.));
#6946=DIRECTION('ref_axis',(0.,-1.,0.));
#6947=DIRECTION('',(0.,0.,1.));
#6948=DIRECTION('center_axis',(-1.,0.,0.));
#6949=DIRECTION('ref_axis',(0.,-1.,0.));
#6950=DIRECTION('',(0.,0.,1.));
#6951=DIRECTION('center_axis',(0.,0.,1.));
#6952=DIRECTION('ref_axis',(1.,0.,0.));
#6953=DIRECTION('',(0.,0.,1.));
#6954=DIRECTION('center_axis',(0.,-1.,0.));
#6955=DIRECTION('ref_axis',(1.,0.,0.));
#6956=DIRECTION('',(0.,0.,1.));
#6957=DIRECTION('center_axis',(0.,0.,1.));
#6958=DIRECTION('ref_axis',(0.,1.,0.));
#6959=DIRECTION('center_axis',(1.,0.,0.));
#6960=DIRECTION('ref_axis',(0.,1.,0.));
#6961=DIRECTION('',(0.,0.,1.));
#6962=DIRECTION('',(0.,0.,1.));
#6963=DIRECTION('center_axis',(0.,0.,1.));
#6964=DIRECTION('ref_axis',(-1.,0.,0.));
#6965=DIRECTION('',(0.,0.,1.));
#6966=DIRECTION('center_axis',(0.,1.,0.));
#6967=DIRECTION('ref_axis',(-1.,0.,0.));
#6968=DIRECTION('',(0.,0.,1.));
#6969=DIRECTION('center_axis',(0.,0.,1.));
#6970=DIRECTION('ref_axis',(0.,-1.,0.));
#6971=DIRECTION('',(0.,0.,1.));
#6972=DIRECTION('center_axis',(-1.,0.,0.));
#6973=DIRECTION('ref_axis',(0.,-1.,0.));
#6974=DIRECTION('',(0.,0.,1.));
#6975=DIRECTION('center_axis',(0.,0.,1.));
#6976=DIRECTION('ref_axis',(1.,0.,0.));
#6977=DIRECTION('',(0.,0.,1.));
#6978=DIRECTION('center_axis',(0.,-1.,0.));
#6979=DIRECTION('ref_axis',(1.,0.,0.));
#6980=DIRECTION('',(0.,0.,1.));
#6981=DIRECTION('center_axis',(0.,0.,1.));
#6982=DIRECTION('ref_axis',(0.,1.,0.));
#6983=DIRECTION('center_axis',(1.,0.,0.));
#6984=DIRECTION('ref_axis',(0.,1.,0.));
#6985=DIRECTION('',(0.,0.,1.));
#6986=DIRECTION('',(0.,0.,1.));
#6987=DIRECTION('center_axis',(0.,0.,1.));
#6988=DIRECTION('ref_axis',(-1.,0.,0.));
#6989=DIRECTION('',(0.,0.,1.));
#6990=DIRECTION('center_axis',(0.,1.,0.));
#6991=DIRECTION('ref_axis',(-1.,0.,0.));
#6992=DIRECTION('',(0.,0.,1.));
#6993=DIRECTION('center_axis',(0.,0.,1.));
#6994=DIRECTION('ref_axis',(0.,-1.,0.));
#6995=DIRECTION('',(0.,0.,1.));
#6996=DIRECTION('center_axis',(-1.,0.,0.));
#6997=DIRECTION('ref_axis',(0.,-1.,0.));
#6998=DIRECTION('',(0.,0.,1.));
#6999=DIRECTION('center_axis',(0.,0.,1.));
#7000=DIRECTION('ref_axis',(1.,0.,0.));
#7001=DIRECTION('',(0.,0.,1.));
#7002=DIRECTION('center_axis',(0.,-1.,0.));
#7003=DIRECTION('ref_axis',(1.,0.,0.));
#7004=DIRECTION('',(0.,0.,1.));
#7005=DIRECTION('center_axis',(0.,0.,1.));
#7006=DIRECTION('ref_axis',(0.,1.,0.));
#7007=DIRECTION('center_axis',(1.,0.,0.));
#7008=DIRECTION('ref_axis',(0.,1.,0.));
#7009=DIRECTION('',(0.,0.,1.));
#7010=DIRECTION('',(0.,0.,1.));
#7011=DIRECTION('center_axis',(0.,0.,1.));
#7012=DIRECTION('ref_axis',(-1.,0.,0.));
#7013=DIRECTION('',(0.,0.,1.));
#7014=DIRECTION('center_axis',(0.,1.,0.));
#7015=DIRECTION('ref_axis',(-1.,0.,0.));
#7016=DIRECTION('',(0.,0.,1.));
#7017=DIRECTION('center_axis',(0.,0.,1.));
#7018=DIRECTION('ref_axis',(0.,-1.,0.));
#7019=DIRECTION('',(0.,0.,1.));
#7020=DIRECTION('center_axis',(-1.,0.,0.));
#7021=DIRECTION('ref_axis',(0.,-1.,0.));
#7022=DIRECTION('',(0.,0.,1.));
#7023=DIRECTION('center_axis',(0.,0.,1.));
#7024=DIRECTION('ref_axis',(1.,0.,0.));
#7025=DIRECTION('',(0.,0.,1.));
#7026=DIRECTION('center_axis',(0.,-1.,0.));
#7027=DIRECTION('ref_axis',(1.,0.,0.));
#7028=DIRECTION('',(0.,0.,1.));
#7029=DIRECTION('center_axis',(0.,0.,1.));
#7030=DIRECTION('ref_axis',(0.,1.,0.));
#7031=DIRECTION('center_axis',(1.,0.,0.));
#7032=DIRECTION('ref_axis',(0.,1.,0.));
#7033=DIRECTION('',(0.,0.,1.));
#7034=DIRECTION('',(0.,0.,1.));
#7035=DIRECTION('center_axis',(0.,0.,1.));
#7036=DIRECTION('ref_axis',(-1.,0.,0.));
#7037=DIRECTION('',(0.,0.,1.));
#7038=DIRECTION('center_axis',(0.,1.,0.));
#7039=DIRECTION('ref_axis',(-1.,0.,0.));
#7040=DIRECTION('',(0.,0.,1.));
#7041=DIRECTION('center_axis',(0.,0.,1.));
#7042=DIRECTION('ref_axis',(0.,-1.,0.));
#7043=DIRECTION('',(0.,0.,1.));
#7044=DIRECTION('center_axis',(-1.,0.,0.));
#7045=DIRECTION('ref_axis',(0.,-1.,0.));
#7046=DIRECTION('',(0.,0.,1.));
#7047=DIRECTION('center_axis',(0.,0.,1.));
#7048=DIRECTION('ref_axis',(1.,0.,0.));
#7049=DIRECTION('',(0.,0.,1.));
#7050=DIRECTION('center_axis',(0.,-1.,0.));
#7051=DIRECTION('ref_axis',(1.,0.,0.));
#7052=DIRECTION('',(0.,0.,1.));
#7053=DIRECTION('center_axis',(0.,0.,1.));
#7054=DIRECTION('ref_axis',(0.,1.,0.));
#7055=DIRECTION('center_axis',(1.,0.,0.));
#7056=DIRECTION('ref_axis',(0.,1.,0.));
#7057=DIRECTION('',(0.,0.,1.));
#7058=DIRECTION('',(0.,0.,1.));
#7059=DIRECTION('center_axis',(0.,0.,1.));
#7060=DIRECTION('ref_axis',(-1.,0.,0.));
#7061=DIRECTION('',(0.,0.,1.));
#7062=DIRECTION('center_axis',(0.,1.,0.));
#7063=DIRECTION('ref_axis',(-1.,0.,0.));
#7064=DIRECTION('',(0.,0.,1.));
#7065=DIRECTION('center_axis',(0.,0.,1.));
#7066=DIRECTION('ref_axis',(0.,-1.,0.));
#7067=DIRECTION('',(0.,0.,1.));
#7068=DIRECTION('center_axis',(-1.,0.,0.));
#7069=DIRECTION('ref_axis',(0.,-1.,0.));
#7070=DIRECTION('',(0.,0.,1.));
#7071=DIRECTION('center_axis',(0.,0.,1.));
#7072=DIRECTION('ref_axis',(1.,0.,0.));
#7073=DIRECTION('',(0.,0.,1.));
#7074=DIRECTION('center_axis',(0.,-1.,0.));
#7075=DIRECTION('ref_axis',(1.,0.,0.));
#7076=DIRECTION('',(0.,0.,1.));
#7077=DIRECTION('center_axis',(0.,0.,1.));
#7078=DIRECTION('ref_axis',(0.,1.,0.));
#7079=DIRECTION('center_axis',(0.,0.,1.));
#7080=DIRECTION('ref_axis',(-1.,0.,0.));
#7081=DIRECTION('',(0.,0.,1.));
#7082=DIRECTION('center_axis',(0.,0.,1.));
#7083=DIRECTION('ref_axis',(-1.,0.,0.));
#7084=DIRECTION('',(0.,0.,1.));
#7085=DIRECTION('center_axis',(0.,0.,1.));
#7086=DIRECTION('ref_axis',(-1.,0.,0.));
#7087=DIRECTION('',(0.,0.,1.));
#7088=DIRECTION('center_axis',(0.,0.,1.));
#7089=DIRECTION('ref_axis',(-1.,0.,0.));
#7090=DIRECTION('',(0.,0.,1.));
#7091=CARTESIAN_POINT('',(0.,0.,0.));
#7092=CARTESIAN_POINT('Origin',(-62.5000006407499,30.,26.));
#7093=CARTESIAN_POINT('',(-61.5000006407499,30.,25.));
#7094=CARTESIAN_POINT('',(-61.5000006407499,30.,26.));
#7095=CARTESIAN_POINT('',(-61.5000006407499,30.,26.));
#7096=CARTESIAN_POINT('',(-24.5000006407499,30.,25.));
#7097=CARTESIAN_POINT('',(-52.7500006407499,30.,25.));
#7098=CARTESIAN_POINT('',(-24.5000006407499,30.,26.));
#7099=CARTESIAN_POINT('',(-24.5000006407499,30.,26.));
#7100=CARTESIAN_POINT('',(-19.700000320375,30.,26.));
#7101=CARTESIAN_POINT('Origin',(-24.5000006407499,31.,26.));
#7102=CARTESIAN_POINT('',(-24.5000006407499,-30.,25.));
#7103=CARTESIAN_POINT('',(-24.5000006407499,15.5,25.));
#7104=CARTESIAN_POINT('',(-24.5000006407499,-30.,26.));
#7105=CARTESIAN_POINT('',(-24.5000006407499,-30.,26.));
#7106=CARTESIAN_POINT('',(-24.5000006407499,15.575,26.));
#7107=CARTESIAN_POINT('Origin',(-43.0000006407499,0.,25.));
#7108=CARTESIAN_POINT('',(-61.5000006407499,-30.,25.));
#7109=CARTESIAN_POINT('',(-61.5000006407499,-15.5,25.));
#7110=CARTESIAN_POINT('',(-33.2500006407499,-30.,25.));
#7111=CARTESIAN_POINT('',(-60.0000008940697,-13.0000001937151,25.));
#7112=CARTESIAN_POINT('',(-60.0000008940697,13.0000001937151,25.));
#7113=CARTESIAN_POINT('',(-60.0000008940697,-6.50000009685755,25.));
#7114=CARTESIAN_POINT('',(-48.0000007152557,13.0000001937151,25.));
#7115=CARTESIAN_POINT('',(-51.5000007674098,13.0000001937151,25.));
#7116=CARTESIAN_POINT('',(-48.0000007152557,-13.0000001937151,25.));
#7117=CARTESIAN_POINT('',(-48.0000007152557,6.50000009685755,25.));
#7118=CARTESIAN_POINT('',(-45.5000006780028,-13.0000001937151,25.));
#7119=CARTESIAN_POINT('Origin',(-61.5000006407499,-31.,26.));
#7120=CARTESIAN_POINT('',(-61.5000006407499,-30.,26.));
#7121=CARTESIAN_POINT('',(-61.5000006407499,-15.425,26.));
#7122=CARTESIAN_POINT('',(-61.5000006407499,-30.,26.));
#7123=CARTESIAN_POINT('Origin',(-23.5000006407499,-30.,26.));
#7124=CARTESIAN_POINT('',(-0.200000320374962,-30.,26.));
#7125=CARTESIAN_POINT('Origin',(65.7611471377899,13.1802675283976,26.));
#7126=CARTESIAN_POINT('',(65.7611471377899,13.1802675283976,26.));
#7127=CARTESIAN_POINT('',(63.1899676212436,14.1323892654158,26.));
#7128=CARTESIAN_POINT('',(49.1244839182992,19.3409142591269,26.));
#7129=CARTESIAN_POINT('',(65.7611471377899,13.1802675283976,25.5));
#7130=CARTESIAN_POINT('',(65.7611471377899,13.1802675283976,26.));
#7131=CARTESIAN_POINT('',(63.1899676212436,14.1323892654158,25.5));
#7132=CARTESIAN_POINT('',(65.7611471377899,13.1802675283976,25.5));
#7133=CARTESIAN_POINT('',(63.1899676212436,14.1323892654158,26.));
#7134=CARTESIAN_POINT('Origin',(63.1793914358344,12.2379685999049,26.));
#7135=CARTESIAN_POINT('',(63.1793914358344,12.2379685999049,26.));
#7136=CARTESIAN_POINT('',(43.5487933883351,5.07311892345495,26.));
#7137=CARTESIAN_POINT('',(63.1793914358344,12.2379685999049,25.5));
#7138=CARTESIAN_POINT('',(63.1793914358344,12.2379685999049,26.));
#7139=CARTESIAN_POINT('',(63.1793914358344,12.2379685999049,25.5));
#7140=CARTESIAN_POINT('Origin',(63.1899676212436,14.1323892654158,26.));
#7141=CARTESIAN_POINT('',(63.1503136083722,7.02950873265139,26.));
#7142=CARTESIAN_POINT('',(63.1899676212436,14.1323892654158,25.5));
#7143=CARTESIAN_POINT('Origin',(67.384923500018,13.8958391778096,26.));
#7144=CARTESIAN_POINT('',(67.384923500018,13.8958391778096,26.));
#7145=CARTESIAN_POINT('',(67.3766476439197,12.4134566163477,26.));
#7146=CARTESIAN_POINT('',(67.3458644017354,6.89952055252659,26.));
#7147=CARTESIAN_POINT('',(67.384923500018,13.8958391778096,25.5));
#7148=CARTESIAN_POINT('',(67.384923500018,13.8958391778096,26.));
#7149=CARTESIAN_POINT('',(67.3766476439197,12.4134566163477,25.5));
#7150=CARTESIAN_POINT('',(67.384923500018,13.8958391778096,25.5));
#7151=CARTESIAN_POINT('',(67.3766476439197,12.4134566163477,26.));
#7152=CARTESIAN_POINT('Origin',(60.456962971224,16.6388906644871,26.));
#7153=CARTESIAN_POINT('',(60.456962971224,16.6388906644871,26.));
#7154=CARTESIAN_POINT('',(47.1317469566508,21.9148666818385,26.));
#7155=CARTESIAN_POINT('',(60.456962971224,16.6388906644871,25.5));
#7156=CARTESIAN_POINT('',(60.456962971224,16.6388906644871,26.));
#7157=CARTESIAN_POINT('',(60.456962971224,16.6388906644871,25.5));
#7158=CARTESIAN_POINT('Origin',(60.4486606543641,15.1517684155348,26.));
#7159=CARTESIAN_POINT('',(60.4486606543641,15.1517684155348,26.));
#7160=CARTESIAN_POINT('',(60.4062039503628,7.54686604878768,26.));
#7161=CARTESIAN_POINT('',(60.4486606543641,15.1517684155348,25.5));
#7162=CARTESIAN_POINT('',(60.4486606543641,15.1517684155348,26.));
#7163=CARTESIAN_POINT('',(60.4486606543641,15.1517684155347,25.5));
#7164=CARTESIAN_POINT('Origin',(62.0225679395235,14.5699026146818,26.));
#7165=CARTESIAN_POINT('',(62.0225679395235,14.5699026146818,26.));
#7166=CARTESIAN_POINT('',(47.2463053354846,20.0326143987769,26.));
#7167=CARTESIAN_POINT('',(62.0225679395235,14.5699026146818,25.5));
#7168=CARTESIAN_POINT('',(62.0225679395235,14.5699026146818,26.));
#7169=CARTESIAN_POINT('',(62.0225679395235,14.5699026146818,25.5));
#7170=CARTESIAN_POINT('Origin',(62.0070738059371,11.794572405863,26.));
#7171=CARTESIAN_POINT('',(62.0070738059371,11.794572405863,26.));
#7172=CARTESIAN_POINT('',(61.9739638136109,5.86386570294855,26.));
#7173=CARTESIAN_POINT('',(62.0070738059371,11.794572405863,25.5));
#7174=CARTESIAN_POINT('',(62.0070738059371,11.794572405863,26.));
#7175=CARTESIAN_POINT('',(62.0070738059371,11.794572405863,25.5));
#7176=CARTESIAN_POINT('Origin',(60.4265828490208,11.1971619980764,26.));
#7177=CARTESIAN_POINT('',(60.4265828490208,11.1971619980764,26.));
#7178=CARTESIAN_POINT('',(42.2696362155435,4.33401049126209,26.));
#7179=CARTESIAN_POINT('',(60.4265828490208,11.1971619980764,25.5));
#7180=CARTESIAN_POINT('',(60.4265828490208,11.1971619980764,26.));
#7181=CARTESIAN_POINT('',(60.4265828490208,11.1971619980764,25.5));
#7182=CARTESIAN_POINT('Origin',(60.4180690191009,9.67215324313267,26.));
#7183=CARTESIAN_POINT('',(60.4180690191009,9.67215324313267,26.));
#7184=CARTESIAN_POINT('',(60.3909081327312,4.80705846258663,26.));
#7185=CARTESIAN_POINT('',(60.4180690191009,9.67215324313267,25.5));
#7186=CARTESIAN_POINT('',(60.4180690191009,9.67215324313267,26.));
#7187=CARTESIAN_POINT('',(60.4180690191009,9.67215324313267,25.5));
#7188=CARTESIAN_POINT('Origin',(67.3766476439197,12.4134566163477,26.));
#7189=CARTESIAN_POINT('',(46.1214241775854,4.04004892373604,26.));
#7190=CARTESIAN_POINT('',(67.3766476439197,12.4134566163477,25.5));
#7191=CARTESIAN_POINT('Origin',(63.8572324896564,0.0820795049944145,25.5));
#7192=CARTESIAN_POINT('Ctrl Pts',(65.9530177083451,-20.3199705112126,26.));
#7193=CARTESIAN_POINT('Ctrl Pts',(65.9530177083451,-20.3199705112126,25.5));
#7194=CARTESIAN_POINT('Ctrl Pts',(65.9729038975332,-20.1754038263365,26.));
#7195=CARTESIAN_POINT('Ctrl Pts',(65.9729038975332,-20.1754038263365,25.5));
#7196=CARTESIAN_POINT('Ctrl Pts',(66.0253682126225,-19.7940038489456,26.));
#7197=CARTESIAN_POINT('Ctrl Pts',(66.0253682126225,-19.7940038489456,25.5));
#7198=CARTESIAN_POINT('Ctrl Pts',(66.0256023156314,-19.4087252654143,26.));
#7199=CARTESIAN_POINT('Ctrl Pts',(66.0256023156314,-19.4087252654143,25.5));
#7200=CARTESIAN_POINT('Ctrl Pts',(66.0257476837218,-19.1694835221469,26.));
#7201=CARTESIAN_POINT('Ctrl Pts',(66.0257476837218,-19.1694835221469,25.5));
#7202=CARTESIAN_POINT('',(65.9530177083451,-20.3199705112126,26.));
#7203=CARTESIAN_POINT('',(66.0257476837218,-19.1694835221469,26.));
#7204=CARTESIAN_POINT('Ctrl Pts',(65.9530177083451,-20.3199705112126,26.));
#7205=CARTESIAN_POINT('Ctrl Pts',(65.9729038975332,-20.1754038263365,26.));
#7206=CARTESIAN_POINT('Ctrl Pts',(66.0253682126225,-19.7940038489456,26.));
#7207=CARTESIAN_POINT('Ctrl Pts',(66.0256023156314,-19.4087252654143,26.));
#7208=CARTESIAN_POINT('Ctrl Pts',(66.0257476837218,-19.1694835221469,26.));
#7209=CARTESIAN_POINT('',(65.9530177083451,-20.3199705112126,25.5));
#7210=CARTESIAN_POINT('',(65.9530177083451,-20.3199705112126,26.));
#7211=CARTESIAN_POINT('',(66.0257476837218,-19.1694835221469,25.5));
#7212=CARTESIAN_POINT('Ctrl Pts',(65.9530177083451,-20.3199705112126,25.5));
#7213=CARTESIAN_POINT('Ctrl Pts',(65.9729038975332,-20.1754038263365,25.5));
#7214=CARTESIAN_POINT('Ctrl Pts',(66.0253682126225,-19.7940038489456,25.5));
#7215=CARTESIAN_POINT('Ctrl Pts',(66.0256023156314,-19.4087252654143,25.5));
#7216=CARTESIAN_POINT('Ctrl Pts',(66.0257476837218,-19.1694835221469,25.5));
#7217=CARTESIAN_POINT('',(66.0257476837218,-19.1694835221469,26.));
#7218=CARTESIAN_POINT('Ctrl Pts',(65.6226078473335,-20.9669874028373,26.));
#7219=CARTESIAN_POINT('Ctrl Pts',(65.6226078473335,-20.9669874028373,25.5));
#7220=CARTESIAN_POINT('Ctrl Pts',(65.6975809510965,-20.8742589038234,26.));
#7221=CARTESIAN_POINT('Ctrl Pts',(65.6975809510965,-20.8742589038234,25.5));
#7222=CARTESIAN_POINT('Ctrl Pts',(65.8530235545858,-20.6820038339261,26.));
#7223=CARTESIAN_POINT('Ctrl Pts',(65.8530235545858,-20.6820038339261,25.5));
#7224=CARTESIAN_POINT('Ctrl Pts',(65.9189097528019,-20.4434598954618,26.));
#7225=CARTESIAN_POINT('Ctrl Pts',(65.9189097528019,-20.4434598954618,25.5));
#7226=CARTESIAN_POINT('Ctrl Pts',(65.9530177083451,-20.3199705112126,26.));
#7227=CARTESIAN_POINT('Ctrl Pts',(65.9530177083451,-20.3199705112126,25.5));
#7228=CARTESIAN_POINT('',(65.6226078473335,-20.9669874028373,26.));
#7229=CARTESIAN_POINT('Ctrl Pts',(65.6226078473335,-20.9669874028373,26.));
#7230=CARTESIAN_POINT('Ctrl Pts',(65.6975809510965,-20.8742589038234,26.));
#7231=CARTESIAN_POINT('Ctrl Pts',(65.8530235545858,-20.6820038339261,26.));
#7232=CARTESIAN_POINT('Ctrl Pts',(65.9189097528019,-20.4434598954618,26.));
#7233=CARTESIAN_POINT('Ctrl Pts',(65.9530177083451,-20.3199705112126,26.));
#7234=CARTESIAN_POINT('',(65.6226078473335,-20.9669874028373,25.5));
#7235=CARTESIAN_POINT('',(65.6226078473335,-20.9669874028373,26.));
#7236=CARTESIAN_POINT('Ctrl Pts',(65.6226078473335,-20.9669874028373,25.5));
#7237=CARTESIAN_POINT('Ctrl Pts',(65.6975809510965,-20.8742589038234,25.5));
#7238=CARTESIAN_POINT('Ctrl Pts',(65.8530235545858,-20.6820038339261,25.5));
#7239=CARTESIAN_POINT('Ctrl Pts',(65.9189097528019,-20.4434598954618,25.5));
#7240=CARTESIAN_POINT('Ctrl Pts',(65.9530177083451,-20.3199705112126,25.5));
#7241=CARTESIAN_POINT('Ctrl Pts',(64.9478667955656,-21.3610614311961,26.));
#7242=CARTESIAN_POINT('Ctrl Pts',(64.9478667955656,-21.3610614311961,25.5));
#7243=CARTESIAN_POINT('Ctrl Pts',(65.0807859008017,-21.3128879443261,26.));
#7244=CARTESIAN_POINT('Ctrl Pts',(65.0807859008017,-21.3128879443261,25.5));
#7245=CARTESIAN_POINT('Ctrl Pts',(65.3301018761797,-21.2225290764642,26.));
#7246=CARTESIAN_POINT('Ctrl Pts',(65.3301018761797,-21.2225290764642,25.5));
#7247=CARTESIAN_POINT('Ctrl Pts',(65.5295108179095,-21.0483196594572,26.));
#7248=CARTESIAN_POINT('Ctrl Pts',(65.5295108179095,-21.0483196594572,25.5));
#7249=CARTESIAN_POINT('Ctrl Pts',(65.6226078473335,-20.9669874028373,26.));
#7250=CARTESIAN_POINT('Ctrl Pts',(65.6226078473335,-20.9669874028373,25.5));
#7251=CARTESIAN_POINT('',(64.9478667955656,-21.3610614311961,26.));
#7252=CARTESIAN_POINT('Ctrl Pts',(64.9478667955656,-21.3610614311961,26.));
#7253=CARTESIAN_POINT('Ctrl Pts',(65.0807859008017,-21.3128879443261,26.));
#7254=CARTESIAN_POINT('Ctrl Pts',(65.3301018761797,-21.2225290764642,26.));
#7255=CARTESIAN_POINT('Ctrl Pts',(65.5295108179095,-21.0483196594572,26.));
#7256=CARTESIAN_POINT('Ctrl Pts',(65.6226078473335,-20.9669874028373,26.));
#7257=CARTESIAN_POINT('',(64.9478667955656,-21.3610614311961,25.5));
#7258=CARTESIAN_POINT('',(64.9478667955656,-21.3610614311961,26.));
#7259=CARTESIAN_POINT('Ctrl Pts',(64.9478667955656,-21.3610614311961,25.5));
#7260=CARTESIAN_POINT('Ctrl Pts',(65.0807859008017,-21.3128879443261,25.5));
#7261=CARTESIAN_POINT('Ctrl Pts',(65.3301018761797,-21.2225290764642,25.5));
#7262=CARTESIAN_POINT('Ctrl Pts',(65.5295108179095,-21.0483196594572,25.5));
#7263=CARTESIAN_POINT('Ctrl Pts',(65.6226078473335,-20.9669874028373,25.5));
#7264=CARTESIAN_POINT('Ctrl Pts',(63.7109628224431,-21.4962461854021,26.));
#7265=CARTESIAN_POINT('Ctrl Pts',(63.7109628224431,-21.4962461854021,25.5));
#7266=CARTESIAN_POINT('Ctrl Pts',(63.9494429389016,-21.4958554702965,26.));
#7267=CARTESIAN_POINT('Ctrl Pts',(63.9494429389016,-21.4958554702965,25.5));
#7268=CARTESIAN_POINT('Ctrl Pts',(64.3670760795137,-21.4951712389271,26.));
#7269=CARTESIAN_POINT('Ctrl Pts',(64.3670760795137,-21.4951712389271,25.5));
#7270=CARTESIAN_POINT('Ctrl Pts',(64.7735155466188,-21.4013207050234,26.));
#7271=CARTESIAN_POINT('Ctrl Pts',(64.7735155466188,-21.4013207050234,25.5));
#7272=CARTESIAN_POINT('Ctrl Pts',(64.9478667955656,-21.3610614311961,26.));
#7273=CARTESIAN_POINT('Ctrl Pts',(64.9478667955656,-21.3610614311961,25.5));
#7274=CARTESIAN_POINT('',(63.7109628224431,-21.4962461854021,26.));
#7275=CARTESIAN_POINT('Ctrl Pts',(63.7109628224431,-21.4962461854021,26.));
#7276=CARTESIAN_POINT('Ctrl Pts',(63.9494429389016,-21.4958554702965,26.));
#7277=CARTESIAN_POINT('Ctrl Pts',(64.3670760795137,-21.4951712389271,26.));
#7278=CARTESIAN_POINT('Ctrl Pts',(64.7735155466188,-21.4013207050234,26.));
#7279=CARTESIAN_POINT('Ctrl Pts',(64.9478667955656,-21.3610614311961,26.));
#7280=CARTESIAN_POINT('',(63.7109628224431,-21.4962461854021,25.5));
#7281=CARTESIAN_POINT('',(63.7109628224431,-21.4962461854021,26.));
#7282=CARTESIAN_POINT('Ctrl Pts',(63.7109628224431,-21.4962461854021,25.5));
#7283=CARTESIAN_POINT('Ctrl Pts',(63.9494429389016,-21.4958554702965,25.5));
#7284=CARTESIAN_POINT('Ctrl Pts',(64.3670760795137,-21.4951712389271,25.5));
#7285=CARTESIAN_POINT('Ctrl Pts',(64.7735155466188,-21.4013207050234,25.5));
#7286=CARTESIAN_POINT('Ctrl Pts',(64.9478667955656,-21.3610614311961,25.5));
#7287=CARTESIAN_POINT('Ctrl Pts',(62.4401250852488,-21.3470611926168,26.));
#7288=CARTESIAN_POINT('Ctrl Pts',(62.4401250852488,-21.3470611926168,25.5));
#7289=CARTESIAN_POINT('Ctrl Pts',(62.6229193489715,-21.3893597890507,26.));
#7290=CARTESIAN_POINT('Ctrl Pts',(62.6229193489715,-21.3893597890507,25.5));
#7291=CARTESIAN_POINT('Ctrl Pts',(63.0406019820636,-21.4860115590504,26.));
#7292=CARTESIAN_POINT('Ctrl Pts',(63.0406019820636,-21.4860115590504,25.5));
#7293=CARTESIAN_POINT('Ctrl Pts',(63.4696711253069,-21.4925623032103,26.));
#7294=CARTESIAN_POINT('Ctrl Pts',(63.4696711253069,-21.4925623032103,25.5));
#7295=CARTESIAN_POINT('Ctrl Pts',(63.7109628224431,-21.4962461854021,26.));
#7296=CARTESIAN_POINT('Ctrl Pts',(63.7109628224431,-21.4962461854021,25.5));
#7297=CARTESIAN_POINT('',(62.4401250852488,-21.3470611926168,26.));
#7298=CARTESIAN_POINT('Ctrl Pts',(62.4401250852488,-21.3470611926168,26.));
#7299=CARTESIAN_POINT('Ctrl Pts',(62.6229193489715,-21.3893597890507,26.));
#7300=CARTESIAN_POINT('Ctrl Pts',(63.0406019820636,-21.4860115590504,26.));
#7301=CARTESIAN_POINT('Ctrl Pts',(63.4696711253069,-21.4925623032103,26.));
#7302=CARTESIAN_POINT('Ctrl Pts',(63.7109628224431,-21.4962461854021,26.));
#7303=CARTESIAN_POINT('',(62.4401250852488,-21.3470611926168,25.5));
#7304=CARTESIAN_POINT('',(62.4401250852488,-21.3470611926168,26.));
#7305=CARTESIAN_POINT('Ctrl Pts',(62.4401250852488,-21.3470611926168,25.5));
#7306=CARTESIAN_POINT('Ctrl Pts',(62.6229193489715,-21.3893597890507,25.5));
#7307=CARTESIAN_POINT('Ctrl Pts',(63.0406019820636,-21.4860115590504,25.5));
#7308=CARTESIAN_POINT('Ctrl Pts',(63.4696711253069,-21.4925623032103,25.5));
#7309=CARTESIAN_POINT('Ctrl Pts',(63.7109628224431,-21.4962461854021,25.5));
#7310=CARTESIAN_POINT('Ctrl Pts',(61.7720222278003,-20.976275412231,26.));
#7311=CARTESIAN_POINT('Ctrl Pts',(61.7720222278003,-20.976275412231,25.5));
#7312=CARTESIAN_POINT('Ctrl Pts',(61.8581941321952,-21.0504720087643,26.));
#7313=CARTESIAN_POINT('Ctrl Pts',(61.8581941321952,-21.0504720087643,25.5));
#7314=CARTESIAN_POINT('Ctrl Pts',(62.0546399806283,-21.2196177814982,26.));
#7315=CARTESIAN_POINT('Ctrl Pts',(62.0546399806283,-21.2196177814982,25.5));
#7316=CARTESIAN_POINT('Ctrl Pts',(62.3015329112258,-21.3012418880571,26.));
#7317=CARTESIAN_POINT('Ctrl Pts',(62.3015329112258,-21.3012418880571,25.5));
#7318=CARTESIAN_POINT('Ctrl Pts',(62.4401250852488,-21.3470611926168,26.));
#7319=CARTESIAN_POINT('Ctrl Pts',(62.4401250852488,-21.3470611926168,25.5));
#7320=CARTESIAN_POINT('',(61.7720222278003,-20.976275412231,26.));
#7321=CARTESIAN_POINT('Ctrl Pts',(61.7720222278003,-20.976275412231,26.));
#7322=CARTESIAN_POINT('Ctrl Pts',(61.8581941321952,-21.0504720087643,26.));
#7323=CARTESIAN_POINT('Ctrl Pts',(62.0546399806283,-21.2196177814982,26.));
#7324=CARTESIAN_POINT('Ctrl Pts',(62.3015329112258,-21.3012418880571,26.));
#7325=CARTESIAN_POINT('Ctrl Pts',(62.4401250852488,-21.3470611926168,26.));
#7326=CARTESIAN_POINT('',(61.7720222278003,-20.976275412231,25.5));
#7327=CARTESIAN_POINT('',(61.7720222278003,-20.976275412231,26.));
#7328=CARTESIAN_POINT('Ctrl Pts',(61.7720222278003,-20.976275412231,25.5));
#7329=CARTESIAN_POINT('Ctrl Pts',(61.8581941321952,-21.0504720087643,25.5));
#7330=CARTESIAN_POINT('Ctrl Pts',(62.0546399806283,-21.2196177814982,25.5));
#7331=CARTESIAN_POINT('Ctrl Pts',(62.3015329112258,-21.3012418880571,25.5));
#7332=CARTESIAN_POINT('Ctrl Pts',(62.4401250852488,-21.3470611926168,25.5));
#7333=CARTESIAN_POINT('Ctrl Pts',(61.4862826552583,-20.4087038035667,26.));
#7334=CARTESIAN_POINT('Ctrl Pts',(61.4862826552583,-20.4087038035667,25.5));
#7335=CARTESIAN_POINT('Ctrl Pts',(61.5176422313243,-20.5161455083897,26.));
#7336=CARTESIAN_POINT('Ctrl Pts',(61.5176422313243,-20.5161455083897,25.5));
#7337=CARTESIAN_POINT('Ctrl Pts',(61.5780436323809,-20.7230880222036,26.));
#7338=CARTESIAN_POINT('Ctrl Pts',(61.5780436323809,-20.7230880222036,25.5));
#7339=CARTESIAN_POINT('Ctrl Pts',(61.7090382247733,-20.8940665720989,26.));
#7340=CARTESIAN_POINT('Ctrl Pts',(61.7090382247733,-20.8940665720989,25.5));
#7341=CARTESIAN_POINT('Ctrl Pts',(61.7720222278003,-20.976275412231,26.));
#7342=CARTESIAN_POINT('Ctrl Pts',(61.7720222278003,-20.976275412231,25.5));
#7343=CARTESIAN_POINT('',(61.4862826552583,-20.4087038035667,26.));
#7344=CARTESIAN_POINT('Ctrl Pts',(61.4862826552583,-20.4087038035667,26.));
#7345=CARTESIAN_POINT('Ctrl Pts',(61.5176422313243,-20.5161455083897,26.));
#7346=CARTESIAN_POINT('Ctrl Pts',(61.5780436323809,-20.7230880222036,26.));
#7347=CARTESIAN_POINT('Ctrl Pts',(61.7090382247733,-20.8940665720989,26.));
#7348=CARTESIAN_POINT('Ctrl Pts',(61.7720222278003,-20.976275412231,26.));
#7349=CARTESIAN_POINT('',(61.4862826552583,-20.4087038035667,25.5));
#7350=CARTESIAN_POINT('',(61.4862826552583,-20.4087038035667,26.));
#7351=CARTESIAN_POINT('Ctrl Pts',(61.4862826552583,-20.4087038035667,25.5));
#7352=CARTESIAN_POINT('Ctrl Pts',(61.5176422313243,-20.5161455083897,25.5));
#7353=CARTESIAN_POINT('Ctrl Pts',(61.5780436323809,-20.7230880222036,25.5));
#7354=CARTESIAN_POINT('Ctrl Pts',(61.7090382247733,-20.8940665720989,25.5));
#7355=CARTESIAN_POINT('Ctrl Pts',(61.7720222278003,-20.976275412231,25.5));
#7356=CARTESIAN_POINT('Ctrl Pts',(61.4247105494987,-19.5605780633853,26.));
#7357=CARTESIAN_POINT('Ctrl Pts',(61.4247105494987,-19.5605780633853,25.5));
#7358=CARTESIAN_POINT('Ctrl Pts',(61.4237313089394,-19.7295975061742,26.));
#7359=CARTESIAN_POINT('Ctrl Pts',(61.4237313089394,-19.7295975061742,25.5));
#7360=CARTESIAN_POINT('Ctrl Pts',(61.4220827104003,-20.0141498603493,26.));
#7361=CARTESIAN_POINT('Ctrl Pts',(61.4220827104003,-20.0141498603493,25.5));
#7362=CARTESIAN_POINT('Ctrl Pts',(61.467743590767,-20.2947681761328,26.));
#7363=CARTESIAN_POINT('Ctrl Pts',(61.467743590767,-20.2947681761328,25.5));
#7364=CARTESIAN_POINT('Ctrl Pts',(61.4862826552583,-20.4087038035667,26.));
#7365=CARTESIAN_POINT('Ctrl Pts',(61.4862826552583,-20.4087038035667,25.5));
#7366=CARTESIAN_POINT('',(61.4247105494987,-19.5605780633853,26.));
#7367=CARTESIAN_POINT('Ctrl Pts',(61.4247105494987,-19.5605780633853,26.));
#7368=CARTESIAN_POINT('Ctrl Pts',(61.4237313089394,-19.7295975061742,26.));
#7369=CARTESIAN_POINT('Ctrl Pts',(61.4220827104003,-20.0141498603493,26.));
#7370=CARTESIAN_POINT('Ctrl Pts',(61.467743590767,-20.2947681761328,26.));
#7371=CARTESIAN_POINT('Ctrl Pts',(61.4862826552583,-20.4087038035667,26.));
#7372=CARTESIAN_POINT('',(61.4247105494987,-19.5605780633853,25.5));
#7373=CARTESIAN_POINT('',(61.4247105494987,-19.5605780633853,26.));
#7374=CARTESIAN_POINT('Ctrl Pts',(61.4247105494987,-19.5605780633853,25.5));
#7375=CARTESIAN_POINT('Ctrl Pts',(61.4237313089394,-19.7295975061742,25.5));
#7376=CARTESIAN_POINT('Ctrl Pts',(61.4220827104003,-20.0141498603493,25.5));
#7377=CARTESIAN_POINT('Ctrl Pts',(61.467743590767,-20.2947681761328,25.5));
#7378=CARTESIAN_POINT('Ctrl Pts',(61.4862826552583,-20.4087038035667,25.5));
#7379=CARTESIAN_POINT('Origin',(61.4305538523393,-18.5139177385327,26.));
#7380=CARTESIAN_POINT('',(61.4305538523393,-18.5139177385327,26.));
#7381=CARTESIAN_POINT('',(61.4820534364584,-9.28924242831959,26.));
#7382=CARTESIAN_POINT('',(61.4305538523393,-18.5139177385327,25.5));
#7383=CARTESIAN_POINT('',(61.4305538523393,-18.5139177385327,26.));
#7384=CARTESIAN_POINT('',(61.4305538523393,-18.5139177385327,25.5));
#7385=CARTESIAN_POINT('Origin',(66.0292642497308,-18.5395914522392,26.));
#7386=CARTESIAN_POINT('',(66.0292642497308,-18.5395914522392,26.));
#7387=CARTESIAN_POINT('',(44.5131325407463,-18.4194710363327,26.));
#7388=CARTESIAN_POINT('',(66.0292642497308,-18.5395914522392,25.5));
#7389=CARTESIAN_POINT('',(66.0292642497308,-18.5395914522392,26.));
#7390=CARTESIAN_POINT('',(66.0292642497308,-18.5395914522392,25.5));
#7391=CARTESIAN_POINT('Origin',(66.0257476837218,-19.1694835221469,26.));
#7392=CARTESIAN_POINT('',(66.0790055508455,-9.62986217698005,26.));
#7393=CARTESIAN_POINT('',(66.0257476837218,-19.1694835221469,25.5));
#7394=CARTESIAN_POINT('Origin',(60.2538471434314,-19.7434917139379,26.));
#7395=CARTESIAN_POINT('',(60.2538471434314,-19.7434917139379,26.));
#7396=CARTESIAN_POINT('',(60.2685745005808,-17.1055075398022,26.));
#7397=CARTESIAN_POINT('',(60.3087971948964,-9.90076401594871,26.));
#7398=CARTESIAN_POINT('',(60.2538471434314,-19.7434917139379,25.5));
#7399=CARTESIAN_POINT('',(60.2538471434314,-19.7434917139379,26.));
#7400=CARTESIAN_POINT('',(60.2685745005808,-17.1055075398022,25.5));
#7401=CARTESIAN_POINT('',(60.2538471434314,-19.7434917139379,25.5));
#7402=CARTESIAN_POINT('',(60.2685745005808,-17.1055075398022,26.));
#7403=CARTESIAN_POINT('Ctrl Pts',(60.3937380051959,-20.9851558350102,26.));
#7404=CARTESIAN_POINT('Ctrl Pts',(60.3937380051959,-20.9851558350102,25.5));
#7405=CARTESIAN_POINT('Ctrl Pts',(60.3520698157158,-20.8049179265955,26.));
#7406=CARTESIAN_POINT('Ctrl Pts',(60.3520698157158,-20.8049179265955,25.5));
#7407=CARTESIAN_POINT('Ctrl Pts',(60.2577247760097,-20.3968235784102,26.));
#7408=CARTESIAN_POINT('Ctrl Pts',(60.2577247760097,-20.3968235784102,25.5));
#7409=CARTESIAN_POINT('Ctrl Pts',(60.2552364703585,-19.9775756642163,26.));
#7410=CARTESIAN_POINT('Ctrl Pts',(60.2552364703585,-19.9775756642163,25.5));
#7411=CARTESIAN_POINT('Ctrl Pts',(60.2538471434314,-19.7434917139379,26.));
#7412=CARTESIAN_POINT('Ctrl Pts',(60.2538471434314,-19.7434917139379,25.5));
#7413=CARTESIAN_POINT('',(60.3937380051959,-20.9851558350102,26.));
#7414=CARTESIAN_POINT('Ctrl Pts',(60.3937380051959,-20.9851558350102,26.));
#7415=CARTESIAN_POINT('Ctrl Pts',(60.3520698157158,-20.8049179265955,26.));
#7416=CARTESIAN_POINT('Ctrl Pts',(60.2577247760097,-20.3968235784102,26.));
#7417=CARTESIAN_POINT('Ctrl Pts',(60.2552364703585,-19.9775756642163,26.));
#7418=CARTESIAN_POINT('Ctrl Pts',(60.2538471434314,-19.7434917139379,26.));
#7419=CARTESIAN_POINT('',(60.3937380051959,-20.9851558350102,25.5));
#7420=CARTESIAN_POINT('',(60.3937380051959,-20.9851558350102,26.));
#7421=CARTESIAN_POINT('Ctrl Pts',(60.3937380051959,-20.9851558350102,25.5));
#7422=CARTESIAN_POINT('Ctrl Pts',(60.3520698157158,-20.8049179265955,25.5));
#7423=CARTESIAN_POINT('Ctrl Pts',(60.2577247760097,-20.3968235784102,25.5));
#7424=CARTESIAN_POINT('Ctrl Pts',(60.2552364703585,-19.9775756642163,25.5));
#7425=CARTESIAN_POINT('Ctrl Pts',(60.2538471434314,-19.7434917139379,25.5));
#7426=CARTESIAN_POINT('Ctrl Pts',(60.9423562386616,-21.9733509752882,26.));
#7427=CARTESIAN_POINT('Ctrl Pts',(60.9423562386616,-21.9733509752882,25.5));
#7428=CARTESIAN_POINT('Ctrl Pts',(60.8294255459259,-21.8346080066216,26.));
#7429=CARTESIAN_POINT('Ctrl Pts',(60.8294255459259,-21.8346080066216,25.5));
#7430=CARTESIAN_POINT('Ctrl Pts',(60.5881598673121,-21.5381968567621,26.));
#7431=CARTESIAN_POINT('Ctrl Pts',(60.5881598673121,-21.5381968567621,25.5));
#7432=CARTESIAN_POINT('Ctrl Pts',(60.4612463441308,-21.1771860950589,26.));
#7433=CARTESIAN_POINT('Ctrl Pts',(60.4612463441308,-21.1771860950589,25.5));
#7434=CARTESIAN_POINT('Ctrl Pts',(60.3937380051959,-20.9851558350102,26.));
#7435=CARTESIAN_POINT('Ctrl Pts',(60.3937380051959,-20.9851558350102,25.5));
#7436=CARTESIAN_POINT('',(60.9423562386616,-21.9733509752882,26.));
#7437=CARTESIAN_POINT('Ctrl Pts',(60.9423562386616,-21.9733509752882,26.));
#7438=CARTESIAN_POINT('Ctrl Pts',(60.8294255459259,-21.8346080066216,26.));
#7439=CARTESIAN_POINT('Ctrl Pts',(60.5881598673121,-21.5381968567621,26.));
#7440=CARTESIAN_POINT('Ctrl Pts',(60.4612463441308,-21.1771860950589,26.));
#7441=CARTESIAN_POINT('Ctrl Pts',(60.3937380051959,-20.9851558350102,26.));
#7442=CARTESIAN_POINT('',(60.9423562386616,-21.9733509752882,25.5));
#7443=CARTESIAN_POINT('',(60.9423562386616,-21.9733509752882,26.));
#7444=CARTESIAN_POINT('Ctrl Pts',(60.9423562386616,-21.9733509752882,25.5));
#7445=CARTESIAN_POINT('Ctrl Pts',(60.8294255459259,-21.8346080066216,25.5));
#7446=CARTESIAN_POINT('Ctrl Pts',(60.5881598673121,-21.5381968567621,25.5));
#7447=CARTESIAN_POINT('Ctrl Pts',(60.4612463441308,-21.1771860950589,25.5));
#7448=CARTESIAN_POINT('Ctrl Pts',(60.3937380051959,-20.9851558350102,25.5));
#7449=CARTESIAN_POINT('Ctrl Pts',(62.1648436069308,-22.7237578019906,26.));
#7450=CARTESIAN_POINT('Ctrl Pts',(62.1648436069308,-22.7237578019906,25.5));
#7451=CARTESIAN_POINT('Ctrl Pts',(61.9287294284234,-22.6302851154101,26.));
#7452=CARTESIAN_POINT('Ctrl Pts',(61.9287294284234,-22.6302851154101,25.5));
#7453=CARTESIAN_POINT('Ctrl Pts',(61.4769472394759,-22.4514339544292,26.));
#7454=CARTESIAN_POINT('Ctrl Pts',(61.4769472394759,-22.4514339544292,25.5));
#7455=CARTESIAN_POINT('Ctrl Pts',(61.1150944858755,-22.1278302233747,26.));
#7456=CARTESIAN_POINT('Ctrl Pts',(61.1150944858755,-22.1278302233747,25.5));
#7457=CARTESIAN_POINT('Ctrl Pts',(60.9423562386616,-21.9733509752882,26.));
#7458=CARTESIAN_POINT('Ctrl Pts',(60.9423562386616,-21.9733509752882,25.5));
#7459=CARTESIAN_POINT('',(62.1648436069308,-22.7237578019906,26.));
#7460=CARTESIAN_POINT('Ctrl Pts',(62.1648436069308,-22.7237578019906,26.));
#7461=CARTESIAN_POINT('Ctrl Pts',(61.9287294284234,-22.6302851154101,26.));
#7462=CARTESIAN_POINT('Ctrl Pts',(61.4769472394759,-22.4514339544292,26.));
#7463=CARTESIAN_POINT('Ctrl Pts',(61.1150944858755,-22.1278302233747,26.));
#7464=CARTESIAN_POINT('Ctrl Pts',(60.9423562386616,-21.9733509752882,26.));
#7465=CARTESIAN_POINT('',(62.1648436069308,-22.7237578019906,25.5));
#7466=CARTESIAN_POINT('',(62.1648436069308,-22.7237578019906,26.));
#7467=CARTESIAN_POINT('Ctrl Pts',(62.1648436069308,-22.7237578019906,25.5));
#7468=CARTESIAN_POINT('Ctrl Pts',(61.9287294284234,-22.6302851154101,25.5));
#7469=CARTESIAN_POINT('Ctrl Pts',(61.4769472394759,-22.4514339544292,25.5));
#7470=CARTESIAN_POINT('Ctrl Pts',(61.1150944858755,-22.1278302233747,25.5));
#7471=CARTESIAN_POINT('Ctrl Pts',(60.9423562386616,-21.9733509752882,25.5));
#7472=CARTESIAN_POINT('Ctrl Pts',(63.6413038041708,-22.9451310522208,26.));
#7473=CARTESIAN_POINT('Ctrl Pts',(63.6413038041708,-22.9451310522208,25.5));
#7474=CARTESIAN_POINT('Ctrl Pts',(63.3735975583355,-22.9374292749673,26.));
#7475=CARTESIAN_POINT('Ctrl Pts',(63.3735975583355,-22.9374292749673,25.5));
#7476=CARTESIAN_POINT('Ctrl Pts',(62.8722036422543,-22.9230044181775,26.));
#7477=CARTESIAN_POINT('Ctrl Pts',(62.8722036422543,-22.9230044181775,25.5));
#7478=CARTESIAN_POINT('Ctrl Pts',(62.3897183987288,-22.7870997199588,26.));
#7479=CARTESIAN_POINT('Ctrl Pts',(62.3897183987288,-22.7870997199588,25.5));
#7480=CARTESIAN_POINT('Ctrl Pts',(62.1648436069308,-22.7237578019906,26.));
#7481=CARTESIAN_POINT('Ctrl Pts',(62.1648436069308,-22.7237578019906,25.5));
#7482=CARTESIAN_POINT('',(63.6413038041708,-22.9451310522208,26.));
#7483=CARTESIAN_POINT('Ctrl Pts',(63.6413038041708,-22.9451310522208,26.));
#7484=CARTESIAN_POINT('Ctrl Pts',(63.3735975583355,-22.9374292749673,26.));
#7485=CARTESIAN_POINT('Ctrl Pts',(62.8722036422543,-22.9230044181775,26.));
#7486=CARTESIAN_POINT('Ctrl Pts',(62.3897183987288,-22.7870997199588,26.));
#7487=CARTESIAN_POINT('Ctrl Pts',(62.1648436069308,-22.7237578019906,26.));
#7488=CARTESIAN_POINT('',(63.6413038041708,-22.9451310522208,25.5));
#7489=CARTESIAN_POINT('',(63.6413038041708,-22.9451310522208,26.));
#7490=CARTESIAN_POINT('Ctrl Pts',(63.6413038041708,-22.9451310522208,25.5));
#7491=CARTESIAN_POINT('Ctrl Pts',(63.3735975583355,-22.9374292749673,25.5));
#7492=CARTESIAN_POINT('Ctrl Pts',(62.8722036422543,-22.9230044181775,25.5));
#7493=CARTESIAN_POINT('Ctrl Pts',(62.3897183987288,-22.7870997199588,25.5));
#7494=CARTESIAN_POINT('Ctrl Pts',(62.1648436069308,-22.7237578019906,25.5));
#7495=CARTESIAN_POINT('Ctrl Pts',(65.2836158473523,-22.7269593374823,26.));
#7496=CARTESIAN_POINT('Ctrl Pts',(65.2836158473523,-22.7269593374823,25.5));
#7497=CARTESIAN_POINT('Ctrl Pts',(65.0369499633184,-22.7917699831423,26.));
#7498=CARTESIAN_POINT('Ctrl Pts',(65.0369499633184,-22.7917699831423,25.5));
#7499=CARTESIAN_POINT('Ctrl Pts',(64.4990957376794,-22.9330894030171,26.));
#7500=CARTESIAN_POINT('Ctrl Pts',(64.4990957376794,-22.9330894030171,25.5));
#7501=CARTESIAN_POINT('Ctrl Pts',(63.9425899147151,-22.9409016097285,26.));
#7502=CARTESIAN_POINT('Ctrl Pts',(63.9425899147151,-22.9409016097285,25.5));
#7503=CARTESIAN_POINT('Ctrl Pts',(63.6413038041708,-22.9451310522208,26.));
#7504=CARTESIAN_POINT('Ctrl Pts',(63.6413038041708,-22.9451310522208,25.5));
#7505=CARTESIAN_POINT('',(65.2836158473523,-22.7269593374823,26.));
#7506=CARTESIAN_POINT('Ctrl Pts',(65.2836158473523,-22.7269593374823,26.));
#7507=CARTESIAN_POINT('Ctrl Pts',(65.0369499633184,-22.7917699831423,26.));
#7508=CARTESIAN_POINT('Ctrl Pts',(64.4990957376794,-22.9330894030171,26.));
#7509=CARTESIAN_POINT('Ctrl Pts',(63.9425899147151,-22.9409016097285,26.));
#7510=CARTESIAN_POINT('Ctrl Pts',(63.6413038041708,-22.9451310522208,26.));
#7511=CARTESIAN_POINT('',(65.2836158473523,-22.7269593374823,25.5));
#7512=CARTESIAN_POINT('',(65.2836158473523,-22.7269593374823,26.));
#7513=CARTESIAN_POINT('Ctrl Pts',(65.2836158473523,-22.7269593374823,25.5));
#7514=CARTESIAN_POINT('Ctrl Pts',(65.0369499633184,-22.7917699831423,25.5));
#7515=CARTESIAN_POINT('Ctrl Pts',(64.4990957376794,-22.9330894030171,25.5));
#7516=CARTESIAN_POINT('Ctrl Pts',(63.9425899147151,-22.9409016097285,25.5));
#7517=CARTESIAN_POINT('Ctrl Pts',(63.6413038041708,-22.9451310522208,25.5));
#7518=CARTESIAN_POINT('Ctrl Pts',(66.4121307921821,-22.0701976808351,26.));
#7519=CARTESIAN_POINT('Ctrl Pts',(66.4121307921821,-22.0701976808351,25.5));
#7520=CARTESIAN_POINT('Ctrl Pts',(66.24678548366,-22.2067956989091,26.));
#7521=CARTESIAN_POINT('Ctrl Pts',(66.24678548366,-22.2067956989091,25.5));
#7522=CARTESIAN_POINT('Ctrl Pts',(65.9068772941458,-22.4876067205814,26.));
#7523=CARTESIAN_POINT('Ctrl Pts',(65.9068772941458,-22.4876067205814,25.5));
#7524=CARTESIAN_POINT('Ctrl Pts',(65.4950919049984,-22.6457456701363,26.));
#7525=CARTESIAN_POINT('Ctrl Pts',(65.4950919049984,-22.6457456701363,25.5));
#7526=CARTESIAN_POINT('Ctrl Pts',(65.2836158473523,-22.7269593374823,26.));
#7527=CARTESIAN_POINT('Ctrl Pts',(65.2836158473523,-22.7269593374823,25.5));
#7528=CARTESIAN_POINT('',(66.4121307921821,-22.0701976808351,26.));
#7529=CARTESIAN_POINT('Ctrl Pts',(66.4121307921821,-22.0701976808351,26.));
#7530=CARTESIAN_POINT('Ctrl Pts',(66.24678548366,-22.2067956989091,26.));
#7531=CARTESIAN_POINT('Ctrl Pts',(65.9068772941458,-22.4876067205814,26.));
#7532=CARTESIAN_POINT('Ctrl Pts',(65.4950919049984,-22.6457456701363,26.));
#7533=CARTESIAN_POINT('Ctrl Pts',(65.2836158473523,-22.7269593374823,26.));
#7534=CARTESIAN_POINT('',(66.4121307921821,-22.0701976808351,25.5));
#7535=CARTESIAN_POINT('',(66.4121307921821,-22.0701976808351,26.));
#7536=CARTESIAN_POINT('Ctrl Pts',(66.4121307921821,-22.0701976808351,25.5));
#7537=CARTESIAN_POINT('Ctrl Pts',(66.24678548366,-22.2067956989091,25.5));
#7538=CARTESIAN_POINT('Ctrl Pts',(65.9068772941458,-22.4876067205814,25.5));
#7539=CARTESIAN_POINT('Ctrl Pts',(65.4950919049984,-22.6457456701363,25.5));
#7540=CARTESIAN_POINT('Ctrl Pts',(65.2836158473523,-22.7269593374823,25.5));
#7541=CARTESIAN_POINT('Ctrl Pts',(67.0573420169293,-21.0270972869549,26.));
#7542=CARTESIAN_POINT('Ctrl Pts',(67.0573420169293,-21.0270972869549,25.5));
#7543=CARTESIAN_POINT('Ctrl Pts',(66.9847324965639,-21.2229332701167,26.));
#7544=CARTESIAN_POINT('Ctrl Pts',(66.9847324965639,-21.2229332701167,25.5));
#7545=CARTESIAN_POINT('Ctrl Pts',(66.8397381422119,-21.6139992321911,26.));
#7546=CARTESIAN_POINT('Ctrl Pts',(66.8397381422119,-21.6139992321911,25.5));
#7547=CARTESIAN_POINT('Ctrl Pts',(66.5545192484089,-21.9182887091325,26.));
#7548=CARTESIAN_POINT('Ctrl Pts',(66.5545192484089,-21.9182887091325,25.5));
#7549=CARTESIAN_POINT('Ctrl Pts',(66.4121307921821,-22.0701976808351,26.));
#7550=CARTESIAN_POINT('Ctrl Pts',(66.4121307921821,-22.0701976808351,25.5));
#7551=CARTESIAN_POINT('',(67.0573420169293,-21.0270972869549,26.));
#7552=CARTESIAN_POINT('Ctrl Pts',(67.0573420169293,-21.0270972869549,26.));
#7553=CARTESIAN_POINT('Ctrl Pts',(66.9847324965639,-21.2229332701167,26.));
#7554=CARTESIAN_POINT('Ctrl Pts',(66.8397381422119,-21.6139992321911,26.));
#7555=CARTESIAN_POINT('Ctrl Pts',(66.5545192484089,-21.9182887091325,26.));
#7556=CARTESIAN_POINT('Ctrl Pts',(66.4121307921821,-22.0701976808351,26.));
#7557=CARTESIAN_POINT('',(67.0573420169293,-21.0270972869549,25.5));
#7558=CARTESIAN_POINT('',(67.0573420169293,-21.0270972869549,26.));
#7559=CARTESIAN_POINT('Ctrl Pts',(67.0573420169293,-21.0270972869549,25.5));
#7560=CARTESIAN_POINT('Ctrl Pts',(66.9847324965639,-21.2229332701167,25.5));
#7561=CARTESIAN_POINT('Ctrl Pts',(66.8397381422119,-21.6139992321911,25.5));
#7562=CARTESIAN_POINT('Ctrl Pts',(66.5545192484089,-21.9182887091325,25.5));
#7563=CARTESIAN_POINT('Ctrl Pts',(66.4121307921821,-22.0701976808351,25.5));
#7564=CARTESIAN_POINT('Ctrl Pts',(67.1973282532632,-19.7064756884549,26.));
#7565=CARTESIAN_POINT('Ctrl Pts',(67.1973282532632,-19.7064756884549,25.5));
#7566=CARTESIAN_POINT('Ctrl Pts',(67.1945243728819,-19.9620993211383,26.));
#7567=CARTESIAN_POINT('Ctrl Pts',(67.1945243728819,-19.9620993211383,25.5));
#7568=CARTESIAN_POINT('Ctrl Pts',(67.1896426587433,-20.4071545061557,26.));
#7569=CARTESIAN_POINT('Ctrl Pts',(67.1896426587433,-20.4071545061557,25.5));
#7570=CARTESIAN_POINT('Ctrl Pts',(67.0968415280747,-20.8420079597685,26.));
#7571=CARTESIAN_POINT('Ctrl Pts',(67.0968415280747,-20.8420079597685,25.5));
#7572=CARTESIAN_POINT('Ctrl Pts',(67.0573420169293,-21.0270972869549,26.));
#7573=CARTESIAN_POINT('Ctrl Pts',(67.0573420169293,-21.0270972869549,25.5));
#7574=CARTESIAN_POINT('',(67.1973282532632,-19.7064756884549,26.));
#7575=CARTESIAN_POINT('Ctrl Pts',(67.1973282532632,-19.7064756884549,26.));
#7576=CARTESIAN_POINT('Ctrl Pts',(67.1945243728819,-19.9620993211383,26.));
#7577=CARTESIAN_POINT('Ctrl Pts',(67.1896426587433,-20.4071545061557,26.));
#7578=CARTESIAN_POINT('Ctrl Pts',(67.0968415280747,-20.8420079597685,26.));
#7579=CARTESIAN_POINT('Ctrl Pts',(67.0573420169293,-21.0270972869549,26.));
#7580=CARTESIAN_POINT('',(67.1973282532632,-19.7064756884549,25.5));
#7581=CARTESIAN_POINT('',(67.1973282532632,-19.7064756884549,26.));
#7582=CARTESIAN_POINT('Ctrl Pts',(67.1973282532632,-19.7064756884549,25.5));
#7583=CARTESIAN_POINT('Ctrl Pts',(67.1945243728819,-19.9620993211383,25.5));
#7584=CARTESIAN_POINT('Ctrl Pts',(67.1896426587433,-20.4071545061557,25.5));
#7585=CARTESIAN_POINT('Ctrl Pts',(67.0968415280747,-20.8420079597685,25.5));
#7586=CARTESIAN_POINT('Ctrl Pts',(67.0573420169293,-21.0270972869549,25.5));
#7587=CARTESIAN_POINT('Origin',(67.2116325576721,-17.1442692945991,26.));
#7588=CARTESIAN_POINT('',(67.2116325576721,-17.1442692945991,26.));
#7589=CARTESIAN_POINT('',(67.2592189305624,-8.62053368367771,26.));
#7590=CARTESIAN_POINT('',(67.2116325576721,-17.1442692945991,25.5));
#7591=CARTESIAN_POINT('',(67.2116325576721,-17.1442692945991,26.));
#7592=CARTESIAN_POINT('',(67.2116325576721,-17.1442692945991,25.5));
#7593=CARTESIAN_POINT('Origin',(60.2685745005808,-17.1055075398022,26.));
#7594=CARTESIAN_POINT('',(41.6367008774001,-17.0014893808225,26.));
#7595=CARTESIAN_POINT('',(60.2685745005808,-17.1055075398022,25.5));
#7596=CARTESIAN_POINT('Origin',(63.8572324896564,0.0820795049944145,25.5));
#7597=CARTESIAN_POINT('Ctrl Pts',(66.0426481649317,-7.65870208336326,26.));
#7598=CARTESIAN_POINT('Ctrl Pts',(66.0426481649317,-7.65870208336326,25.5));
#7599=CARTESIAN_POINT('Ctrl Pts',(66.0569676940801,-7.53297925801004,26.));
#7600=CARTESIAN_POINT('Ctrl Pts',(66.0569676940801,-7.53297925801004,25.5));
#7601=CARTESIAN_POINT('Ctrl Pts',(66.0951124484308,-7.19807534883353,26.));
#7602=CARTESIAN_POINT('Ctrl Pts',(66.0951124484308,-7.19807534883353,25.5));
#7603=CARTESIAN_POINT('Ctrl Pts',(66.0954374901339,-6.86082942412825,26.));
#7604=CARTESIAN_POINT('Ctrl Pts',(66.0954374901339,-6.86082942412825,25.5));
#7605=CARTESIAN_POINT('Ctrl Pts',(66.0956405112808,-6.65018551669131,26.));
#7606=CARTESIAN_POINT('Ctrl Pts',(66.0956405112808,-6.65018551669131,25.5));
#7607=CARTESIAN_POINT('',(66.0426481649317,-7.65870208336326,26.));
#7608=CARTESIAN_POINT('',(66.0956405112808,-6.65018551669131,26.));
#7609=CARTESIAN_POINT('Ctrl Pts',(66.0426481649317,-7.65870208336326,26.));
#7610=CARTESIAN_POINT('Ctrl Pts',(66.0569676940801,-7.53297925801004,26.));
#7611=CARTESIAN_POINT('Ctrl Pts',(66.0951124484308,-7.19807534883353,26.));
#7612=CARTESIAN_POINT('Ctrl Pts',(66.0954374901339,-6.86082942412825,26.));
#7613=CARTESIAN_POINT('Ctrl Pts',(66.0956405112808,-6.65018551669131,26.));
#7614=CARTESIAN_POINT('',(66.0426481649317,-7.65870208336326,25.5));
#7615=CARTESIAN_POINT('',(66.0426481649317,-7.65870208336326,26.));
#7616=CARTESIAN_POINT('',(66.0956405112808,-6.65018551669131,25.5));
#7617=CARTESIAN_POINT('Ctrl Pts',(66.0426481649317,-7.65870208336326,25.5));
#7618=CARTESIAN_POINT('Ctrl Pts',(66.0569676940801,-7.53297925801004,25.5));
#7619=CARTESIAN_POINT('Ctrl Pts',(66.0951124484308,-7.19807534883353,25.5));
#7620=CARTESIAN_POINT('Ctrl Pts',(66.0954374901339,-6.86082942412825,25.5));
#7621=CARTESIAN_POINT('Ctrl Pts',(66.0956405112808,-6.65018551669131,25.5));
#7622=CARTESIAN_POINT('',(66.0956405112808,-6.65018551669131,26.));
#7623=CARTESIAN_POINT('Ctrl Pts',(65.7316580739758,-8.22057711617921,26.));
#7624=CARTESIAN_POINT('Ctrl Pts',(65.7316580739758,-8.22057711617921,25.5));
#7625=CARTESIAN_POINT('Ctrl Pts',(65.8066135377782,-8.14121442641293,26.));
#7626=CARTESIAN_POINT('Ctrl Pts',(65.8066135377782,-8.14121442641293,25.5));
#7627=CARTESIAN_POINT('Ctrl Pts',(65.9582886952208,-7.9806210839837,26.));
#7628=CARTESIAN_POINT('Ctrl Pts',(65.9582886952208,-7.9806210839837,25.5));
#7629=CARTESIAN_POINT('Ctrl Pts',(66.0143111308822,-7.76683730176882,26.));
#7630=CARTESIAN_POINT('Ctrl Pts',(66.0143111308822,-7.76683730176882,25.5));
#7631=CARTESIAN_POINT('Ctrl Pts',(66.0426481649317,-7.65870208336326,26.));
#7632=CARTESIAN_POINT('Ctrl Pts',(66.0426481649317,-7.65870208336326,25.5));
#7633=CARTESIAN_POINT('',(65.7316580739758,-8.22057711617921,26.));
#7634=CARTESIAN_POINT('Ctrl Pts',(65.7316580739758,-8.22057711617921,26.));
#7635=CARTESIAN_POINT('Ctrl Pts',(65.8066135377782,-8.14121442641293,26.));
#7636=CARTESIAN_POINT('Ctrl Pts',(65.9582886952208,-7.9806210839837,26.));
#7637=CARTESIAN_POINT('Ctrl Pts',(66.0143111308822,-7.76683730176882,26.));
#7638=CARTESIAN_POINT('Ctrl Pts',(66.0426481649317,-7.65870208336326,26.));
#7639=CARTESIAN_POINT('',(65.7316580739758,-8.22057711617921,25.5));
#7640=CARTESIAN_POINT('',(65.7316580739758,-8.22057711617921,26.));
#7641=CARTESIAN_POINT('Ctrl Pts',(65.7316580739758,-8.22057711617921,25.5));
#7642=CARTESIAN_POINT('Ctrl Pts',(65.8066135377782,-8.14121442641293,25.5));
#7643=CARTESIAN_POINT('Ctrl Pts',(65.9582886952208,-7.9806210839837,25.5));
#7644=CARTESIAN_POINT('Ctrl Pts',(66.0143111308822,-7.76683730176882,25.5));
#7645=CARTESIAN_POINT('Ctrl Pts',(66.0426481649317,-7.65870208336326,25.5));
#7646=CARTESIAN_POINT('Ctrl Pts',(65.1052558416528,-8.43968062435032,26.));
#7647=CARTESIAN_POINT('Ctrl Pts',(65.1052558416528,-8.43968062435032,25.5));
#7648=CARTESIAN_POINT('Ctrl Pts',(65.2244409815378,-8.43250444810215,26.));
#7649=CARTESIAN_POINT('Ctrl Pts',(65.2244409815378,-8.43250444810215,25.5));
#7650=CARTESIAN_POINT('Ctrl Pts',(65.454411041581,-8.41865787558256,26.));
#7651=CARTESIAN_POINT('Ctrl Pts',(65.454411041581,-8.41865787558256,25.5));
#7652=CARTESIAN_POINT('Ctrl Pts',(65.6415206082524,-8.28497635431335,26.));
#7653=CARTESIAN_POINT('Ctrl Pts',(65.6415206082524,-8.28497635431335,25.5));
#7654=CARTESIAN_POINT('Ctrl Pts',(65.7316580739758,-8.22057711617921,26.));
#7655=CARTESIAN_POINT('Ctrl Pts',(65.7316580739758,-8.22057711617921,25.5));
#7656=CARTESIAN_POINT('',(65.1052558416528,-8.43968062435032,26.));
#7657=CARTESIAN_POINT('Ctrl Pts',(65.1052558416528,-8.43968062435032,26.));
#7658=CARTESIAN_POINT('Ctrl Pts',(65.2244409815378,-8.43250444810215,26.));
#7659=CARTESIAN_POINT('Ctrl Pts',(65.454411041581,-8.41865787558256,26.));
#7660=CARTESIAN_POINT('Ctrl Pts',(65.6415206082524,-8.28497635431335,26.));
#7661=CARTESIAN_POINT('Ctrl Pts',(65.7316580739758,-8.22057711617921,26.));
#7662=CARTESIAN_POINT('',(65.1052558416528,-8.43968062435032,25.5));
#7663=CARTESIAN_POINT('',(65.1052558416528,-8.43968062435032,26.));
#7664=CARTESIAN_POINT('Ctrl Pts',(65.1052558416528,-8.43968062435032,25.5));
#7665=CARTESIAN_POINT('Ctrl Pts',(65.2244409815378,-8.43250444810215,25.5));
#7666=CARTESIAN_POINT('Ctrl Pts',(65.454411041581,-8.41865787558256,25.5));
#7667=CARTESIAN_POINT('Ctrl Pts',(65.6415206082524,-8.28497635431335,25.5));
#7668=CARTESIAN_POINT('Ctrl Pts',(65.7316580739758,-8.22057711617921,25.5));
#7669=CARTESIAN_POINT('Ctrl Pts',(64.5662314835702,-8.2780060866795,26.));
#7670=CARTESIAN_POINT('Ctrl Pts',(64.5662314835702,-8.2780060866795,25.5));
#7671=CARTESIAN_POINT('Ctrl Pts',(64.6476760047764,-8.32473171477785,26.));
#7672=CARTESIAN_POINT('Ctrl Pts',(64.6476760047764,-8.32473171477785,25.5));
#7673=CARTESIAN_POINT('Ctrl Pts',(64.8146168452649,-8.42050753261757,26.));
#7674=CARTESIAN_POINT('Ctrl Pts',(64.8146168452649,-8.42050753261757,25.5));
#7675=CARTESIAN_POINT('Ctrl Pts',(65.0068211878418,-8.43318701313279,26.));
#7676=CARTESIAN_POINT('Ctrl Pts',(65.0068211878418,-8.43318701313279,25.5));
#7677=CARTESIAN_POINT('Ctrl Pts',(65.1052558416528,-8.43968062435032,26.));
#7678=CARTESIAN_POINT('Ctrl Pts',(65.1052558416528,-8.43968062435032,25.5));
#7679=CARTESIAN_POINT('',(64.5662314835702,-8.2780060866795,26.));
#7680=CARTESIAN_POINT('Ctrl Pts',(64.5662314835702,-8.2780060866795,26.));
#7681=CARTESIAN_POINT('Ctrl Pts',(64.6476760047764,-8.32473171477785,26.));
#7682=CARTESIAN_POINT('Ctrl Pts',(64.8146168452649,-8.42050753261757,26.));
#7683=CARTESIAN_POINT('Ctrl Pts',(65.0068211878418,-8.43318701313279,26.));
#7684=CARTESIAN_POINT('Ctrl Pts',(65.1052558416528,-8.43968062435032,26.));
#7685=CARTESIAN_POINT('',(64.5662314835702,-8.2780060866795,25.5));
#7686=CARTESIAN_POINT('',(64.5662314835702,-8.2780060866795,26.));
#7687=CARTESIAN_POINT('Ctrl Pts',(64.5662314835702,-8.2780060866795,25.5));
#7688=CARTESIAN_POINT('Ctrl Pts',(64.6476760047764,-8.32473171477785,25.5));
#7689=CARTESIAN_POINT('Ctrl Pts',(64.8146168452649,-8.42050753261757,25.5));
#7690=CARTESIAN_POINT('Ctrl Pts',(65.0068211878418,-8.43318701313279,25.5));
#7691=CARTESIAN_POINT('Ctrl Pts',(65.1052558416528,-8.43968062435032,25.5));
#7692=CARTESIAN_POINT('Ctrl Pts',(64.2276813749684,-7.83801982888029,26.));
#7693=CARTESIAN_POINT('Ctrl Pts',(64.2276813749684,-7.83801982888029,25.5));
#7694=CARTESIAN_POINT('Ctrl Pts',(64.2679429473998,-7.92588085304784,26.));
#7695=CARTESIAN_POINT('Ctrl Pts',(64.2679429473998,-7.92588085304784,25.5));
#7696=CARTESIAN_POINT('Ctrl Pts',(64.3470966298844,-8.09861438504257,26.));
#7697=CARTESIAN_POINT('Ctrl Pts',(64.3470966298844,-8.09861438504257,25.5));
#7698=CARTESIAN_POINT('Ctrl Pts',(64.494033934951,-8.21890256716638,26.));
#7699=CARTESIAN_POINT('Ctrl Pts',(64.494033934951,-8.21890256716638,25.5));
#7700=CARTESIAN_POINT('Ctrl Pts',(64.5662314835702,-8.2780060866795,26.));
#7701=CARTESIAN_POINT('Ctrl Pts',(64.5662314835702,-8.2780060866795,25.5));
#7702=CARTESIAN_POINT('',(64.2276813749684,-7.83801982888029,26.));
#7703=CARTESIAN_POINT('Ctrl Pts',(64.2276813749684,-7.83801982888029,26.));
#7704=CARTESIAN_POINT('Ctrl Pts',(64.2679429473998,-7.92588085304784,26.));
#7705=CARTESIAN_POINT('Ctrl Pts',(64.3470966298844,-8.09861438504257,26.));
#7706=CARTESIAN_POINT('Ctrl Pts',(64.494033934951,-8.21890256716638,26.));
#7707=CARTESIAN_POINT('Ctrl Pts',(64.5662314835702,-8.2780060866795,26.));
#7708=CARTESIAN_POINT('',(64.2276813749684,-7.83801982888029,25.5));
#7709=CARTESIAN_POINT('',(64.2276813749684,-7.83801982888029,26.));
#7710=CARTESIAN_POINT('Ctrl Pts',(64.2276813749684,-7.83801982888029,25.5));
#7711=CARTESIAN_POINT('Ctrl Pts',(64.2679429473998,-7.92588085304784,25.5));
#7712=CARTESIAN_POINT('Ctrl Pts',(64.3470966298844,-8.09861438504257,25.5));
#7713=CARTESIAN_POINT('Ctrl Pts',(64.494033934951,-8.21890256716638,25.5));
#7714=CARTESIAN_POINT('Ctrl Pts',(64.5662314835702,-8.2780060866795,25.5));
#7715=CARTESIAN_POINT('Ctrl Pts',(64.1249390876685,-6.72917358137077,26.));
#7716=CARTESIAN_POINT('Ctrl Pts',(64.1249390876685,-6.72917358137077,25.5));
#7717=CARTESIAN_POINT('Ctrl Pts',(64.1217870812623,-6.9609309786878,26.));
#7718=CARTESIAN_POINT('Ctrl Pts',(64.1217870812623,-6.9609309786878,25.5));
#7719=CARTESIAN_POINT('Ctrl Pts',(64.1167005806204,-7.33492582459903,26.));
#7720=CARTESIAN_POINT('Ctrl Pts',(64.1167005806204,-7.33492582459903,25.5));
#7721=CARTESIAN_POINT('Ctrl Pts',(64.1971028443359,-7.69940237248778,26.));
#7722=CARTESIAN_POINT('Ctrl Pts',(64.1971028443359,-7.69940237248778,25.5));
#7723=CARTESIAN_POINT('Ctrl Pts',(64.2276813749684,-7.83801982888029,26.));
#7724=CARTESIAN_POINT('Ctrl Pts',(64.2276813749684,-7.83801982888029,25.5));
#7725=CARTESIAN_POINT('',(64.1249390876685,-6.72917358137077,26.));
#7726=CARTESIAN_POINT('Ctrl Pts',(64.1249390876685,-6.72917358137077,26.));
#7727=CARTESIAN_POINT('Ctrl Pts',(64.1217870812623,-6.9609309786878,26.));
#7728=CARTESIAN_POINT('Ctrl Pts',(64.1167005806204,-7.33492582459903,26.));
#7729=CARTESIAN_POINT('Ctrl Pts',(64.1971028443359,-7.69940237248778,26.));
#7730=CARTESIAN_POINT('Ctrl Pts',(64.2276813749684,-7.83801982888029,26.));
#7731=CARTESIAN_POINT('',(64.1249390876685,-6.72917358137077,25.5));
#7732=CARTESIAN_POINT('',(64.1249390876685,-6.72917358137077,26.));
#7733=CARTESIAN_POINT('Ctrl Pts',(64.1249390876685,-6.72917358137077,25.5));
#7734=CARTESIAN_POINT('Ctrl Pts',(64.1217870812623,-6.9609309786878,25.5));
#7735=CARTESIAN_POINT('Ctrl Pts',(64.1167005806204,-7.33492582459903,25.5));
#7736=CARTESIAN_POINT('Ctrl Pts',(64.1971028443359,-7.69940237248778,25.5));
#7737=CARTESIAN_POINT('Ctrl Pts',(64.2276813749684,-7.83801982888029,25.5));
#7738=CARTESIAN_POINT('Origin',(64.1292224301144,-5.96193547678006,26.));
#7739=CARTESIAN_POINT('',(64.1292224301144,-5.96193547678006,26.));
#7740=CARTESIAN_POINT('',(64.1456434031278,-3.02058853355785,26.));
#7741=CARTESIAN_POINT('',(64.1292224301144,-5.96193547678006,25.5));
#7742=CARTESIAN_POINT('',(64.1292224301144,-5.96193547678006,26.));
#7743=CARTESIAN_POINT('',(64.1292224301144,-5.96193547678006,25.5));
#7744=CARTESIAN_POINT('Origin',(66.0994214719424,-5.97293471825729,26.));
#7745=CARTESIAN_POINT('',(66.0994214719424,-5.97293471825729,26.));
#7746=CARTESIAN_POINT('',(44.5832897629578,-5.85281430235079,26.));
#7747=CARTESIAN_POINT('',(66.0994214719424,-5.97293471825729,25.5));
#7748=CARTESIAN_POINT('',(66.0994214719424,-5.97293471825729,26.));
#7749=CARTESIAN_POINT('',(66.0994214719424,-5.97293471825729,25.5));
#7750=CARTESIAN_POINT('Origin',(66.0956405112808,-6.65018551669131,26.));
#7751=CARTESIAN_POINT('',(66.1139519646249,-3.37021317425212,26.));
#7752=CARTESIAN_POINT('',(66.0956405112808,-6.65018551669131,25.5));
#7753=CARTESIAN_POINT('Origin',(62.9499438373261,-5.95535179171291,26.));
#7754=CARTESIAN_POINT('',(62.9499438373261,-5.95535179171291,26.));
#7755=CARTESIAN_POINT('',(60.3309053003347,-5.94073020440374,26.));
#7756=CARTESIAN_POINT('',(43.0085509456497,-5.8440228390786,26.));
#7757=CARTESIAN_POINT('',(62.9499438373261,-5.95535179171291,25.5));
#7758=CARTESIAN_POINT('',(62.9499438373261,-5.95535179171291,26.));
#7759=CARTESIAN_POINT('',(60.3309053003347,-5.94073020440374,25.5));
#7760=CARTESIAN_POINT('',(62.9499438373261,-5.95535179171291,25.5));
#7761=CARTESIAN_POINT('',(60.3309053003347,-5.94073020440374,26.));
#7762=CARTESIAN_POINT('Origin',(62.9448408501609,-6.86940576937295,26.));
#7763=CARTESIAN_POINT('',(62.9448408501609,-6.86940576937295,26.));
#7764=CARTESIAN_POINT('',(62.9638133167569,-3.47103183732073,26.));
#7765=CARTESIAN_POINT('',(62.9448408501609,-6.86940576937295,25.5));
#7766=CARTESIAN_POINT('',(62.9448408501609,-6.86940576937295,26.));
#7767=CARTESIAN_POINT('',(62.9448408501609,-6.86940576937295,25.5));
#7768=CARTESIAN_POINT('Ctrl Pts',(63.036180770073,-8.32392929744531,26.));
#7769=CARTESIAN_POINT('Ctrl Pts',(63.036180770073,-8.32392929744531,25.5));
#7770=CARTESIAN_POINT('Ctrl Pts',(63.0084792449238,-8.1192347439558,26.));
#7771=CARTESIAN_POINT('Ctrl Pts',(63.0084792449238,-8.1192347439558,25.5));
#7772=CARTESIAN_POINT('Ctrl Pts',(62.9431939647636,-7.63682299226292,26.));
#7773=CARTESIAN_POINT('Ctrl Pts',(62.9431939647636,-7.63682299226292,25.5));
#7774=CARTESIAN_POINT('Ctrl Pts',(62.9442391517275,-7.14978577729542,26.));
#7775=CARTESIAN_POINT('Ctrl Pts',(62.9442391517275,-7.14978577729542,25.5));
#7776=CARTESIAN_POINT('Ctrl Pts',(62.9448408501609,-6.86940576937295,26.));
#7777=CARTESIAN_POINT('Ctrl Pts',(62.9448408501609,-6.86940576937295,25.5));
#7778=CARTESIAN_POINT('',(63.036180770073,-8.32392929744531,26.));
#7779=CARTESIAN_POINT('Ctrl Pts',(63.036180770073,-8.32392929744531,26.));
#7780=CARTESIAN_POINT('Ctrl Pts',(63.0084792449238,-8.1192347439558,26.));
#7781=CARTESIAN_POINT('Ctrl Pts',(62.9431939647636,-7.63682299226292,26.));
#7782=CARTESIAN_POINT('Ctrl Pts',(62.9442391517275,-7.14978577729542,26.));
#7783=CARTESIAN_POINT('Ctrl Pts',(62.9448408501609,-6.86940576937295,26.));
#7784=CARTESIAN_POINT('',(63.036180770073,-8.32392929744531,25.5));
#7785=CARTESIAN_POINT('',(63.036180770073,-8.32392929744531,26.));
#7786=CARTESIAN_POINT('Ctrl Pts',(63.036180770073,-8.32392929744531,25.5));
#7787=CARTESIAN_POINT('Ctrl Pts',(63.0084792449238,-8.1192347439558,25.5));
#7788=CARTESIAN_POINT('Ctrl Pts',(62.9431939647636,-7.63682299226292,25.5));
#7789=CARTESIAN_POINT('Ctrl Pts',(62.9442391517275,-7.14978577729542,25.5));
#7790=CARTESIAN_POINT('Ctrl Pts',(62.9448408501609,-6.86940576937295,25.5));
#7791=CARTESIAN_POINT('Ctrl Pts',(63.3612788840421,-9.05275582344899,26.));
#7792=CARTESIAN_POINT('Ctrl Pts',(63.3612788840421,-9.05275582344899,25.5));
#7793=CARTESIAN_POINT('Ctrl Pts',(63.286600998033,-8.93505610665989,26.));
#7794=CARTESIAN_POINT('Ctrl Pts',(63.286600998033,-8.93505610665989,25.5));
#7795=CARTESIAN_POINT('Ctrl Pts',(63.1424806506499,-8.7079082188842,26.));
#7796=CARTESIAN_POINT('Ctrl Pts',(63.1424806506499,-8.7079082188842,25.5));
#7797=CARTESIAN_POINT('Ctrl Pts',(63.0707454276273,-8.44878456403227,26.));
#7798=CARTESIAN_POINT('Ctrl Pts',(63.0707454276273,-8.44878456403227,25.5));
#7799=CARTESIAN_POINT('Ctrl Pts',(63.036180770073,-8.32392929744531,26.));
#7800=CARTESIAN_POINT('Ctrl Pts',(63.036180770073,-8.32392929744531,25.5));
#7801=CARTESIAN_POINT('',(63.3612788840421,-9.05275582344899,26.));
#7802=CARTESIAN_POINT('Ctrl Pts',(63.3612788840421,-9.05275582344899,26.));
#7803=CARTESIAN_POINT('Ctrl Pts',(63.286600998033,-8.93505610665989,26.));
#7804=CARTESIAN_POINT('Ctrl Pts',(63.1424806506499,-8.7079082188842,26.));
#7805=CARTESIAN_POINT('Ctrl Pts',(63.0707454276273,-8.44878456403227,26.));
#7806=CARTESIAN_POINT('Ctrl Pts',(63.036180770073,-8.32392929744531,26.));
#7807=CARTESIAN_POINT('',(63.3612788840421,-9.05275582344899,25.5));
#7808=CARTESIAN_POINT('',(63.3612788840421,-9.05275582344899,26.));
#7809=CARTESIAN_POINT('Ctrl Pts',(63.3612788840421,-9.05275582344899,25.5));
#7810=CARTESIAN_POINT('Ctrl Pts',(63.286600998033,-8.93505610665989,25.5));
#7811=CARTESIAN_POINT('Ctrl Pts',(63.1424806506499,-8.7079082188842,25.5));
#7812=CARTESIAN_POINT('Ctrl Pts',(63.0707454276273,-8.44878456403227,25.5));
#7813=CARTESIAN_POINT('Ctrl Pts',(63.036180770073,-8.32392929744531,25.5));
#7814=CARTESIAN_POINT('Ctrl Pts',(64.0423467817962,-9.6462145762453,26.));
#7815=CARTESIAN_POINT('Ctrl Pts',(64.0423467817962,-9.6462145762453,25.5));
#7816=CARTESIAN_POINT('Ctrl Pts',(63.906812796579,-9.56493438589323,26.));
#7817=CARTESIAN_POINT('Ctrl Pts',(63.906812796579,-9.56493438589323,25.5));
#7818=CARTESIAN_POINT('Ctrl Pts',(63.6443104408234,-9.4075108333466,26.));
#7819=CARTESIAN_POINT('Ctrl Pts',(63.6443104408234,-9.4075108333466,25.5));
#7820=CARTESIAN_POINT('Ctrl Pts',(63.4535478355945,-9.16840678899306,26.));
#7821=CARTESIAN_POINT('Ctrl Pts',(63.4535478355945,-9.16840678899306,25.5));
#7822=CARTESIAN_POINT('Ctrl Pts',(63.3612788840421,-9.05275582344899,26.));
#7823=CARTESIAN_POINT('Ctrl Pts',(63.3612788840421,-9.05275582344899,25.5));
#7824=CARTESIAN_POINT('',(64.0423467817962,-9.6462145762453,26.));
#7825=CARTESIAN_POINT('Ctrl Pts',(64.0423467817962,-9.6462145762453,26.));
#7826=CARTESIAN_POINT('Ctrl Pts',(63.906812796579,-9.56493438589323,26.));
#7827=CARTESIAN_POINT('Ctrl Pts',(63.6443104408234,-9.4075108333466,26.));
#7828=CARTESIAN_POINT('Ctrl Pts',(63.4535478355945,-9.16840678899306,26.));
#7829=CARTESIAN_POINT('Ctrl Pts',(63.3612788840421,-9.05275582344899,26.));
#7830=CARTESIAN_POINT('',(64.0423467817962,-9.6462145762453,25.5));
#7831=CARTESIAN_POINT('',(64.0423467817962,-9.6462145762453,26.));
#7832=CARTESIAN_POINT('Ctrl Pts',(64.0423467817962,-9.6462145762453,25.5));
#7833=CARTESIAN_POINT('Ctrl Pts',(63.906812796579,-9.56493438589323,25.5));
#7834=CARTESIAN_POINT('Ctrl Pts',(63.6443104408234,-9.4075108333466,25.5));
#7835=CARTESIAN_POINT('Ctrl Pts',(63.4535478355945,-9.16840678899306,25.5));
#7836=CARTESIAN_POINT('Ctrl Pts',(63.3612788840421,-9.05275582344899,25.5));
#7837=CARTESIAN_POINT('Ctrl Pts',(65.1161359303742,-9.88428482715472,26.));
#7838=CARTESIAN_POINT('Ctrl Pts',(65.1161359303742,-9.88428482715472,25.5));
#7839=CARTESIAN_POINT('Ctrl Pts',(64.9172039674515,-9.87638610114,26.));
#7840=CARTESIAN_POINT('Ctrl Pts',(64.9172039674515,-9.87638610114,25.5));
#7841=CARTESIAN_POINT('Ctrl Pts',(64.5443998474674,-9.86158366538437,26.));
#7842=CARTESIAN_POINT('Ctrl Pts',(64.5443998474674,-9.86158366538437,25.5));
#7843=CARTESIAN_POINT('Ctrl Pts',(64.2020263822341,-9.71471341123283,26.));
#7844=CARTESIAN_POINT('Ctrl Pts',(64.2020263822341,-9.71471341123283,25.5));
#7845=CARTESIAN_POINT('Ctrl Pts',(64.0423467817962,-9.6462145762453,26.));
#7846=CARTESIAN_POINT('Ctrl Pts',(64.0423467817962,-9.6462145762453,25.5));
#7847=CARTESIAN_POINT('',(65.1161359303742,-9.88428482715472,26.));
#7848=CARTESIAN_POINT('Ctrl Pts',(65.1161359303742,-9.88428482715472,26.));
#7849=CARTESIAN_POINT('Ctrl Pts',(64.9172039674515,-9.87638610114,26.));
#7850=CARTESIAN_POINT('Ctrl Pts',(64.5443998474674,-9.86158366538437,26.));
#7851=CARTESIAN_POINT('Ctrl Pts',(64.2020263822341,-9.71471341123283,26.));
#7852=CARTESIAN_POINT('Ctrl Pts',(64.0423467817962,-9.6462145762453,26.));
#7853=CARTESIAN_POINT('',(65.1161359303742,-9.88428482715472,25.5));
#7854=CARTESIAN_POINT('',(65.1161359303742,-9.88428482715472,26.));
#7855=CARTESIAN_POINT('Ctrl Pts',(65.1161359303742,-9.88428482715472,25.5));
#7856=CARTESIAN_POINT('Ctrl Pts',(64.9172039674515,-9.87638610114,25.5));
#7857=CARTESIAN_POINT('Ctrl Pts',(64.5443998474674,-9.86158366538437,25.5));
#7858=CARTESIAN_POINT('Ctrl Pts',(64.2020263822341,-9.71471341123283,25.5));
#7859=CARTESIAN_POINT('Ctrl Pts',(64.0423467817962,-9.6462145762453,25.5));
#7860=CARTESIAN_POINT('Ctrl Pts',(66.4705270652688,-9.48926531898565,26.));
#7861=CARTESIAN_POINT('Ctrl Pts',(66.4705270652688,-9.48926531898565,25.5));
#7862=CARTESIAN_POINT('Ctrl Pts',(66.2751176450728,-9.60547607804816,26.));
#7863=CARTESIAN_POINT('Ctrl Pts',(66.2751176450728,-9.60547607804816,25.5));
#7864=CARTESIAN_POINT('Ctrl Pts',(65.8587683346716,-9.85308066818692,26.));
#7865=CARTESIAN_POINT('Ctrl Pts',(65.8587683346716,-9.85308066818692,25.5));
#7866=CARTESIAN_POINT('Ctrl Pts',(65.3735969413441,-9.87346675044838,26.));
#7867=CARTESIAN_POINT('Ctrl Pts',(65.3735969413441,-9.87346675044838,25.5));
#7868=CARTESIAN_POINT('Ctrl Pts',(65.1161359303742,-9.88428482715472,26.));
#7869=CARTESIAN_POINT('Ctrl Pts',(65.1161359303742,-9.88428482715472,25.5));
#7870=CARTESIAN_POINT('',(66.4705270652688,-9.48926531898565,26.));
#7871=CARTESIAN_POINT('Ctrl Pts',(66.4705270652688,-9.48926531898565,26.));
#7872=CARTESIAN_POINT('Ctrl Pts',(66.2751176450728,-9.60547607804816,26.));
#7873=CARTESIAN_POINT('Ctrl Pts',(65.8587683346716,-9.85308066818692,26.));
#7874=CARTESIAN_POINT('Ctrl Pts',(65.3735969413441,-9.87346675044838,26.));
#7875=CARTESIAN_POINT('Ctrl Pts',(65.1161359303742,-9.88428482715472,26.));
#7876=CARTESIAN_POINT('',(66.4705270652688,-9.48926531898565,25.5));
#7877=CARTESIAN_POINT('',(66.4705270652688,-9.48926531898565,26.));
#7878=CARTESIAN_POINT('Ctrl Pts',(66.4705270652688,-9.48926531898565,25.5));
#7879=CARTESIAN_POINT('Ctrl Pts',(66.2751176450728,-9.60547607804816,25.5));
#7880=CARTESIAN_POINT('Ctrl Pts',(65.8587683346716,-9.85308066818692,25.5));
#7881=CARTESIAN_POINT('Ctrl Pts',(65.3735969413441,-9.87346675044838,25.5));
#7882=CARTESIAN_POINT('Ctrl Pts',(65.1161359303742,-9.88428482715472,25.5));
#7883=CARTESIAN_POINT('Ctrl Pts',(67.1557302184796,-8.49375316536986,26.));
#7884=CARTESIAN_POINT('Ctrl Pts',(67.1557302184796,-8.49375316536986,25.5));
#7885=CARTESIAN_POINT('Ctrl Pts',(67.0857083669201,-8.68537768262022,26.));
#7886=CARTESIAN_POINT('Ctrl Pts',(67.0857083669201,-8.68537768262022,25.5));
#7887=CARTESIAN_POINT('Ctrl Pts',(66.9430348011529,-9.07582370133642,26.));
#7888=CARTESIAN_POINT('Ctrl Pts',(66.9430348011529,-9.07582370133642,25.5));
#7889=CARTESIAN_POINT('Ctrl Pts',(66.6299532923816,-9.34976826480542,26.));
#7890=CARTESIAN_POINT('Ctrl Pts',(66.6299532923816,-9.34976826480542,25.5));
#7891=CARTESIAN_POINT('Ctrl Pts',(66.4705270652688,-9.48926531898565,26.));
#7892=CARTESIAN_POINT('Ctrl Pts',(66.4705270652688,-9.48926531898565,25.5));
#7893=CARTESIAN_POINT('',(67.1557302184796,-8.49375316536986,26.));
#7894=CARTESIAN_POINT('Ctrl Pts',(67.1557302184796,-8.49375316536986,26.));
#7895=CARTESIAN_POINT('Ctrl Pts',(67.0857083669201,-8.68537768262022,26.));
#7896=CARTESIAN_POINT('Ctrl Pts',(66.9430348011529,-9.07582370133642,26.));
#7897=CARTESIAN_POINT('Ctrl Pts',(66.6299532923816,-9.34976826480542,26.));
#7898=CARTESIAN_POINT('Ctrl Pts',(66.4705270652688,-9.48926531898565,26.));
#7899=CARTESIAN_POINT('',(67.1557302184796,-8.49375316536986,25.5));
#7900=CARTESIAN_POINT('',(67.1557302184796,-8.49375316536986,26.));
#7901=CARTESIAN_POINT('Ctrl Pts',(67.1557302184796,-8.49375316536986,25.5));
#7902=CARTESIAN_POINT('Ctrl Pts',(67.0857083669201,-8.68537768262022,25.5));
#7903=CARTESIAN_POINT('Ctrl Pts',(66.9430348011529,-9.07582370133642,25.5));
#7904=CARTESIAN_POINT('Ctrl Pts',(66.6299532923816,-9.34976826480542,25.5));
#7905=CARTESIAN_POINT('Ctrl Pts',(66.4705270652688,-9.48926531898565,25.5));
#7906=CARTESIAN_POINT('Ctrl Pts',(67.2692305014779,-6.82724753156165,26.));
#7907=CARTESIAN_POINT('Ctrl Pts',(67.2692305014779,-6.82724753156165,25.5));
#7908=CARTESIAN_POINT('Ctrl Pts',(67.269947116386,-7.18017414649581,26.));
#7909=CARTESIAN_POINT('Ctrl Pts',(67.269947116386,-7.18017414649581,25.5));
#7910=CARTESIAN_POINT('Ctrl Pts',(67.2710815234369,-7.73885976120759,26.));
#7911=CARTESIAN_POINT('Ctrl Pts',(67.2710815234369,-7.73885976120759,25.5));
#7912=CARTESIAN_POINT('Ctrl Pts',(67.1867783397969,-8.29056498294948,26.));
#7913=CARTESIAN_POINT('Ctrl Pts',(67.1867783397969,-8.29056498294948,25.5));
#7914=CARTESIAN_POINT('Ctrl Pts',(67.1557302184796,-8.49375316536986,26.));
#7915=CARTESIAN_POINT('Ctrl Pts',(67.1557302184796,-8.49375316536986,25.5));
#7916=CARTESIAN_POINT('',(67.2692305014779,-6.82724753156165,26.));
#7917=CARTESIAN_POINT('Ctrl Pts',(67.2692305014779,-6.82724753156165,26.));
#7918=CARTESIAN_POINT('Ctrl Pts',(67.269947116386,-7.18017414649581,26.));
#7919=CARTESIAN_POINT('Ctrl Pts',(67.2710815234369,-7.73885976120759,26.));
#7920=CARTESIAN_POINT('Ctrl Pts',(67.1867783397969,-8.29056498294948,26.));
#7921=CARTESIAN_POINT('Ctrl Pts',(67.1557302184796,-8.49375316536986,26.));
#7922=CARTESIAN_POINT('',(67.2692305014779,-6.82724753156165,25.5));
#7923=CARTESIAN_POINT('',(67.2692305014779,-6.82724753156165,26.));
#7924=CARTESIAN_POINT('Ctrl Pts',(67.2692305014779,-6.82724753156165,25.5));
#7925=CARTESIAN_POINT('Ctrl Pts',(67.269947116386,-7.18017414649581,25.5));
#7926=CARTESIAN_POINT('Ctrl Pts',(67.2710815234369,-7.73885976120759,25.5));
#7927=CARTESIAN_POINT('Ctrl Pts',(67.1867783397969,-8.29056498294948,25.5));
#7928=CARTESIAN_POINT('Ctrl Pts',(67.1557302184796,-8.49375316536986,25.5));
#7929=CARTESIAN_POINT('Origin',(67.2817897532632,-4.57761732891445,26.));
#7930=CARTESIAN_POINT('',(67.2817897532632,-4.57761732891445,26.));
#7931=CARTESIAN_POINT('',(67.294297528358,-2.33720770083539,26.));
#7932=CARTESIAN_POINT('',(67.2817897532632,-4.57761732891445,25.5));
#7933=CARTESIAN_POINT('',(67.2817897532632,-4.57761732891445,26.));
#7934=CARTESIAN_POINT('',(67.2817897532632,-4.57761732891445,25.5));
#7935=CARTESIAN_POINT('Origin',(60.3387316961719,-4.53885557411758,26.));
#7936=CARTESIAN_POINT('',(60.3387316961719,-4.53885557411758,26.));
#7937=CARTESIAN_POINT('',(41.7068580729911,-4.43483741513785,26.));
#7938=CARTESIAN_POINT('',(60.3387316961719,-4.53885557411758,25.5));
#7939=CARTESIAN_POINT('',(60.3387316961719,-4.53885557411758,26.));
#7940=CARTESIAN_POINT('',(60.3387316961719,-4.53885557411758,25.5));
#7941=CARTESIAN_POINT('Origin',(60.3309053003347,-5.94073020440373,26.));
#7942=CARTESIAN_POINT('',(60.3473262733481,-2.9993832611816,26.));
#7943=CARTESIAN_POINT('',(60.3309053003347,-5.94073020440373,25.5));
#7944=CARTESIAN_POINT('Origin',(63.8572324896564,0.0820795049944145,25.5));
#7945=CARTESIAN_POINT('Origin',(65.6137731272076,-13.2175649985749,26.));
#7946=CARTESIAN_POINT('',(65.6137731272076,-13.2175649985749,26.));
#7947=CARTESIAN_POINT('',(63.0425936372818,-12.2654384932594,26.));
#7948=CARTESIAN_POINT('',(44.7436946272138,-5.48922281720773,26.));
#7949=CARTESIAN_POINT('',(65.6137731272076,-13.2175649985749,25.5));
#7950=CARTESIAN_POINT('',(65.6137731272076,-13.2175649985749,26.));
#7951=CARTESIAN_POINT('',(63.0425936372818,-12.2654384932594,25.5));
#7952=CARTESIAN_POINT('',(65.6137731272076,-13.2175649985749,25.5));
#7953=CARTESIAN_POINT('',(63.0425936372818,-12.2654384932594,26.));
#7954=CARTESIAN_POINT('Origin',(63.0320174252521,-14.1598639270675,26.));
#7955=CARTESIAN_POINT('',(63.0320174252521,-14.1598639270675,26.));
#7956=CARTESIAN_POINT('',(47.7175334377042,-19.7494020235474,26.));
#7957=CARTESIAN_POINT('',(63.0320174252521,-14.1598639270675,25.5));
#7958=CARTESIAN_POINT('',(63.0320174252521,-14.1598639270675,26.));
#7959=CARTESIAN_POINT('',(63.0320174252521,-14.1598639270675,25.5));
#7960=CARTESIAN_POINT('Origin',(63.0425936372818,-12.2654384932594,26.));
#7961=CARTESIAN_POINT('',(63.0766266163913,-6.16940514668618,26.));
#7962=CARTESIAN_POINT('',(63.0425936372818,-12.2654384932594,25.5));
#7963=CARTESIAN_POINT('Origin',(67.2375495160562,-12.5019885808655,26.));
#7964=CARTESIAN_POINT('',(67.2375495160562,-12.5019885808655,26.));
#7965=CARTESIAN_POINT('',(67.2292736333374,-13.9843759106248,26.));
#7966=CARTESIAN_POINT('',(67.2721774097545,-6.29939332681098,26.));
#7967=CARTESIAN_POINT('',(67.2375495160562,-12.5019885808655,25.5));
#7968=CARTESIAN_POINT('',(67.2375495160562,-12.5019885808655,26.));
#7969=CARTESIAN_POINT('',(67.2292736333374,-13.9843759106248,25.5));
#7970=CARTESIAN_POINT('',(67.2375495160562,-12.5019885808655,25.5));
#7971=CARTESIAN_POINT('',(67.2292736333374,-13.9843759106248,26.));
#7972=CARTESIAN_POINT('Origin',(60.309588973952,-9.75893947833666,26.));
#7973=CARTESIAN_POINT('',(60.309588973952,-9.75893947833667,26.));
#7974=CARTESIAN_POINT('',(42.5303379574222,-2.7194423206761,26.));
#7975=CARTESIAN_POINT('',(60.309588973952,-9.75893947833667,25.5));
#7976=CARTESIAN_POINT('',(60.309588973952,-9.75893947833667,26.));
#7977=CARTESIAN_POINT('',(60.309588973952,-9.75893947833666,25.5));
#7978=CARTESIAN_POINT('Origin',(60.301286657092,-11.2460617272891,26.));
#7979=CARTESIAN_POINT('',(60.301286657092,-11.2460617272891,26.));
#7980=CARTESIAN_POINT('',(60.3325169517267,-5.65204902262423,26.));
#7981=CARTESIAN_POINT('',(60.301286657092,-11.2460617272891,25.5));
#7982=CARTESIAN_POINT('',(60.301286657092,-11.2460617272891,26.));
#7983=CARTESIAN_POINT('',(60.301286657092,-11.2460617272891,25.5));
#7984=CARTESIAN_POINT('Origin',(61.8751939289412,-11.8279299122907,26.));
#7985=CARTESIAN_POINT('',(61.8751939289412,-11.8279299122907,26.));
#7986=CARTESIAN_POINT('',(42.8709175023281,-4.80211331597305,26.));
#7987=CARTESIAN_POINT('',(61.8751939289412,-11.8279299122907,25.5));
#7988=CARTESIAN_POINT('',(61.8751939289412,-11.8279299122907,26.));
#7989=CARTESIAN_POINT('',(61.8751939289412,-11.8279299122907,25.5));
#7990=CARTESIAN_POINT('Origin',(61.8596997953548,-14.6032601211094,26.));
#7991=CARTESIAN_POINT('',(61.8596997953548,-14.6032601211094,26.));
#7992=CARTESIAN_POINT('',(61.9002768083197,-7.33505056053768,26.));
#7993=CARTESIAN_POINT('',(61.8596997953548,-14.6032601211094,25.5));
#7994=CARTESIAN_POINT('',(61.8596997953548,-14.6032601211094,26.));
#7995=CARTESIAN_POINT('',(61.8596997953548,-14.6032601211094,25.5));
#7996=CARTESIAN_POINT('Origin',(60.2792088517487,-15.2006681447474,26.));
#7997=CARTESIAN_POINT('',(60.2792088517487,-15.2006681447474,26.));
#7998=CARTESIAN_POINT('',(46.5520688766464,-20.3893746007413,26.));
#7999=CARTESIAN_POINT('',(60.2792088517487,-15.2006681447474,25.5));
#8000=CARTESIAN_POINT('',(60.2792088517487,-15.2006681447474,26.));
#8001=CARTESIAN_POINT('',(60.2792088517487,-15.2006681447474,25.5));
#8002=CARTESIAN_POINT('Origin',(60.2706950351391,-16.7256745155425,26.));
#8003=CARTESIAN_POINT('',(60.2706950351391,-16.7256745155425,26.));
#8004=CARTESIAN_POINT('',(60.3172211407502,-8.39185541675096,26.));
#8005=CARTESIAN_POINT('',(60.2706950351391,-16.7256745155425,25.5));
#8006=CARTESIAN_POINT('',(60.2706950351391,-16.7256745155425,26.));
#8007=CARTESIAN_POINT('',(60.2706950351391,-16.7256745155425,25.5));
#8008=CARTESIAN_POINT('Origin',(67.2292736333374,-13.9843759106248,26.));
#8009=CARTESIAN_POINT('',(50.5389412531417,-20.559452159859,26.));
#8010=CARTESIAN_POINT('',(67.2292736333374,-13.9843759106248,25.5));
#8011=CARTESIAN_POINT('Origin',(63.8572324896564,0.0820795049944145,25.5));
#8012=CARTESIAN_POINT('Origin',(62.4659736931986,0.674247728824398,26.));
#8013=CARTESIAN_POINT('',(62.4659736931986,0.674247728824398,26.));
#8014=CARTESIAN_POINT('',(60.3679008392227,0.685960865146039,26.));
#8015=CARTESIAN_POINT('',(42.7850636430299,0.784122455964942,26.));
#8016=CARTESIAN_POINT('',(62.4659736931986,0.674247728824398,25.5));
#8017=CARTESIAN_POINT('',(62.4659736931986,0.674247728824398,26.));
#8018=CARTESIAN_POINT('',(60.3679008392227,0.685960865146039,25.5));
#8019=CARTESIAN_POINT('',(62.4659736931986,0.674247728824398,25.5));
#8020=CARTESIAN_POINT('',(60.3679008392227,0.685960865146039,26.));
#8021=CARTESIAN_POINT('Origin',(63.6199615336343,-0.468882589036616,26.));
#8022=CARTESIAN_POINT('',(63.6199615336343,-0.468882589036616,26.));
#8023=CARTESIAN_POINT('',(53.2394990486245,9.81391326395426,26.));
#8024=CARTESIAN_POINT('',(63.6199615336343,-0.468882589036616,25.5));
#8025=CARTESIAN_POINT('',(63.6199615336343,-0.468882589036616,26.));
#8026=CARTESIAN_POINT('',(63.6199615336343,-0.468882589036617,25.5));
#8027=CARTESIAN_POINT('Origin',(60.3508996002137,-2.35932410969683,26.));
#8028=CARTESIAN_POINT('',(60.3508996002137,-2.35932410969682,26.));
#8029=CARTESIAN_POINT('',(46.9368133145431,-10.1164563368055,26.));
#8030=CARTESIAN_POINT('',(60.3508996002137,-2.35932410969682,25.5));
#8031=CARTESIAN_POINT('',(60.3508996002137,-2.35932410969682,26.));
#8032=CARTESIAN_POINT('',(60.3508996002137,-2.35932410969683,25.5));
#8033=CARTESIAN_POINT('Origin',(60.3407729016862,-4.17323207573465,26.));
#8034=CARTESIAN_POINT('',(60.3407729016862,-4.17323207573466,26.));
#8035=CARTESIAN_POINT('',(60.3522600740238,-2.1156341968471,26.));
#8036=CARTESIAN_POINT('',(60.3407729016862,-4.17323207573466,25.5));
#8037=CARTESIAN_POINT('',(60.3407729016862,-4.17323207573466,26.));
#8038=CARTESIAN_POINT('',(60.3407729016862,-4.17323207573465,25.5));
#8039=CARTESIAN_POINT('Origin',(64.5949313720994,-1.44051293261679,26.));
#8040=CARTESIAN_POINT('',(64.5949313720994,-1.44051293261679,26.));
#8041=CARTESIAN_POINT('',(50.2694562453772,-10.6426854387224,26.));
#8042=CARTESIAN_POINT('',(64.5949313720994,-1.44051293261679,25.5));
#8043=CARTESIAN_POINT('',(64.5949313720994,-1.44051293261679,26.));
#8044=CARTESIAN_POINT('',(64.5949313720994,-1.44051293261679,25.5));
#8045=CARTESIAN_POINT('Origin',(67.2846241693556,-4.06991287665537,26.));
#8046=CARTESIAN_POINT('',(67.2846241693556,-4.06991287665537,26.));
#8047=CARTESIAN_POINT('',(54.933372895572,8.00446953654141,26.));
#8048=CARTESIAN_POINT('',(67.2846241693556,-4.06991287665537,25.5));
#8049=CARTESIAN_POINT('',(67.2846241693556,-4.06991287665537,26.));
#8050=CARTESIAN_POINT('',(67.2846241693556,-4.06991287665537,25.5));
#8051=CARTESIAN_POINT('Origin',(67.2951474864825,-2.18496204953083,26.));
#8052=CARTESIAN_POINT('',(67.2951474864825,-2.18496204953082,26.));
#8053=CARTESIAN_POINT('',(67.3009763949676,-1.1408800611436,26.));
#8054=CARTESIAN_POINT('',(67.2951474864825,-2.18496204953082,25.5));
#8055=CARTESIAN_POINT('',(67.2951474864825,-2.18496204953082,26.));
#8056=CARTESIAN_POINT('',(67.2951474864825,-2.18496204953083,25.5));
#8057=CARTESIAN_POINT('Origin',(64.2277862234055,0.664411869073208,26.));
#8058=CARTESIAN_POINT('',(64.2277862234055,0.664411869073206,26.));
#8059=CARTESIAN_POINT('',(53.3174956372634,10.7993437451312,26.));
#8060=CARTESIAN_POINT('',(64.2277862234055,0.664411869073206,25.5));
#8061=CARTESIAN_POINT('',(64.2277862234055,0.664411869073206,26.));
#8062=CARTESIAN_POINT('',(64.2277862234055,0.664411869073209,25.5));
#8063=CARTESIAN_POINT('Origin',(67.310958896314,0.64719911034917,26.));
#8064=CARTESIAN_POINT('',(67.310958896314,0.647199110349169,26.));
#8065=CARTESIAN_POINT('',(45.2075562445876,0.770598146727327,26.));
#8066=CARTESIAN_POINT('',(67.310958896314,0.647199110349169,25.5));
#8067=CARTESIAN_POINT('',(67.310958896314,0.647199110349169,26.));
#8068=CARTESIAN_POINT('',(67.310958896314,0.64719911034917,25.5));
#8069=CARTESIAN_POINT('Origin',(67.3187852788409,2.04907135648669,26.));
#8070=CARTESIAN_POINT('',(67.3187852788409,2.04907135648669,26.));
#8071=CARTESIAN_POINT('',(67.3127952911468,0.976136641865169,26.));
#8072=CARTESIAN_POINT('',(67.3187852788409,2.04907135648669,25.5));
#8073=CARTESIAN_POINT('',(67.3187852788409,2.04907135648669,26.));
#8074=CARTESIAN_POINT('',(67.3187852788409,2.04907135648669,25.5));
#8075=CARTESIAN_POINT('Origin',(60.3757272217496,2.08783311128355,26.));
#8076=CARTESIAN_POINT('',(60.3757272217496,2.08783311128355,26.));
#8077=CARTESIAN_POINT('',(41.7438535985689,2.19185127026328,26.));
#8078=CARTESIAN_POINT('',(60.3757272217496,2.08783311128355,25.5));
#8079=CARTESIAN_POINT('',(60.3757272217496,2.08783311128355,26.));
#8080=CARTESIAN_POINT('',(60.3757272217496,2.08783311128355,25.5));
#8081=CARTESIAN_POINT('Origin',(60.3679008392227,0.685960865146039,26.));
#8082=CARTESIAN_POINT('',(60.3658240427921,0.313962273593282,26.));
#8083=CARTESIAN_POINT('',(60.3679008392227,0.685960865146038,25.5));
#8084=CARTESIAN_POINT('Origin',(63.8572324896564,0.0820795049944145,25.5));
#8085=CARTESIAN_POINT('Ctrl Pts',(61.479534887489,6.37835523118885,26.));
#8086=CARTESIAN_POINT('Ctrl Pts',(61.479534887489,6.37835523118885,25.5));
#8087=CARTESIAN_POINT('Ctrl Pts',(61.492669049401,6.19926439551642,26.));
#8088=CARTESIAN_POINT('Ctrl Pts',(61.492669049401,6.19926439551642,25.5));
#8089=CARTESIAN_POINT('Ctrl Pts',(61.5186497490322,5.84500462321408,26.));
#8090=CARTESIAN_POINT('Ctrl Pts',(61.5186497490322,5.84500462321408,25.5));
#8091=CARTESIAN_POINT('Ctrl Pts',(61.72656493,5.55724118551108,26.));
#8092=CARTESIAN_POINT('Ctrl Pts',(61.72656493,5.55724118551108,25.5));
#8093=CARTESIAN_POINT('Ctrl Pts',(61.8293716385423,5.4149523361286,26.));
#8094=CARTESIAN_POINT('Ctrl Pts',(61.8293716385423,5.4149523361286,25.5));
#8095=CARTESIAN_POINT('',(61.479534887489,6.37835523118885,26.));
#8096=CARTESIAN_POINT('',(61.8293716385423,5.4149523361286,26.));
#8097=CARTESIAN_POINT('Ctrl Pts',(61.479534887489,6.37835523118885,26.));
#8098=CARTESIAN_POINT('Ctrl Pts',(61.492669049401,6.19926439551642,26.));
#8099=CARTESIAN_POINT('Ctrl Pts',(61.5186497490322,5.84500462321408,26.));
#8100=CARTESIAN_POINT('Ctrl Pts',(61.72656493,5.55724118551108,26.));
#8101=CARTESIAN_POINT('Ctrl Pts',(61.8293716385423,5.4149523361286,26.));
#8102=CARTESIAN_POINT('',(61.479534887489,6.37835523118885,25.5));
#8103=CARTESIAN_POINT('',(61.479534887489,6.37835523118885,26.));
#8104=CARTESIAN_POINT('',(61.8293716385423,5.4149523361286,25.5));
#8105=CARTESIAN_POINT('Ctrl Pts',(61.479534887489,6.37835523118885,25.5));
#8106=CARTESIAN_POINT('Ctrl Pts',(61.492669049401,6.19926439551642,25.5));
#8107=CARTESIAN_POINT('Ctrl Pts',(61.5186497490322,5.84500462321408,25.5));
#8108=CARTESIAN_POINT('Ctrl Pts',(61.72656493,5.55724118551108,25.5));
#8109=CARTESIAN_POINT('Ctrl Pts',(61.8293716385423,5.4149523361286,25.5));
#8110=CARTESIAN_POINT('',(61.8293716385423,5.4149523361286,26.));
#8111=CARTESIAN_POINT('Ctrl Pts',(62.0452639878155,7.60660987848749,26.));
#8112=CARTESIAN_POINT('Ctrl Pts',(62.0452639878155,7.60660987848749,25.5));
#8113=CARTESIAN_POINT('Ctrl Pts',(61.8813151389472,7.43660046241817,26.));
#8114=CARTESIAN_POINT('Ctrl Pts',(61.8813151389472,7.43660046241817,25.5));
#8115=CARTESIAN_POINT('Ctrl Pts',(61.5501870538128,7.09323182771034,26.));
#8116=CARTESIAN_POINT('Ctrl Pts',(61.5501870538128,7.09323182771034,25.5));
#8117=CARTESIAN_POINT('Ctrl Pts',(61.5032382823606,6.61819221189998,26.));
#8118=CARTESIAN_POINT('Ctrl Pts',(61.5032382823606,6.61819221189998,25.5));
#8119=CARTESIAN_POINT('Ctrl Pts',(61.479534887489,6.37835523118885,26.));
#8120=CARTESIAN_POINT('Ctrl Pts',(61.479534887489,6.37835523118885,25.5));
#8121=CARTESIAN_POINT('',(62.0452639878155,7.60660987848749,26.));
#8122=CARTESIAN_POINT('Ctrl Pts',(62.0452639878155,7.60660987848749,26.));
#8123=CARTESIAN_POINT('Ctrl Pts',(61.8813151389472,7.43660046241817,26.));
#8124=CARTESIAN_POINT('Ctrl Pts',(61.5501870538128,7.09323182771034,26.));
#8125=CARTESIAN_POINT('Ctrl Pts',(61.5032382823606,6.61819221189998,26.));
#8126=CARTESIAN_POINT('Ctrl Pts',(61.479534887489,6.37835523118885,26.));
#8127=CARTESIAN_POINT('',(62.0452639878155,7.60660987848749,25.5));
#8128=CARTESIAN_POINT('',(62.0452639878155,7.60660987848749,26.));
#8129=CARTESIAN_POINT('Ctrl Pts',(62.0452639878155,7.60660987848749,25.5));
#8130=CARTESIAN_POINT('Ctrl Pts',(61.8813151389472,7.43660046241817,25.5));
#8131=CARTESIAN_POINT('Ctrl Pts',(61.5501870538128,7.09323182771034,25.5));
#8132=CARTESIAN_POINT('Ctrl Pts',(61.5032382823606,6.61819221189998,25.5));
#8133=CARTESIAN_POINT('Ctrl Pts',(61.479534887489,6.37835523118885,25.5));
#8134=CARTESIAN_POINT('Ctrl Pts',(63.9233866454125,8.0697458014052,26.));
#8135=CARTESIAN_POINT('Ctrl Pts',(63.9233866454125,8.0697458014052,25.5));
#8136=CARTESIAN_POINT('Ctrl Pts',(63.5376901291585,8.06783072675866,26.));
#8137=CARTESIAN_POINT('Ctrl Pts',(63.5376901291585,8.06783072675866,25.5));
#8138=CARTESIAN_POINT('Ctrl Pts',(62.8701106391818,8.06451603631702,26.));
#8139=CARTESIAN_POINT('Ctrl Pts',(62.8701106391818,8.06451603631702,25.5));
#8140=CARTESIAN_POINT('Ctrl Pts',(62.2901501585088,7.74255622117068,26.));
#8141=CARTESIAN_POINT('Ctrl Pts',(62.2901501585088,7.74255622117068,25.5));
#8142=CARTESIAN_POINT('Ctrl Pts',(62.0452639878155,7.60660987848749,26.));
#8143=CARTESIAN_POINT('Ctrl Pts',(62.0452639878155,7.60660987848749,25.5));
#8144=CARTESIAN_POINT('',(63.9233866454125,8.0697458014052,26.));
#8145=CARTESIAN_POINT('Ctrl Pts',(63.9233866454125,8.0697458014052,26.));
#8146=CARTESIAN_POINT('Ctrl Pts',(63.5376901291585,8.06783072675866,26.));
#8147=CARTESIAN_POINT('Ctrl Pts',(62.8701106391818,8.06451603631702,26.));
#8148=CARTESIAN_POINT('Ctrl Pts',(62.2901501585088,7.74255622117068,26.));
#8149=CARTESIAN_POINT('Ctrl Pts',(62.0452639878155,7.60660987848749,26.));
#8150=CARTESIAN_POINT('',(63.9233866454125,8.0697458014052,25.5));
#8151=CARTESIAN_POINT('',(63.9233866454125,8.0697458014052,26.));
#8152=CARTESIAN_POINT('Ctrl Pts',(63.9233866454125,8.0697458014052,25.5));
#8153=CARTESIAN_POINT('Ctrl Pts',(63.5376901291585,8.06783072675866,25.5));
#8154=CARTESIAN_POINT('Ctrl Pts',(62.8701106391818,8.06451603631702,25.5));
#8155=CARTESIAN_POINT('Ctrl Pts',(62.2901501585088,7.74255622117068,25.5));
#8156=CARTESIAN_POINT('Ctrl Pts',(62.0452639878155,7.60660987848749,25.5));
#8157=CARTESIAN_POINT('Ctrl Pts',(65.7156676409253,7.57901373801718,26.));
#8158=CARTESIAN_POINT('Ctrl Pts',(65.7156676409253,7.57901373801718,25.5));
#8159=CARTESIAN_POINT('Ctrl Pts',(65.4802086144774,7.71984441215766,26.));
#8160=CARTESIAN_POINT('Ctrl Pts',(65.4802086144774,7.71984441215766,25.5));
#8161=CARTESIAN_POINT('Ctrl Pts',(64.9321565247803,8.04764048954962,26.));
#8162=CARTESIAN_POINT('Ctrl Pts',(64.9321565247803,8.04764048954962,25.5));
#8163=CARTESIAN_POINT('Ctrl Pts',(64.289779769949,8.06171697893016,26.));
#8164=CARTESIAN_POINT('Ctrl Pts',(64.289779769949,8.06171697893016,25.5));
#8165=CARTESIAN_POINT('Ctrl Pts',(63.9233866454125,8.0697458014052,26.));
#8166=CARTESIAN_POINT('Ctrl Pts',(63.9233866454125,8.0697458014052,25.5));
#8167=CARTESIAN_POINT('',(65.7156676409253,7.57901373801718,26.));
#8168=CARTESIAN_POINT('Ctrl Pts',(65.7156676409253,7.57901373801718,26.));
#8169=CARTESIAN_POINT('Ctrl Pts',(65.4802086144774,7.71984441215766,26.));
#8170=CARTESIAN_POINT('Ctrl Pts',(64.9321565247803,8.04764048954962,26.));
#8171=CARTESIAN_POINT('Ctrl Pts',(64.289779769949,8.06171697893016,26.));
#8172=CARTESIAN_POINT('Ctrl Pts',(63.9233866454125,8.0697458014052,26.));
#8173=CARTESIAN_POINT('',(65.7156676409253,7.57901373801718,25.5));
#8174=CARTESIAN_POINT('',(65.7156676409253,7.57901373801718,26.));
#8175=CARTESIAN_POINT('Ctrl Pts',(65.7156676409253,7.57901373801718,25.5));
#8176=CARTESIAN_POINT('Ctrl Pts',(65.4802086144774,7.71984441215766,25.5));
#8177=CARTESIAN_POINT('Ctrl Pts',(64.9321565247803,8.04764048954962,25.5));
#8178=CARTESIAN_POINT('Ctrl Pts',(64.289779769949,8.06171697893016,25.5));
#8179=CARTESIAN_POINT('Ctrl Pts',(63.9233866454125,8.0697458014052,25.5));
#8180=CARTESIAN_POINT('Ctrl Pts',(66.2627925953865,6.32323367213273,26.));
#8181=CARTESIAN_POINT('Ctrl Pts',(66.2627925953865,6.32323367213273,25.5));
#8182=CARTESIAN_POINT('Ctrl Pts',(66.2424494077356,6.56733113903337,26.));
#8183=CARTESIAN_POINT('Ctrl Pts',(66.2424494077356,6.56733113903337,25.5));
#8184=CARTESIAN_POINT('Ctrl Pts',(66.2023503946995,7.0484783257624,26.));
#8185=CARTESIAN_POINT('Ctrl Pts',(66.2023503946995,7.0484783257624,25.5));
#8186=CARTESIAN_POINT('Ctrl Pts',(65.8763032679715,7.40390400183512,26.));
#8187=CARTESIAN_POINT('Ctrl Pts',(65.8763032679715,7.40390400183512,25.5));
#8188=CARTESIAN_POINT('Ctrl Pts',(65.7156676409253,7.57901373801718,26.));
#8189=CARTESIAN_POINT('Ctrl Pts',(65.7156676409253,7.57901373801718,25.5));
#8190=CARTESIAN_POINT('',(66.2627925953865,6.32323367213273,26.));
#8191=CARTESIAN_POINT('Ctrl Pts',(66.2627925953865,6.32323367213273,26.));
#8192=CARTESIAN_POINT('Ctrl Pts',(66.2424494077356,6.56733113903337,26.));
#8193=CARTESIAN_POINT('Ctrl Pts',(66.2023503946995,7.0484783257624,26.));
#8194=CARTESIAN_POINT('Ctrl Pts',(65.8763032679715,7.40390400183512,26.));
#8195=CARTESIAN_POINT('Ctrl Pts',(65.7156676409253,7.57901373801718,26.));
#8196=CARTESIAN_POINT('',(66.2627925953865,6.32323367213273,25.5));
#8197=CARTESIAN_POINT('',(66.2627925953865,6.32323367213273,26.));
#8198=CARTESIAN_POINT('Ctrl Pts',(66.2627925953865,6.32323367213273,25.5));
#8199=CARTESIAN_POINT('Ctrl Pts',(66.2424494077356,6.56733113903337,25.5));
#8200=CARTESIAN_POINT('Ctrl Pts',(66.2023503946995,7.0484783257624,25.5));
#8201=CARTESIAN_POINT('Ctrl Pts',(65.8763032679715,7.40390400183512,25.5));
#8202=CARTESIAN_POINT('Ctrl Pts',(65.7156676409253,7.57901373801718,25.5));
#8203=CARTESIAN_POINT('Ctrl Pts',(65.9449115048694,5.37539856822112,26.));
#8204=CARTESIAN_POINT('Ctrl Pts',(65.9449115048694,5.37539856822112,25.5));
#8205=CARTESIAN_POINT('Ctrl Pts',(66.0368386113208,5.51478698206319,26.));
#8206=CARTESIAN_POINT('Ctrl Pts',(66.0368386113208,5.51478698206319,25.5));
#8207=CARTESIAN_POINT('Ctrl Pts',(66.2263927536872,5.8022065720142,26.));
#8208=CARTESIAN_POINT('Ctrl Pts',(66.2263927536872,5.8022065720142,25.5));
#8209=CARTESIAN_POINT('Ctrl Pts',(66.2504184952656,6.1461108825392,26.));
#8210=CARTESIAN_POINT('Ctrl Pts',(66.2504184952656,6.1461108825392,25.5));
#8211=CARTESIAN_POINT('Ctrl Pts',(66.2627925953865,6.32323367213273,26.));
#8212=CARTESIAN_POINT('Ctrl Pts',(66.2627925953865,6.32323367213273,25.5));
#8213=CARTESIAN_POINT('',(65.9449115048694,5.37539856822112,26.));
#8214=CARTESIAN_POINT('Ctrl Pts',(65.9449115048694,5.37539856822112,26.));
#8215=CARTESIAN_POINT('Ctrl Pts',(66.0368386113208,5.51478698206319,26.));
#8216=CARTESIAN_POINT('Ctrl Pts',(66.2263927536872,5.8022065720142,26.));
#8217=CARTESIAN_POINT('Ctrl Pts',(66.2504184952656,6.1461108825392,26.));
#8218=CARTESIAN_POINT('Ctrl Pts',(66.2627925953865,6.32323367213273,26.));
#8219=CARTESIAN_POINT('',(65.9449115048694,5.37539856822112,25.5));
#8220=CARTESIAN_POINT('',(65.9449115048694,5.37539856822112,26.));
#8221=CARTESIAN_POINT('Ctrl Pts',(65.9449115048694,5.37539856822112,25.5));
#8222=CARTESIAN_POINT('Ctrl Pts',(66.0368386113208,5.51478698206319,25.5));
#8223=CARTESIAN_POINT('Ctrl Pts',(66.2263927536872,5.8022065720142,25.5));
#8224=CARTESIAN_POINT('Ctrl Pts',(66.2504184952656,6.1461108825392,25.5));
#8225=CARTESIAN_POINT('Ctrl Pts',(66.2627925953865,6.32323367213273,25.5));
#8226=CARTESIAN_POINT('Ctrl Pts',(65.0895528262144,4.86629753094288,26.));
#8227=CARTESIAN_POINT('Ctrl Pts',(65.0895528262144,4.86629753094288,25.5));
#8228=CARTESIAN_POINT('Ctrl Pts',(65.2587988956317,4.91566928281165,26.));
#8229=CARTESIAN_POINT('Ctrl Pts',(65.2587988956317,4.91566928281165,25.5));
#8230=CARTESIAN_POINT('Ctrl Pts',(65.5882084169285,5.01176324354389,26.));
#8231=CARTESIAN_POINT('Ctrl Pts',(65.5882084169285,5.01176324354389,25.5));
#8232=CARTESIAN_POINT('Ctrl Pts',(65.8282163419603,5.2564355289672,26.));
#8233=CARTESIAN_POINT('Ctrl Pts',(65.8282163419603,5.2564355289672,25.5));
#8234=CARTESIAN_POINT('Ctrl Pts',(65.9449115048694,5.37539856822112,26.));
#8235=CARTESIAN_POINT('Ctrl Pts',(65.9449115048694,5.37539856822112,25.5));
#8236=CARTESIAN_POINT('',(65.0895528262144,4.86629753094288,26.));
#8237=CARTESIAN_POINT('Ctrl Pts',(65.0895528262144,4.86629753094288,26.));
#8238=CARTESIAN_POINT('Ctrl Pts',(65.2587988956317,4.91566928281165,26.));
#8239=CARTESIAN_POINT('Ctrl Pts',(65.5882084169285,5.01176324354389,26.));
#8240=CARTESIAN_POINT('Ctrl Pts',(65.8282163419603,5.2564355289672,26.));
#8241=CARTESIAN_POINT('Ctrl Pts',(65.9449115048694,5.37539856822112,26.));
#8242=CARTESIAN_POINT('',(65.0895528262144,4.86629753094288,25.5));
#8243=CARTESIAN_POINT('',(65.0895528262144,4.86629753094288,26.));
#8244=CARTESIAN_POINT('Ctrl Pts',(65.0895528262144,4.86629753094288,25.5));
#8245=CARTESIAN_POINT('Ctrl Pts',(65.2587988956317,4.91566928281165,25.5));
#8246=CARTESIAN_POINT('Ctrl Pts',(65.5882084169285,5.01176324354389,25.5));
#8247=CARTESIAN_POINT('Ctrl Pts',(65.8282163419603,5.2564355289672,25.5));
#8248=CARTESIAN_POINT('Ctrl Pts',(65.9449115048694,5.37539856822112,25.5));
#8249=CARTESIAN_POINT('Origin',(65.4133293758856,3.47678159408691,26.));
#8250=CARTESIAN_POINT('',(65.4133293758856,3.47678159408691,26.));
#8251=CARTESIAN_POINT('',(64.6914082656072,6.57497041876612,26.));
#8252=CARTESIAN_POINT('',(65.4133293758856,3.47678159408691,25.5));
#8253=CARTESIAN_POINT('',(65.4133293758856,3.47678159408691,26.));
#8254=CARTESIAN_POINT('',(65.4133293758856,3.47678159408691,25.5));
#8255=CARTESIAN_POINT('Ctrl Pts',(66.6960305966909,4.18005219995864,26.));
#8256=CARTESIAN_POINT('Ctrl Pts',(66.6960305966909,4.18005219995864,25.5));
#8257=CARTESIAN_POINT('Ctrl Pts',(66.5214417633672,4.03056637438167,26.));
#8258=CARTESIAN_POINT('Ctrl Pts',(66.5214417633672,4.03056637438167,25.5));
#8259=CARTESIAN_POINT('Ctrl Pts',(66.1438126069335,3.70723409054202,26.));
#8260=CARTESIAN_POINT('Ctrl Pts',(66.1438126069335,3.70723409054202,25.5));
#8261=CARTESIAN_POINT('Ctrl Pts',(65.668754461039,3.55736297642258,26.));
#8262=CARTESIAN_POINT('Ctrl Pts',(65.668754461039,3.55736297642258,25.5));
#8263=CARTESIAN_POINT('Ctrl Pts',(65.4133293758856,3.47678159408691,26.));
#8264=CARTESIAN_POINT('Ctrl Pts',(65.4133293758856,3.47678159408691,25.5));
#8265=CARTESIAN_POINT('',(66.6960305966909,4.18005219995864,26.));
#8266=CARTESIAN_POINT('Ctrl Pts',(66.6960305966909,4.18005219995864,26.));
#8267=CARTESIAN_POINT('Ctrl Pts',(66.5214417633672,4.03056637438167,26.));
#8268=CARTESIAN_POINT('Ctrl Pts',(66.1438126069335,3.70723409054202,26.));
#8269=CARTESIAN_POINT('Ctrl Pts',(65.668754461039,3.55736297642258,26.));
#8270=CARTESIAN_POINT('Ctrl Pts',(65.4133293758856,3.47678159408691,26.));
#8271=CARTESIAN_POINT('',(66.6960305966909,4.18005219995864,25.5));
#8272=CARTESIAN_POINT('',(66.6960305966909,4.18005219995864,26.));
#8273=CARTESIAN_POINT('Ctrl Pts',(66.6960305966909,4.18005219995864,25.5));
#8274=CARTESIAN_POINT('Ctrl Pts',(66.5214417633672,4.03056637438167,25.5));
#8275=CARTESIAN_POINT('Ctrl Pts',(66.1438126069335,3.70723409054202,25.5));
#8276=CARTESIAN_POINT('Ctrl Pts',(65.668754461039,3.55736297642258,25.5));
#8277=CARTESIAN_POINT('Ctrl Pts',(65.4133293758856,3.47678159408691,25.5));
#8278=CARTESIAN_POINT('Ctrl Pts',(67.4606178358813,6.24550375359751,26.));
#8279=CARTESIAN_POINT('Ctrl Pts',(67.4606178358813,6.24550375359751,25.5));
#8280=CARTESIAN_POINT('Ctrl Pts',(67.4326274145718,5.84703579685069,26.));
#8281=CARTESIAN_POINT('Ctrl Pts',(67.4326274145718,5.84703579685069,25.5));
#8282=CARTESIAN_POINT('Ctrl Pts',(67.3789006494647,5.08218863438554,26.));
#8283=CARTESIAN_POINT('Ctrl Pts',(67.3789006494647,5.08218863438554,25.5));
#8284=CARTESIAN_POINT('Ctrl Pts',(66.9171971064018,4.47223424202476,26.));
#8285=CARTESIAN_POINT('Ctrl Pts',(66.9171971064018,4.47223424202476,25.5));
#8286=CARTESIAN_POINT('Ctrl Pts',(66.6960305966909,4.18005219995864,26.));
#8287=CARTESIAN_POINT('Ctrl Pts',(66.6960305966909,4.18005219995864,25.5));
#8288=CARTESIAN_POINT('',(67.4606178358813,6.24550375359751,26.));
#8289=CARTESIAN_POINT('Ctrl Pts',(67.4606178358813,6.24550375359751,26.));
#8290=CARTESIAN_POINT('Ctrl Pts',(67.4326274145718,5.84703579685069,26.));
#8291=CARTESIAN_POINT('Ctrl Pts',(67.3789006494647,5.08218863438554,26.));
#8292=CARTESIAN_POINT('Ctrl Pts',(66.9171971064018,4.47223424202476,26.));
#8293=CARTESIAN_POINT('Ctrl Pts',(66.6960305966909,4.18005219995864,26.));
#8294=CARTESIAN_POINT('',(67.4606178358813,6.24550375359751,25.5));
#8295=CARTESIAN_POINT('',(67.4606178358813,6.24550375359751,26.));
#8296=CARTESIAN_POINT('Ctrl Pts',(67.4606178358813,6.24550375359751,25.5));
#8297=CARTESIAN_POINT('Ctrl Pts',(67.4326274145718,5.84703579685069,25.5));
#8298=CARTESIAN_POINT('Ctrl Pts',(67.3789006494647,5.08218863438554,25.5));
#8299=CARTESIAN_POINT('Ctrl Pts',(66.9171971064018,4.47223424202476,25.5));
#8300=CARTESIAN_POINT('Ctrl Pts',(66.6960305966909,4.18005219995864,25.5));
#8301=CARTESIAN_POINT('Ctrl Pts',(66.5147075516029,8.60467783385514,26.));
#8302=CARTESIAN_POINT('Ctrl Pts',(66.5147075516029,8.60467783385514,25.5));
#8303=CARTESIAN_POINT('Ctrl Pts',(66.7925252759839,8.27433612330281,26.));
#8304=CARTESIAN_POINT('Ctrl Pts',(66.7925252759839,8.27433612330281,25.5));
#8305=CARTESIAN_POINT('Ctrl Pts',(67.3653888709476,7.59316741711212,26.));
#8306=CARTESIAN_POINT('Ctrl Pts',(67.3653888709476,7.59316741711212,25.5));
#8307=CARTESIAN_POINT('Ctrl Pts',(67.4282447440106,6.7036420901854,26.));
#8308=CARTESIAN_POINT('Ctrl Pts',(67.4282447440106,6.7036420901854,25.5));
#8309=CARTESIAN_POINT('Ctrl Pts',(67.4606178358813,6.24550375359751,26.));
#8310=CARTESIAN_POINT('Ctrl Pts',(67.4606178358813,6.24550375359751,25.5));
#8311=CARTESIAN_POINT('',(66.5147075516029,8.60467783385514,26.));
#8312=CARTESIAN_POINT('Ctrl Pts',(66.5147075516029,8.60467783385514,26.));
#8313=CARTESIAN_POINT('Ctrl Pts',(66.7925252759839,8.27433612330281,26.));
#8314=CARTESIAN_POINT('Ctrl Pts',(67.3653888709476,7.59316741711212,26.));
#8315=CARTESIAN_POINT('Ctrl Pts',(67.4282447440106,6.7036420901854,26.));
#8316=CARTESIAN_POINT('Ctrl Pts',(67.4606178358813,6.24550375359751,26.));
#8317=CARTESIAN_POINT('',(66.5147075516029,8.60467783385514,25.5));
#8318=CARTESIAN_POINT('',(66.5147075516029,8.60467783385514,26.));
#8319=CARTESIAN_POINT('Ctrl Pts',(66.5147075516029,8.60467783385514,25.5));
#8320=CARTESIAN_POINT('Ctrl Pts',(66.7925252759839,8.27433612330281,25.5));
#8321=CARTESIAN_POINT('Ctrl Pts',(67.3653888709476,7.59316741711212,25.5));
#8322=CARTESIAN_POINT('Ctrl Pts',(67.4282447440106,6.7036420901854,25.5));
#8323=CARTESIAN_POINT('Ctrl Pts',(67.4606178358813,6.24550375359751,25.5));
#8324=CARTESIAN_POINT('Ctrl Pts',(63.8272577326403,9.51482354773886,26.));
#8325=CARTESIAN_POINT('Ctrl Pts',(63.8272577326403,9.51482354773886,25.5));
#8326=CARTESIAN_POINT('Ctrl Pts',(64.3579132382713,9.48746085732935,26.));
#8327=CARTESIAN_POINT('Ctrl Pts',(64.3579132382713,9.48746085732935,25.5));
#8328=CARTESIAN_POINT('Ctrl Pts',(65.3434808426257,9.43664110525024,26.));
#8329=CARTESIAN_POINT('Ctrl Pts',(65.3434808426257,9.43664110525024,25.5));
#8330=CARTESIAN_POINT('Ctrl Pts',(66.1448271575069,8.86741680688094,26.));
#8331=CARTESIAN_POINT('Ctrl Pts',(66.1448271575069,8.86741680688094,25.5));
#8332=CARTESIAN_POINT('Ctrl Pts',(66.5147075516029,8.60467783385514,26.));
#8333=CARTESIAN_POINT('Ctrl Pts',(66.5147075516029,8.60467783385514,25.5));
#8334=CARTESIAN_POINT('',(63.8272577326403,9.51482354773886,26.));
#8335=CARTESIAN_POINT('Ctrl Pts',(63.8272577326403,9.51482354773886,26.));
#8336=CARTESIAN_POINT('Ctrl Pts',(64.3579132382713,9.48746085732935,26.));
#8337=CARTESIAN_POINT('Ctrl Pts',(65.3434808426257,9.43664110525024,26.));
#8338=CARTESIAN_POINT('Ctrl Pts',(66.1448271575069,8.86741680688094,26.));
#8339=CARTESIAN_POINT('Ctrl Pts',(66.5147075516029,8.60467783385514,26.));
#8340=CARTESIAN_POINT('',(63.8272577326403,9.51482354773886,25.5));
#8341=CARTESIAN_POINT('',(63.8272577326403,9.51482354773886,26.));
#8342=CARTESIAN_POINT('Ctrl Pts',(63.8272577326403,9.51482354773886,25.5));
#8343=CARTESIAN_POINT('Ctrl Pts',(64.3579132382713,9.48746085732935,25.5));
#8344=CARTESIAN_POINT('Ctrl Pts',(65.3434808426257,9.43664110525024,25.5));
#8345=CARTESIAN_POINT('Ctrl Pts',(66.1448271575069,8.86741680688094,25.5));
#8346=CARTESIAN_POINT('Ctrl Pts',(66.5147075516029,8.60467783385514,25.5));
#8347=CARTESIAN_POINT('Ctrl Pts',(61.2387680349315,8.63886983818553,26.));
#8348=CARTESIAN_POINT('Ctrl Pts',(61.2387680349315,8.63886983818553,25.5));
#8349=CARTESIAN_POINT('Ctrl Pts',(61.5997740592089,8.89626635429622,26.));
#8350=CARTESIAN_POINT('Ctrl Pts',(61.5997740592089,8.89626635429622,25.5));
#8351=CARTESIAN_POINT('Ctrl Pts',(62.3715421181806,9.44653531455089,26.));
#8352=CARTESIAN_POINT('Ctrl Pts',(62.3715421181806,9.44653531455089,25.5));
#8353=CARTESIAN_POINT('Ctrl Pts',(63.3216023493782,9.49110304053129,26.));
#8354=CARTESIAN_POINT('Ctrl Pts',(63.3216023493782,9.49110304053129,25.5));
#8355=CARTESIAN_POINT('Ctrl Pts',(63.8272577326403,9.51482354773886,26.));
#8356=CARTESIAN_POINT('Ctrl Pts',(63.8272577326403,9.51482354773886,25.5));
#8357=CARTESIAN_POINT('',(61.2387680349315,8.63886983818553,26.));
#8358=CARTESIAN_POINT('Ctrl Pts',(61.2387680349315,8.63886983818553,26.));
#8359=CARTESIAN_POINT('Ctrl Pts',(61.5997740592089,8.89626635429622,26.));
#8360=CARTESIAN_POINT('Ctrl Pts',(62.3715421181806,9.44653531455089,26.));
#8361=CARTESIAN_POINT('Ctrl Pts',(63.3216023493782,9.49110304053129,26.));
#8362=CARTESIAN_POINT('Ctrl Pts',(63.8272577326403,9.51482354773886,26.));
#8363=CARTESIAN_POINT('',(61.2387680349315,8.63886983818553,25.5));
#8364=CARTESIAN_POINT('',(61.2387680349315,8.63886983818553,26.));
#8365=CARTESIAN_POINT('Ctrl Pts',(61.2387680349315,8.63886983818553,25.5));
#8366=CARTESIAN_POINT('Ctrl Pts',(61.5997740592089,8.89626635429622,25.5));
#8367=CARTESIAN_POINT('Ctrl Pts',(62.3715421181806,9.44653531455089,25.5));
#8368=CARTESIAN_POINT('Ctrl Pts',(63.3216023493782,9.49110304053129,25.5));
#8369=CARTESIAN_POINT('Ctrl Pts',(63.8272577326403,9.51482354773886,25.5));
#8370=CARTESIAN_POINT('Ctrl Pts',(60.2812331166239,6.37083515023677,26.));
#8371=CARTESIAN_POINT('Ctrl Pts',(60.2812331166239,6.37083515023677,25.5));
#8372=CARTESIAN_POINT('Ctrl Pts',(60.3201499745742,6.80832013613254,26.));
#8373=CARTESIAN_POINT('Ctrl Pts',(60.3201499745742,6.80832013613254,25.5));
#8374=CARTESIAN_POINT('Ctrl Pts',(60.3966153157271,7.66790748356352,26.));
#8375=CARTESIAN_POINT('Ctrl Pts',(60.3966153157271,7.66790748356352,25.5));
#8376=CARTESIAN_POINT('Ctrl Pts',(60.9614195869704,8.31910016227986,26.));
#8377=CARTESIAN_POINT('Ctrl Pts',(60.9614195869704,8.31910016227986,25.5));
#8378=CARTESIAN_POINT('Ctrl Pts',(61.2387680349315,8.63886983818553,26.));
#8379=CARTESIAN_POINT('Ctrl Pts',(61.2387680349315,8.63886983818553,25.5));
#8380=CARTESIAN_POINT('',(60.2812331166239,6.37083515023677,26.));
#8381=CARTESIAN_POINT('Ctrl Pts',(60.2812331166239,6.37083515023677,26.));
#8382=CARTESIAN_POINT('Ctrl Pts',(60.3201499745742,6.80832013613254,26.));
#8383=CARTESIAN_POINT('Ctrl Pts',(60.3966153157271,7.66790748356352,26.));
#8384=CARTESIAN_POINT('Ctrl Pts',(60.9614195869704,8.31910016227986,26.));
#8385=CARTESIAN_POINT('Ctrl Pts',(61.2387680349315,8.63886983818553,26.));
#8386=CARTESIAN_POINT('',(60.2812331166239,6.37083515023677,25.5));
#8387=CARTESIAN_POINT('',(60.2812331166239,6.37083515023677,26.));
#8388=CARTESIAN_POINT('Ctrl Pts',(60.2812331166239,6.37083515023677,25.5));
#8389=CARTESIAN_POINT('Ctrl Pts',(60.3201499745742,6.80832013613254,25.5));
#8390=CARTESIAN_POINT('Ctrl Pts',(60.3966153157271,7.66790748356352,25.5));
#8391=CARTESIAN_POINT('Ctrl Pts',(60.9614195869704,8.31910016227986,25.5));
#8392=CARTESIAN_POINT('Ctrl Pts',(61.2387680349315,8.63886983818553,25.5));
#8393=CARTESIAN_POINT('Ctrl Pts',(60.8226849625023,4.52306274083404,26.));
#8394=CARTESIAN_POINT('Ctrl Pts',(60.8226849625023,4.52306274083404,25.5));
#8395=CARTESIAN_POINT('Ctrl Pts',(60.6633829562973,4.79178383386424,26.));
#8396=CARTESIAN_POINT('Ctrl Pts',(60.6633829562973,4.79178383386424,25.5));
#8397=CARTESIAN_POINT('Ctrl Pts',(60.3263663309375,5.36028562548332,26.));
#8398=CARTESIAN_POINT('Ctrl Pts',(60.3263663309375,5.36028562548332,25.5));
#8399=CARTESIAN_POINT('Ctrl Pts',(60.2968156795215,6.02193574721333,26.));
#8400=CARTESIAN_POINT('Ctrl Pts',(60.2968156795215,6.02193574721333,25.5));
#8401=CARTESIAN_POINT('Ctrl Pts',(60.2812331166239,6.37083515023677,26.));
#8402=CARTESIAN_POINT('Ctrl Pts',(60.2812331166239,6.37083515023677,25.5));
#8403=CARTESIAN_POINT('',(60.8226849625023,4.52306274083404,26.));
#8404=CARTESIAN_POINT('Ctrl Pts',(60.8226849625023,4.52306274083404,26.));
#8405=CARTESIAN_POINT('Ctrl Pts',(60.6633829562973,4.79178383386424,26.));
#8406=CARTESIAN_POINT('Ctrl Pts',(60.3263663309375,5.36028562548332,26.));
#8407=CARTESIAN_POINT('Ctrl Pts',(60.2968156795215,6.02193574721333,26.));
#8408=CARTESIAN_POINT('Ctrl Pts',(60.2812331166239,6.37083515023677,26.));
#8409=CARTESIAN_POINT('',(60.8226849625023,4.52306274083404,25.5));
#8410=CARTESIAN_POINT('',(60.8226849625023,4.52306274083404,26.));
#8411=CARTESIAN_POINT('Ctrl Pts',(60.8226849625023,4.52306274083404,25.5));
#8412=CARTESIAN_POINT('Ctrl Pts',(60.6633829562973,4.79178383386424,25.5));
#8413=CARTESIAN_POINT('Ctrl Pts',(60.3263663309375,5.36028562548332,25.5));
#8414=CARTESIAN_POINT('Ctrl Pts',(60.2968156795215,6.02193574721333,25.5));
#8415=CARTESIAN_POINT('Ctrl Pts',(60.2812331166239,6.37083515023677,25.5));
#8416=CARTESIAN_POINT('Ctrl Pts',(62.5052852685778,3.47407160826133,26.));
#8417=CARTESIAN_POINT('Ctrl Pts',(62.5052852685778,3.47407160826133,25.5));
#8418=CARTESIAN_POINT('Ctrl Pts',(62.1589185900204,3.588062609087,26.));
#8419=CARTESIAN_POINT('Ctrl Pts',(62.1589185900204,3.588062609087,25.5));
#8420=CARTESIAN_POINT('Ctrl Pts',(61.510834032628,3.80135046814012,26.));
#8421=CARTESIAN_POINT('Ctrl Pts',(61.510834032628,3.80135046814012,25.5));
#8422=CARTESIAN_POINT('Ctrl Pts',(61.0412850311496,4.29380085674016,26.));
#8423=CARTESIAN_POINT('Ctrl Pts',(61.0412850311496,4.29380085674016,25.5));
#8424=CARTESIAN_POINT('Ctrl Pts',(60.8226849625023,4.52306274083404,26.));
#8425=CARTESIAN_POINT('Ctrl Pts',(60.8226849625023,4.52306274083404,25.5));
#8426=CARTESIAN_POINT('',(62.5052852685778,3.47407160826133,26.));
#8427=CARTESIAN_POINT('Ctrl Pts',(62.5052852685778,3.47407160826133,26.));
#8428=CARTESIAN_POINT('Ctrl Pts',(62.1589185900204,3.588062609087,26.));
#8429=CARTESIAN_POINT('Ctrl Pts',(61.510834032628,3.80135046814012,26.));
#8430=CARTESIAN_POINT('Ctrl Pts',(61.0412850311496,4.29380085674016,26.));
#8431=CARTESIAN_POINT('Ctrl Pts',(60.8226849625023,4.52306274083404,26.));
#8432=CARTESIAN_POINT('',(62.5052852685778,3.47407160826133,25.5));
#8433=CARTESIAN_POINT('',(62.5052852685778,3.47407160826133,26.));
#8434=CARTESIAN_POINT('Ctrl Pts',(62.5052852685778,3.47407160826133,25.5));
#8435=CARTESIAN_POINT('Ctrl Pts',(62.1589185900204,3.588062609087,25.5));
#8436=CARTESIAN_POINT('Ctrl Pts',(61.510834032628,3.80135046814012,25.5));
#8437=CARTESIAN_POINT('Ctrl Pts',(61.0412850311496,4.29380085674016,25.5));
#8438=CARTESIAN_POINT('Ctrl Pts',(60.8226849625023,4.52306274083404,25.5));
#8439=CARTESIAN_POINT('Origin',(62.9438550476379,4.83091395922482,26.));
#8440=CARTESIAN_POINT('',(62.9438550476379,4.83091395922482,26.));
#8441=CARTESIAN_POINT('',(60.3744249993636,-3.11836041806603,26.));
#8442=CARTESIAN_POINT('',(62.9438550476379,4.83091395922482,25.5));
#8443=CARTESIAN_POINT('',(62.9438550476379,4.83091395922482,26.));
#8444=CARTESIAN_POINT('',(62.9438550476379,4.83091395922482,25.5));
#8445=CARTESIAN_POINT('Ctrl Pts',(61.8293716385423,5.4149523361286,26.));
#8446=CARTESIAN_POINT('Ctrl Pts',(61.8293716385423,5.4149523361286,25.5));
#8447=CARTESIAN_POINT('Ctrl Pts',(61.9747312676799,5.28720498617669,26.));
#8448=CARTESIAN_POINT('Ctrl Pts',(61.9747312676799,5.28720498617669,25.5));
#8449=CARTESIAN_POINT('Ctrl Pts',(62.2977108828828,5.00335870660481,26.));
#8450=CARTESIAN_POINT('Ctrl Pts',(62.2977108828828,5.00335870660481,25.5));
#8451=CARTESIAN_POINT('Ctrl Pts',(62.7145937432956,4.89209985220011,26.));
#8452=CARTESIAN_POINT('Ctrl Pts',(62.7145937432956,4.89209985220011,25.5));
#8453=CARTESIAN_POINT('Ctrl Pts',(62.9438550476379,4.83091395922482,26.));
#8454=CARTESIAN_POINT('Ctrl Pts',(62.9438550476379,4.83091395922482,25.5));
#8455=CARTESIAN_POINT('Ctrl Pts',(61.8293716385423,5.4149523361286,26.));
#8456=CARTESIAN_POINT('Ctrl Pts',(61.9747312676799,5.28720498617669,26.));
#8457=CARTESIAN_POINT('Ctrl Pts',(62.2977108828828,5.00335870660481,26.));
#8458=CARTESIAN_POINT('Ctrl Pts',(62.7145937432956,4.89209985220011,26.));
#8459=CARTESIAN_POINT('Ctrl Pts',(62.9438550476379,4.83091395922482,26.));
#8460=CARTESIAN_POINT('Ctrl Pts',(61.8293716385423,5.4149523361286,25.5));
#8461=CARTESIAN_POINT('Ctrl Pts',(61.9747312676799,5.28720498617669,25.5));
#8462=CARTESIAN_POINT('Ctrl Pts',(62.2977108828828,5.00335870660481,25.5));
#8463=CARTESIAN_POINT('Ctrl Pts',(62.7145937432956,4.89209985220011,25.5));
#8464=CARTESIAN_POINT('Ctrl Pts',(62.9438550476379,4.83091395922482,25.5));
#8465=CARTESIAN_POINT('Origin',(63.8572324896564,0.0820795049944145,25.5));
#8466=CARTESIAN_POINT('Origin',(63.5210711415414,21.6904694653109,26.));
#8467=CARTESIAN_POINT('',(63.5210711415414,21.6904694653109,26.));
#8468=CARTESIAN_POINT('',(60.4852595813079,21.7074178160721,26.));
#8469=CARTESIAN_POINT('',(43.3712917382439,21.8029617996712,26.));
#8470=CARTESIAN_POINT('',(63.5210711415414,21.6904694653109,25.5));
#8471=CARTESIAN_POINT('',(63.5210711415414,21.6904694653109,26.));
#8472=CARTESIAN_POINT('',(60.4852595813079,21.7074178160721,25.5));
#8473=CARTESIAN_POINT('',(63.5210711415414,21.6904694653109,25.5));
#8474=CARTESIAN_POINT('',(60.4852595813079,21.7074178160721,26.));
#8475=CARTESIAN_POINT('Origin',(63.5057356593879,18.9435571161715,26.));
#8476=CARTESIAN_POINT('',(63.5057356593879,18.9435571161715,26.));
#8477=CARTESIAN_POINT('',(63.4526472329914,9.43428622372537,26.));
#8478=CARTESIAN_POINT('',(63.5057356593879,18.9435571161715,25.5));
#8479=CARTESIAN_POINT('',(63.5057356593879,18.9435571161715,26.));
#8480=CARTESIAN_POINT('',(63.5057356593879,18.9435571161715,25.5));
#8481=CARTESIAN_POINT('Origin',(60.4699240991543,18.9605054669327,26.));
#8482=CARTESIAN_POINT('',(60.4699240991543,18.9605054669327,26.));
#8483=CARTESIAN_POINT('',(41.8380504759736,19.0645236259124,26.));
#8484=CARTESIAN_POINT('',(60.4699240991543,18.9605054669327,25.5));
#8485=CARTESIAN_POINT('',(60.4699240991543,18.9605054669327,26.));
#8486=CARTESIAN_POINT('',(60.4699240991543,18.9605054669327,25.5));
#8487=CARTESIAN_POINT('Origin',(60.4620977166274,17.5586332207952,26.));
#8488=CARTESIAN_POINT('',(60.4620977166274,17.5586332207952,26.));
#8489=CARTESIAN_POINT('',(60.4129224814944,8.75029845141785,26.));
#8490=CARTESIAN_POINT('',(60.4620977166274,17.5586332207952,25.5));
#8491=CARTESIAN_POINT('',(60.4620977166274,17.5586332207952,26.));
#8492=CARTESIAN_POINT('',(60.4620977166274,17.5586332207952,25.5));
#8493=CARTESIAN_POINT('Origin',(67.4051557737187,17.5198714659983,26.));
#8494=CARTESIAN_POINT('',(67.4051557737187,17.5198714659983,26.));
#8495=CARTESIAN_POINT('',(45.3017531219923,17.6432705023765,26.));
#8496=CARTESIAN_POINT('',(67.4051557737187,17.5198714659983,25.5));
#8497=CARTESIAN_POINT('',(67.4051557737187,17.5198714659983,26.));
#8498=CARTESIAN_POINT('',(67.4051557737187,17.5198714659983,25.5));
#8499=CARTESIAN_POINT('Origin',(67.4129821562456,18.9217437121358,26.));
#8500=CARTESIAN_POINT('',(67.4129821562456,18.9217437121358,26.));
#8501=CARTESIAN_POINT('',(67.3598937298492,9.41247281968974,26.));
#8502=CARTESIAN_POINT('',(67.4129821562456,18.9217437121358,25.5));
#8503=CARTESIAN_POINT('',(67.4129821562456,18.9217437121358,26.));
#8504=CARTESIAN_POINT('',(67.4129821562456,18.9217437121358,25.5));
#8505=CARTESIAN_POINT('Origin',(64.6802781409087,18.9369998719006,26.));
#8506=CARTESIAN_POINT('',(64.6802781409087,18.9369998719006,26.));
#8507=CARTESIAN_POINT('',(43.9432274968508,19.0527708283964,26.));
#8508=CARTESIAN_POINT('',(64.6802781409087,18.9369998719006,25.5));
#8509=CARTESIAN_POINT('',(64.6802781409087,18.9369998719006,26.));
#8510=CARTESIAN_POINT('',(64.6802781409087,18.9369998719006,25.5));
#8511=CARTESIAN_POINT('Origin',(64.6956136230622,21.68391222104,26.));
#8512=CARTESIAN_POINT('',(64.6956136230622,21.68391222104,26.));
#8513=CARTESIAN_POINT('',(64.634857455589,10.8011851540242,26.));
#8514=CARTESIAN_POINT('',(64.6956136230622,21.68391222104,25.5));
#8515=CARTESIAN_POINT('',(64.6956136230622,21.68391222104,26.));
#8516=CARTESIAN_POINT('',(64.6956136230622,21.68391222104,25.5));
#8517=CARTESIAN_POINT('Origin',(67.4283176383992,21.6686560612753,26.));
#8518=CARTESIAN_POINT('',(67.4283176383992,21.6686560612753,26.));
#8519=CARTESIAN_POINT('',(45.3249149866728,21.7920550976534,26.));
#8520=CARTESIAN_POINT('',(67.4283176383992,21.6686560612753,25.5));
#8521=CARTESIAN_POINT('',(67.4283176383992,21.6686560612753,26.));
#8522=CARTESIAN_POINT('',(67.4283176383992,21.6686560612753,25.5));
#8523=CARTESIAN_POINT('Origin',(67.4361440209261,23.0705283074128,26.));
#8524=CARTESIAN_POINT('',(67.4361440209261,23.0705283074128,26.));
#8525=CARTESIAN_POINT('',(67.3714746621894,11.4868651173282,26.));
#8526=CARTESIAN_POINT('',(67.4361440209261,23.0705283074128,25.5));
#8527=CARTESIAN_POINT('',(67.4361440209261,23.0705283074128,26.));
#8528=CARTESIAN_POINT('',(67.4361440209261,23.0705283074128,25.5));
#8529=CARTESIAN_POINT('Origin',(60.4930859638348,23.1092900622096,26.));
#8530=CARTESIAN_POINT('',(60.4930859638348,23.1092900622096,26.));
#8531=CARTESIAN_POINT('',(41.8612123406541,23.2133082211894,26.));
#8532=CARTESIAN_POINT('',(60.4930859638348,23.1092900622096,25.5));
#8533=CARTESIAN_POINT('',(60.4930859638348,23.1092900622096,26.));
#8534=CARTESIAN_POINT('',(60.4930859638348,23.1092900622096,25.5));
#8535=CARTESIAN_POINT('Origin',(60.4852595813079,21.7074178160721,26.));
#8536=CARTESIAN_POINT('',(60.4245034138346,10.8246907490563,26.));
#8537=CARTESIAN_POINT('',(60.4852595813079,21.7074178160721,25.5));
#8538=CARTESIAN_POINT('Origin',(63.8572324896564,0.0820795049944145,25.5));
#8539=CARTESIAN_POINT('Origin',(23.1,0.149999999999997,26.));
#8540=CARTESIAN_POINT('Origin',(23.1,0.149999999999997,26.));
#8541=CARTESIAN_POINT('Origin',(23.1,0.149999999999997,26.));
#8542=CARTESIAN_POINT('Origin',(23.1,0.149999999999997,26.));
#8543=CARTESIAN_POINT('Origin',(69.2,-18.9,25.));
#8544=CARTESIAN_POINT('',(69.2,-46.95,26.));
#8545=CARTESIAN_POINT('',(70.2,-46.95,25.));
#8546=CARTESIAN_POINT('Origin',(69.2,-46.95,25.));
#8547=CARTESIAN_POINT('',(70.2,47.25,25.));
#8548=CARTESIAN_POINT('',(70.2,-18.9,25.));
#8549=CARTESIAN_POINT('',(69.2,47.25,26.));
#8550=CARTESIAN_POINT('Origin',(69.2,47.25,25.));
#8551=CARTESIAN_POINT('',(69.2,-18.9,26.));
#8552=CARTESIAN_POINT('Origin',(4.05,-46.95,25.));
#8553=CARTESIAN_POINT('',(69.2,-47.95,25.));
#8554=CARTESIAN_POINT('Origin',(69.2,-46.95,25.));
#8555=CARTESIAN_POINT('',(-69.5,-46.95,26.));
#8556=CARTESIAN_POINT('',(4.05,-46.95,26.));
#8557=CARTESIAN_POINT('',(-69.5,-47.95,25.));
#8558=CARTESIAN_POINT('Origin',(-69.5,-46.95,25.));
#8559=CARTESIAN_POINT('',(4.05,-47.95,25.));
#8560=CARTESIAN_POINT('Origin',(-69.5,19.2,25.));
#8561=CARTESIAN_POINT('',(-70.5,-46.95,25.));
#8562=CARTESIAN_POINT('Origin',(-69.5,-46.95,25.));
#8563=CARTESIAN_POINT('',(-69.5,47.25,26.));
#8564=CARTESIAN_POINT('',(-69.5,19.2,26.));
#8565=CARTESIAN_POINT('',(-70.5,47.25,25.));
#8566=CARTESIAN_POINT('Origin',(-69.5,47.25,25.));
#8567=CARTESIAN_POINT('',(-70.5,19.2,25.));
#8568=CARTESIAN_POINT('Origin',(42.15,47.25,25.));
#8569=CARTESIAN_POINT('',(69.2,48.25,25.));
#8570=CARTESIAN_POINT('Origin',(69.2,47.25,25.));
#8571=CARTESIAN_POINT('',(-69.5,48.25,25.));
#8572=CARTESIAN_POINT('',(42.15,48.25,25.));
#8573=CARTESIAN_POINT('Origin',(-69.5,47.25,25.));
#8574=CARTESIAN_POINT('',(42.15,47.25,26.));
#8575=CARTESIAN_POINT('Origin',(-69.5,47.25,25.));
#8576=CARTESIAN_POINT('Origin',(-69.5,47.25,25.));
#8577=CARTESIAN_POINT('Origin',(-69.5,-46.95,25.));
#8578=CARTESIAN_POINT('Origin',(-69.5,-46.95,25.));
#8579=CARTESIAN_POINT('Origin',(69.2,-46.95,25.));
#8580=CARTESIAN_POINT('Origin',(69.2,-46.95,25.));
#8581=CARTESIAN_POINT('Origin',(69.2,47.25,25.));
#8582=CARTESIAN_POINT('Origin',(69.2,47.25,25.));
#8583=CARTESIAN_POINT('Origin',(-69.5,-46.95,23.));
#8584=CARTESIAN_POINT('',(-70.5,-46.95,23.));
#8585=CARTESIAN_POINT('',(-70.5,-46.95,23.));
#8586=CARTESIAN_POINT('',(-69.5,-47.95,23.));
#8587=CARTESIAN_POINT('Origin',(-69.5,-46.95,23.));
#8588=CARTESIAN_POINT('',(-69.5,-47.95,23.));
#8589=CARTESIAN_POINT('Origin',(-70.5,38.25,23.));
#8590=CARTESIAN_POINT('',(-70.5,47.25,23.));
#8591=CARTESIAN_POINT('',(-70.5,47.25,23.));
#8592=CARTESIAN_POINT('',(-70.5,38.25,23.));
#8593=CARTESIAN_POINT('Origin',(-69.5,47.25,23.));
#8594=CARTESIAN_POINT('',(-69.5,48.25,23.));
#8595=CARTESIAN_POINT('',(-69.5,48.25,23.));
#8596=CARTESIAN_POINT('Origin',(-69.5,47.25,23.));
#8597=CARTESIAN_POINT('Origin',(61.2,48.25,23.));
#8598=CARTESIAN_POINT('',(69.2,48.25,23.));
#8599=CARTESIAN_POINT('',(69.2,48.25,23.));
#8600=CARTESIAN_POINT('',(-7.5,48.25,23.));
#8601=CARTESIAN_POINT('Origin',(23.1,0.149999999999997,26.));
#8602=CARTESIAN_POINT('',(-63.5500009685755,-43.0000006407499,26.));
#8603=CARTESIAN_POINT('Origin',(-65.0000009685755,-43.0000006407499,26.));
#8604=CARTESIAN_POINT('',(66.4500009685755,43.0000006407499,26.));
#8605=CARTESIAN_POINT('Origin',(65.0000009685755,43.0000006407499,26.));
#8606=CARTESIAN_POINT('',(-12.475,35.225,26.));
#8607=CARTESIAN_POINT('',(-11.975,35.725,26.));
#8608=CARTESIAN_POINT('Origin',(-11.975,35.225,26.));
#8609=CARTESIAN_POINT('',(1.025,35.725,26.));
#8610=CARTESIAN_POINT('',(-11.975,35.725,26.));
#8611=CARTESIAN_POINT('',(1.525,35.225,26.));
#8612=CARTESIAN_POINT('Origin',(1.025,35.225,26.));
#8613=CARTESIAN_POINT('',(1.525,22.225,26.));
#8614=CARTESIAN_POINT('',(1.525,35.225,26.));
#8615=CARTESIAN_POINT('',(1.025,21.725,26.));
#8616=CARTESIAN_POINT('Origin',(1.025,22.225,26.));
#8617=CARTESIAN_POINT('',(-11.975,21.725,26.));
#8618=CARTESIAN_POINT('',(-11.975,21.725,26.));
#8619=CARTESIAN_POINT('',(-12.475,22.225,26.));
#8620=CARTESIAN_POINT('Origin',(-11.975,22.225,26.));
#8621=CARTESIAN_POINT('',(-12.475,35.225,26.));
#8622=CARTESIAN_POINT('',(44.675,16.175,26.));
#8623=CARTESIAN_POINT('',(45.175,16.675,26.));
#8624=CARTESIAN_POINT('Origin',(45.175,16.175,26.));
#8625=CARTESIAN_POINT('',(58.175,16.675,26.));
#8626=CARTESIAN_POINT('',(45.175,16.675,26.));
#8627=CARTESIAN_POINT('',(58.675,16.175,26.));
#8628=CARTESIAN_POINT('Origin',(58.175,16.175,26.));
#8629=CARTESIAN_POINT('',(58.675,3.175,26.));
#8630=CARTESIAN_POINT('',(58.675,16.175,26.));
#8631=CARTESIAN_POINT('',(58.175,2.675,26.));
#8632=CARTESIAN_POINT('Origin',(58.175,3.175,26.));
#8633=CARTESIAN_POINT('',(45.175,2.675,26.));
#8634=CARTESIAN_POINT('',(45.175,2.675,26.));
#8635=CARTESIAN_POINT('',(44.675,3.175,26.));
#8636=CARTESIAN_POINT('Origin',(45.175,3.175,26.));
#8637=CARTESIAN_POINT('',(44.675,16.175,26.));
#8638=CARTESIAN_POINT('',(25.625,-21.925,26.));
#8639=CARTESIAN_POINT('',(26.125,-21.425,26.));
#8640=CARTESIAN_POINT('Origin',(26.125,-21.925,26.));
#8641=CARTESIAN_POINT('',(39.125,-21.425,26.));
#8642=CARTESIAN_POINT('',(26.125,-21.425,26.));
#8643=CARTESIAN_POINT('',(39.625,-21.925,26.));
#8644=CARTESIAN_POINT('Origin',(39.125,-21.925,26.));
#8645=CARTESIAN_POINT('',(39.625,-34.925,26.));
#8646=CARTESIAN_POINT('',(39.625,-21.925,26.));
#8647=CARTESIAN_POINT('',(39.125,-35.425,26.));
#8648=CARTESIAN_POINT('Origin',(39.125,-34.925,26.));
#8649=CARTESIAN_POINT('',(26.125,-35.425,26.));
#8650=CARTESIAN_POINT('',(26.125,-35.425,26.));
#8651=CARTESIAN_POINT('',(25.625,-34.925,26.));
#8652=CARTESIAN_POINT('Origin',(26.125,-34.925,26.));
#8653=CARTESIAN_POINT('',(25.625,-21.925,26.));
#8654=CARTESIAN_POINT('',(44.675,-2.875,26.));
#8655=CARTESIAN_POINT('',(45.175,-2.375,26.));
#8656=CARTESIAN_POINT('Origin',(45.175,-2.875,26.));
#8657=CARTESIAN_POINT('',(58.175,-2.375,26.));
#8658=CARTESIAN_POINT('',(45.175,-2.375,26.));
#8659=CARTESIAN_POINT('',(58.675,-2.875,26.));
#8660=CARTESIAN_POINT('Origin',(58.175,-2.875,26.));
#8661=CARTESIAN_POINT('',(58.675,-15.875,26.));
#8662=CARTESIAN_POINT('',(58.675,-2.875,26.));
#8663=CARTESIAN_POINT('',(58.175,-16.375,26.));
#8664=CARTESIAN_POINT('Origin',(58.175,-15.875,26.));
#8665=CARTESIAN_POINT('',(45.175,-16.375,26.));
#8666=CARTESIAN_POINT('',(45.175,-16.375,26.));
#8667=CARTESIAN_POINT('',(44.675,-15.875,26.));
#8668=CARTESIAN_POINT('Origin',(45.175,-15.875,26.));
#8669=CARTESIAN_POINT('',(44.675,-2.875,26.));
#8670=CARTESIAN_POINT('',(-12.475,-2.875,26.));
#8671=CARTESIAN_POINT('',(-11.975,-2.375,26.));
#8672=CARTESIAN_POINT('Origin',(-11.975,-2.875,26.));
#8673=CARTESIAN_POINT('',(1.025,-2.375,26.));
#8674=CARTESIAN_POINT('',(-11.975,-2.375,26.));
#8675=CARTESIAN_POINT('',(1.525,-2.875,26.));
#8676=CARTESIAN_POINT('Origin',(1.025,-2.875,26.));
#8677=CARTESIAN_POINT('',(1.525,-15.875,26.));
#8678=CARTESIAN_POINT('',(1.525,-2.875,26.));
#8679=CARTESIAN_POINT('',(1.025,-16.375,26.));
#8680=CARTESIAN_POINT('Origin',(1.025,-15.875,26.));
#8681=CARTESIAN_POINT('',(-11.975,-16.375,26.));
#8682=CARTESIAN_POINT('',(-11.975,-16.375,26.));
#8683=CARTESIAN_POINT('',(-12.475,-15.875,26.));
#8684=CARTESIAN_POINT('Origin',(-11.975,-15.875,26.));
#8685=CARTESIAN_POINT('',(-12.475,-2.875,26.));
#8686=CARTESIAN_POINT('',(-12.475,16.175,26.));
#8687=CARTESIAN_POINT('',(-11.975,16.675,26.));
#8688=CARTESIAN_POINT('Origin',(-11.975,16.175,26.));
#8689=CARTESIAN_POINT('',(1.025,16.675,26.));
#8690=CARTESIAN_POINT('',(-11.975,16.675,26.));
#8691=CARTESIAN_POINT('',(1.525,16.175,26.));
#8692=CARTESIAN_POINT('Origin',(1.025,16.175,26.));
#8693=CARTESIAN_POINT('',(1.525,3.175,26.));
#8694=CARTESIAN_POINT('',(1.525,16.175,26.));
#8695=CARTESIAN_POINT('',(1.025,2.675,26.));
#8696=CARTESIAN_POINT('Origin',(1.025,3.175,26.));
#8697=CARTESIAN_POINT('',(-11.975,2.675,26.));
#8698=CARTESIAN_POINT('',(-11.975,2.675,26.));
#8699=CARTESIAN_POINT('',(-12.475,3.175,26.));
#8700=CARTESIAN_POINT('Origin',(-11.975,3.175,26.));
#8701=CARTESIAN_POINT('',(-12.475,16.175,26.));
#8702=CARTESIAN_POINT('',(44.675,35.225,26.));
#8703=CARTESIAN_POINT('',(45.175,35.725,26.));
#8704=CARTESIAN_POINT('Origin',(45.175,35.225,26.));
#8705=CARTESIAN_POINT('',(58.175,35.725,26.));
#8706=CARTESIAN_POINT('',(45.175,35.725,26.));
#8707=CARTESIAN_POINT('',(58.675,35.225,26.));
#8708=CARTESIAN_POINT('Origin',(58.175,35.225,26.));
#8709=CARTESIAN_POINT('',(58.675,22.225,26.));
#8710=CARTESIAN_POINT('',(58.675,35.225,26.));
#8711=CARTESIAN_POINT('',(58.175,21.725,26.));
#8712=CARTESIAN_POINT('Origin',(58.175,22.225,26.));
#8713=CARTESIAN_POINT('',(45.175,21.725,26.));
#8714=CARTESIAN_POINT('',(45.175,21.725,26.));
#8715=CARTESIAN_POINT('',(44.675,22.225,26.));
#8716=CARTESIAN_POINT('Origin',(45.175,22.225,26.));
#8717=CARTESIAN_POINT('',(44.675,35.225,26.));
#8718=CARTESIAN_POINT('',(-12.475,-21.925,26.));
#8719=CARTESIAN_POINT('',(-11.975,-21.425,26.));
#8720=CARTESIAN_POINT('Origin',(-11.975,-21.925,26.));
#8721=CARTESIAN_POINT('',(1.025,-21.425,26.));
#8722=CARTESIAN_POINT('',(-11.975,-21.425,26.));
#8723=CARTESIAN_POINT('',(1.525,-21.925,26.));
#8724=CARTESIAN_POINT('Origin',(1.025,-21.925,26.));
#8725=CARTESIAN_POINT('',(1.525,-34.925,26.));
#8726=CARTESIAN_POINT('',(1.525,-21.925,26.));
#8727=CARTESIAN_POINT('',(1.025,-35.425,26.));
#8728=CARTESIAN_POINT('Origin',(1.025,-34.925,26.));
#8729=CARTESIAN_POINT('',(-11.975,-35.425,26.));
#8730=CARTESIAN_POINT('',(-11.975,-35.425,26.));
#8731=CARTESIAN_POINT('',(-12.475,-34.925,26.));
#8732=CARTESIAN_POINT('Origin',(-11.975,-34.925,26.));
#8733=CARTESIAN_POINT('',(-12.475,-21.925,26.));
#8734=CARTESIAN_POINT('',(44.675,-21.925,26.));
#8735=CARTESIAN_POINT('',(45.175,-21.425,26.));
#8736=CARTESIAN_POINT('Origin',(45.175,-21.925,26.));
#8737=CARTESIAN_POINT('',(58.175,-21.425,26.));
#8738=CARTESIAN_POINT('',(45.175,-21.425,26.));
#8739=CARTESIAN_POINT('',(58.675,-21.925,26.));
#8740=CARTESIAN_POINT('Origin',(58.175,-21.925,26.));
#8741=CARTESIAN_POINT('',(58.675,-34.925,26.));
#8742=CARTESIAN_POINT('',(58.675,-21.925,26.));
#8743=CARTESIAN_POINT('',(58.175,-35.425,26.));
#8744=CARTESIAN_POINT('Origin',(58.175,-34.925,26.));
#8745=CARTESIAN_POINT('',(45.175,-35.425,26.));
#8746=CARTESIAN_POINT('',(45.175,-35.425,26.));
#8747=CARTESIAN_POINT('',(44.675,-34.925,26.));
#8748=CARTESIAN_POINT('Origin',(45.175,-34.925,26.));
#8749=CARTESIAN_POINT('',(44.675,-21.925,26.));
#8750=CARTESIAN_POINT('',(6.575,16.175,26.));
#8751=CARTESIAN_POINT('',(7.075,16.675,26.));
#8752=CARTESIAN_POINT('Origin',(7.075,16.175,26.));
#8753=CARTESIAN_POINT('',(20.075,16.675,26.));
#8754=CARTESIAN_POINT('',(7.075,16.675,26.));
#8755=CARTESIAN_POINT('',(20.575,16.175,26.));
#8756=CARTESIAN_POINT('Origin',(20.075,16.175,26.));
#8757=CARTESIAN_POINT('',(20.575,3.175,26.));
#8758=CARTESIAN_POINT('',(20.575,16.175,26.));
#8759=CARTESIAN_POINT('',(20.075,2.675,26.));
#8760=CARTESIAN_POINT('Origin',(20.075,3.175,26.));
#8761=CARTESIAN_POINT('',(7.075,2.675,26.));
#8762=CARTESIAN_POINT('',(7.075,2.675,26.));
#8763=CARTESIAN_POINT('',(6.575,3.175,26.));
#8764=CARTESIAN_POINT('Origin',(7.075,3.175,26.));
#8765=CARTESIAN_POINT('',(6.575,16.175,26.));
#8766=CARTESIAN_POINT('',(6.575,35.225,26.));
#8767=CARTESIAN_POINT('',(7.075,35.725,26.));
#8768=CARTESIAN_POINT('Origin',(7.075,35.225,26.));
#8769=CARTESIAN_POINT('',(20.075,35.725,26.));
#8770=CARTESIAN_POINT('',(7.075,35.725,26.));
#8771=CARTESIAN_POINT('',(20.575,35.225,26.));
#8772=CARTESIAN_POINT('Origin',(20.075,35.225,26.));
#8773=CARTESIAN_POINT('',(20.575,22.225,26.));
#8774=CARTESIAN_POINT('',(20.575,35.225,26.));
#8775=CARTESIAN_POINT('',(20.075,21.725,26.));
#8776=CARTESIAN_POINT('Origin',(20.075,22.225,26.));
#8777=CARTESIAN_POINT('',(7.075,21.725,26.));
#8778=CARTESIAN_POINT('',(7.075,21.725,26.));
#8779=CARTESIAN_POINT('',(6.575,22.225,26.));
#8780=CARTESIAN_POINT('Origin',(7.075,22.225,26.));
#8781=CARTESIAN_POINT('',(6.575,35.225,26.));
#8782=CARTESIAN_POINT('',(25.625,-2.875,26.));
#8783=CARTESIAN_POINT('',(26.125,-2.375,26.));
#8784=CARTESIAN_POINT('Origin',(26.125,-2.875,26.));
#8785=CARTESIAN_POINT('',(39.125,-2.375,26.));
#8786=CARTESIAN_POINT('',(26.125,-2.375,26.));
#8787=CARTESIAN_POINT('',(39.625,-2.875,26.));
#8788=CARTESIAN_POINT('Origin',(39.125,-2.875,26.));
#8789=CARTESIAN_POINT('',(39.625,-15.875,26.));
#8790=CARTESIAN_POINT('',(39.625,-2.875,26.));
#8791=CARTESIAN_POINT('',(39.125,-16.375,26.));
#8792=CARTESIAN_POINT('Origin',(39.125,-15.875,26.));
#8793=CARTESIAN_POINT('',(26.125,-16.375,26.));
#8794=CARTESIAN_POINT('',(26.125,-16.375,26.));
#8795=CARTESIAN_POINT('',(25.625,-15.875,26.));
#8796=CARTESIAN_POINT('Origin',(26.125,-15.875,26.));
#8797=CARTESIAN_POINT('',(25.625,-2.875,26.));
#8798=CARTESIAN_POINT('',(25.625,16.175,26.));
#8799=CARTESIAN_POINT('',(26.125,16.675,26.));
#8800=CARTESIAN_POINT('Origin',(26.125,16.175,26.));
#8801=CARTESIAN_POINT('',(39.125,16.675,26.));
#8802=CARTESIAN_POINT('',(26.125,16.675,26.));
#8803=CARTESIAN_POINT('',(39.625,16.175,26.));
#8804=CARTESIAN_POINT('Origin',(39.125,16.175,26.));
#8805=CARTESIAN_POINT('',(39.625,3.175,26.));
#8806=CARTESIAN_POINT('',(39.625,16.175,26.));
#8807=CARTESIAN_POINT('',(39.125,2.675,26.));
#8808=CARTESIAN_POINT('Origin',(39.125,3.175,26.));
#8809=CARTESIAN_POINT('',(26.125,2.675,26.));
#8810=CARTESIAN_POINT('',(26.125,2.675,26.));
#8811=CARTESIAN_POINT('',(25.625,3.175,26.));
#8812=CARTESIAN_POINT('Origin',(26.125,3.175,26.));
#8813=CARTESIAN_POINT('',(25.625,16.175,26.));
#8814=CARTESIAN_POINT('',(6.575,-21.925,26.));
#8815=CARTESIAN_POINT('',(7.075,-21.425,26.));
#8816=CARTESIAN_POINT('Origin',(7.075,-21.925,26.));
#8817=CARTESIAN_POINT('',(20.075,-21.425,26.));
#8818=CARTESIAN_POINT('',(7.075,-21.425,26.));
#8819=CARTESIAN_POINT('',(20.575,-21.925,26.));
#8820=CARTESIAN_POINT('Origin',(20.075,-21.925,26.));
#8821=CARTESIAN_POINT('',(20.575,-34.925,26.));
#8822=CARTESIAN_POINT('',(20.575,-21.925,26.));
#8823=CARTESIAN_POINT('',(20.075,-35.425,26.));
#8824=CARTESIAN_POINT('Origin',(20.075,-34.925,26.));
#8825=CARTESIAN_POINT('',(7.075,-35.425,26.));
#8826=CARTESIAN_POINT('',(7.075,-35.425,26.));
#8827=CARTESIAN_POINT('',(6.575,-34.925,26.));
#8828=CARTESIAN_POINT('Origin',(7.075,-34.925,26.));
#8829=CARTESIAN_POINT('',(6.575,-21.925,26.));
#8830=CARTESIAN_POINT('',(6.575,-2.875,26.));
#8831=CARTESIAN_POINT('',(7.075,-2.375,26.));
#8832=CARTESIAN_POINT('Origin',(7.075,-2.875,26.));
#8833=CARTESIAN_POINT('',(20.075,-2.37499999999999,26.));
#8834=CARTESIAN_POINT('',(7.075,-2.375,26.));
#8835=CARTESIAN_POINT('',(20.575,-2.875,26.));
#8836=CARTESIAN_POINT('Origin',(20.075,-2.875,26.));
#8837=CARTESIAN_POINT('',(20.575,-15.875,26.));
#8838=CARTESIAN_POINT('',(20.575,-2.875,26.));
#8839=CARTESIAN_POINT('',(20.075,-16.375,26.));
#8840=CARTESIAN_POINT('Origin',(20.075,-15.875,26.));
#8841=CARTESIAN_POINT('',(7.075,-16.375,26.));
#8842=CARTESIAN_POINT('',(7.075,-16.375,26.));
#8843=CARTESIAN_POINT('',(6.575,-15.875,26.));
#8844=CARTESIAN_POINT('Origin',(7.075,-15.875,26.));
#8845=CARTESIAN_POINT('',(6.575,-2.875,26.));
#8846=CARTESIAN_POINT('',(25.625,35.225,26.));
#8847=CARTESIAN_POINT('',(26.125,35.725,26.));
#8848=CARTESIAN_POINT('Origin',(26.125,35.225,26.));
#8849=CARTESIAN_POINT('',(39.125,35.725,26.));
#8850=CARTESIAN_POINT('',(26.125,35.725,26.));
#8851=CARTESIAN_POINT('',(39.625,35.225,26.));
#8852=CARTESIAN_POINT('Origin',(39.125,35.225,26.));
#8853=CARTESIAN_POINT('',(39.625,22.225,26.));
#8854=CARTESIAN_POINT('',(39.625,35.225,26.));
#8855=CARTESIAN_POINT('',(39.125,21.725,26.));
#8856=CARTESIAN_POINT('Origin',(39.125,22.225,26.));
#8857=CARTESIAN_POINT('',(26.125,21.725,26.));
#8858=CARTESIAN_POINT('',(26.125,21.725,26.));
#8859=CARTESIAN_POINT('',(25.625,22.225,26.));
#8860=CARTESIAN_POINT('Origin',(26.125,22.225,26.));
#8861=CARTESIAN_POINT('',(25.625,35.225,26.));
#8862=CARTESIAN_POINT('',(66.4500009685755,-43.0000006407499,26.));
#8863=CARTESIAN_POINT('Origin',(65.0000009685755,-43.0000006407499,26.));
#8864=CARTESIAN_POINT('',(-63.5500009685755,43.0000006407499,26.));
#8865=CARTESIAN_POINT('Origin',(-65.0000009685755,43.0000006407499,26.));
#8866=CARTESIAN_POINT('Origin',(-0.0249999999999995,0.,23.));
#8867=CARTESIAN_POINT('',(70.2,47.25,23.));
#8868=CARTESIAN_POINT('Origin',(69.2,47.25,23.));
#8869=CARTESIAN_POINT('',(70.2,-46.95,23.));
#8870=CARTESIAN_POINT('',(70.2,19.125,23.));
#8871=CARTESIAN_POINT('',(69.2,-47.95,23.));
#8872=CARTESIAN_POINT('Origin',(69.2,-46.95,23.));
#8873=CARTESIAN_POINT('',(-15.,-47.95,23.));
#8874=CARTESIAN_POINT('',(-60.0000008940697,13.0000001937151,23.));
#8875=CARTESIAN_POINT('',(-60.0000008940697,-13.0000001937151,23.));
#8876=CARTESIAN_POINT('',(-60.0000008940697,-6.42500009685755,23.));
#8877=CARTESIAN_POINT('',(-48.0000007152557,-13.0000001937151,23.));
#8878=CARTESIAN_POINT('',(-12.4500003576279,-13.0000001937151,23.));
#8879=CARTESIAN_POINT('',(-48.0000007152557,13.0000001937151,23.));
#8880=CARTESIAN_POINT('',(-48.0000007152557,6.57500009685755,23.));
#8881=CARTESIAN_POINT('',(-18.4500004470348,13.0000001937151,23.));
#8882=CARTESIAN_POINT('',(-12.475,35.225,23.));
#8883=CARTESIAN_POINT('',(-11.975,35.725,23.));
#8884=CARTESIAN_POINT('Origin',(-11.975,35.225,23.));
#8885=CARTESIAN_POINT('',(-12.475,22.225,23.));
#8886=CARTESIAN_POINT('',(-12.475,35.225,23.));
#8887=CARTESIAN_POINT('',(-11.975,21.725,23.));
#8888=CARTESIAN_POINT('Origin',(-11.975,22.225,23.));
#8889=CARTESIAN_POINT('',(1.025,21.725,23.));
#8890=CARTESIAN_POINT('',(-11.975,21.725,23.));
#8891=CARTESIAN_POINT('',(1.525,22.225,23.));
#8892=CARTESIAN_POINT('Origin',(1.025,22.225,23.));
#8893=CARTESIAN_POINT('',(1.525,35.225,23.));
#8894=CARTESIAN_POINT('',(1.525,35.225,23.));
#8895=CARTESIAN_POINT('',(1.025,35.725,23.));
#8896=CARTESIAN_POINT('Origin',(1.025,35.225,23.));
#8897=CARTESIAN_POINT('',(-11.975,35.725,23.));
#8898=CARTESIAN_POINT('',(44.675,16.175,23.));
#8899=CARTESIAN_POINT('',(45.175,16.675,23.));
#8900=CARTESIAN_POINT('Origin',(45.175,16.175,23.));
#8901=CARTESIAN_POINT('',(44.675,3.175,23.));
#8902=CARTESIAN_POINT('',(44.675,16.175,23.));
#8903=CARTESIAN_POINT('',(45.175,2.675,23.));
#8904=CARTESIAN_POINT('Origin',(45.175,3.175,23.));
#8905=CARTESIAN_POINT('',(58.175,2.675,23.));
#8906=CARTESIAN_POINT('',(45.175,2.675,23.));
#8907=CARTESIAN_POINT('',(58.675,3.175,23.));
#8908=CARTESIAN_POINT('Origin',(58.175,3.175,23.));
#8909=CARTESIAN_POINT('',(58.675,16.175,23.));
#8910=CARTESIAN_POINT('',(58.675,16.175,23.));
#8911=CARTESIAN_POINT('',(58.175,16.675,23.));
#8912=CARTESIAN_POINT('Origin',(58.175,16.175,23.));
#8913=CARTESIAN_POINT('',(45.175,16.675,23.));
#8914=CARTESIAN_POINT('',(25.625,-21.925,23.));
#8915=CARTESIAN_POINT('',(26.125,-21.425,23.));
#8916=CARTESIAN_POINT('Origin',(26.125,-21.925,23.));
#8917=CARTESIAN_POINT('',(25.625,-34.925,23.));
#8918=CARTESIAN_POINT('',(25.625,-21.925,23.));
#8919=CARTESIAN_POINT('',(26.125,-35.425,23.));
#8920=CARTESIAN_POINT('Origin',(26.125,-34.925,23.));
#8921=CARTESIAN_POINT('',(39.125,-35.425,23.));
#8922=CARTESIAN_POINT('',(26.125,-35.425,23.));
#8923=CARTESIAN_POINT('',(39.625,-34.925,23.));
#8924=CARTESIAN_POINT('Origin',(39.125,-34.925,23.));
#8925=CARTESIAN_POINT('',(39.625,-21.925,23.));
#8926=CARTESIAN_POINT('',(39.625,-21.925,23.));
#8927=CARTESIAN_POINT('',(39.125,-21.425,23.));
#8928=CARTESIAN_POINT('Origin',(39.125,-21.925,23.));
#8929=CARTESIAN_POINT('',(26.125,-21.425,23.));
#8930=CARTESIAN_POINT('',(44.675,-2.875,23.));
#8931=CARTESIAN_POINT('',(45.175,-2.375,23.));
#8932=CARTESIAN_POINT('Origin',(45.175,-2.875,23.));
#8933=CARTESIAN_POINT('',(44.675,-15.875,23.));
#8934=CARTESIAN_POINT('',(44.675,-2.875,23.));
#8935=CARTESIAN_POINT('',(45.175,-16.375,23.));
#8936=CARTESIAN_POINT('Origin',(45.175,-15.875,23.));
#8937=CARTESIAN_POINT('',(58.175,-16.375,23.));
#8938=CARTESIAN_POINT('',(45.175,-16.375,23.));
#8939=CARTESIAN_POINT('',(58.675,-15.875,23.));
#8940=CARTESIAN_POINT('Origin',(58.175,-15.875,23.));
#8941=CARTESIAN_POINT('',(58.675,-2.875,23.));
#8942=CARTESIAN_POINT('',(58.675,-2.875,23.));
#8943=CARTESIAN_POINT('',(58.175,-2.375,23.));
#8944=CARTESIAN_POINT('Origin',(58.175,-2.875,23.));
#8945=CARTESIAN_POINT('',(45.175,-2.375,23.));
#8946=CARTESIAN_POINT('',(-12.475,-2.875,23.));
#8947=CARTESIAN_POINT('',(-11.975,-2.375,23.));
#8948=CARTESIAN_POINT('Origin',(-11.975,-2.875,23.));
#8949=CARTESIAN_POINT('',(-12.475,-15.875,23.));
#8950=CARTESIAN_POINT('',(-12.475,-2.875,23.));
#8951=CARTESIAN_POINT('',(-11.975,-16.375,23.));
#8952=CARTESIAN_POINT('Origin',(-11.975,-15.875,23.));
#8953=CARTESIAN_POINT('',(1.025,-16.375,23.));
#8954=CARTESIAN_POINT('',(-11.975,-16.375,23.));
#8955=CARTESIAN_POINT('',(1.525,-15.875,23.));
#8956=CARTESIAN_POINT('Origin',(1.025,-15.875,23.));
#8957=CARTESIAN_POINT('',(1.525,-2.875,23.));
#8958=CARTESIAN_POINT('',(1.525,-2.875,23.));
#8959=CARTESIAN_POINT('',(1.025,-2.375,23.));
#8960=CARTESIAN_POINT('Origin',(1.025,-2.875,23.));
#8961=CARTESIAN_POINT('',(-11.975,-2.375,23.));
#8962=CARTESIAN_POINT('',(-12.475,16.175,23.));
#8963=CARTESIAN_POINT('',(-11.975,16.675,23.));
#8964=CARTESIAN_POINT('Origin',(-11.975,16.175,23.));
#8965=CARTESIAN_POINT('',(-12.475,3.175,23.));
#8966=CARTESIAN_POINT('',(-12.475,16.175,23.));
#8967=CARTESIAN_POINT('',(-11.975,2.675,23.));
#8968=CARTESIAN_POINT('Origin',(-11.975,3.175,23.));
#8969=CARTESIAN_POINT('',(1.025,2.675,23.));
#8970=CARTESIAN_POINT('',(-11.975,2.675,23.));
#8971=CARTESIAN_POINT('',(1.525,3.175,23.));
#8972=CARTESIAN_POINT('Origin',(1.025,3.175,23.));
#8973=CARTESIAN_POINT('',(1.525,16.175,23.));
#8974=CARTESIAN_POINT('',(1.525,16.175,23.));
#8975=CARTESIAN_POINT('',(1.025,16.675,23.));
#8976=CARTESIAN_POINT('Origin',(1.025,16.175,23.));
#8977=CARTESIAN_POINT('',(-11.975,16.675,23.));
#8978=CARTESIAN_POINT('',(44.675,35.225,23.));
#8979=CARTESIAN_POINT('',(45.175,35.725,23.));
#8980=CARTESIAN_POINT('Origin',(45.175,35.225,23.));
#8981=CARTESIAN_POINT('',(44.675,22.225,23.));
#8982=CARTESIAN_POINT('',(44.675,35.225,23.));
#8983=CARTESIAN_POINT('',(45.175,21.725,23.));
#8984=CARTESIAN_POINT('Origin',(45.175,22.225,23.));
#8985=CARTESIAN_POINT('',(58.175,21.725,23.));
#8986=CARTESIAN_POINT('',(45.175,21.725,23.));
#8987=CARTESIAN_POINT('',(58.675,22.225,23.));
#8988=CARTESIAN_POINT('Origin',(58.175,22.225,23.));
#8989=CARTESIAN_POINT('',(58.675,35.225,23.));
#8990=CARTESIAN_POINT('',(58.675,35.225,23.));
#8991=CARTESIAN_POINT('',(58.175,35.725,23.));
#8992=CARTESIAN_POINT('Origin',(58.175,35.225,23.));
#8993=CARTESIAN_POINT('',(45.175,35.725,23.));
#8994=CARTESIAN_POINT('',(-12.475,-21.925,23.));
#8995=CARTESIAN_POINT('',(-11.975,-21.425,23.));
#8996=CARTESIAN_POINT('Origin',(-11.975,-21.925,23.));
#8997=CARTESIAN_POINT('',(-12.475,-34.925,23.));
#8998=CARTESIAN_POINT('',(-12.475,-21.925,23.));
#8999=CARTESIAN_POINT('',(-11.975,-35.425,23.));
#9000=CARTESIAN_POINT('Origin',(-11.975,-34.925,23.));
#9001=CARTESIAN_POINT('',(1.025,-35.425,23.));
#9002=CARTESIAN_POINT('',(-11.975,-35.425,23.));
#9003=CARTESIAN_POINT('',(1.525,-34.925,23.));
#9004=CARTESIAN_POINT('Origin',(1.025,-34.925,23.));
#9005=CARTESIAN_POINT('',(1.525,-21.925,23.));
#9006=CARTESIAN_POINT('',(1.525,-21.925,23.));
#9007=CARTESIAN_POINT('',(1.025,-21.425,23.));
#9008=CARTESIAN_POINT('Origin',(1.025,-21.925,23.));
#9009=CARTESIAN_POINT('',(-11.975,-21.425,23.));
#9010=CARTESIAN_POINT('',(44.675,-21.925,23.));
#9011=CARTESIAN_POINT('',(45.175,-21.425,23.));
#9012=CARTESIAN_POINT('Origin',(45.175,-21.925,23.));
#9013=CARTESIAN_POINT('',(44.675,-34.925,23.));
#9014=CARTESIAN_POINT('',(44.675,-21.925,23.));
#9015=CARTESIAN_POINT('',(45.175,-35.425,23.));
#9016=CARTESIAN_POINT('Origin',(45.175,-34.925,23.));
#9017=CARTESIAN_POINT('',(58.175,-35.425,23.));
#9018=CARTESIAN_POINT('',(45.175,-35.425,23.));
#9019=CARTESIAN_POINT('',(58.675,-34.925,23.));
#9020=CARTESIAN_POINT('Origin',(58.175,-34.925,23.));
#9021=CARTESIAN_POINT('',(58.675,-21.925,23.));
#9022=CARTESIAN_POINT('',(58.675,-21.925,23.));
#9023=CARTESIAN_POINT('',(58.175,-21.425,23.));
#9024=CARTESIAN_POINT('Origin',(58.175,-21.925,23.));
#9025=CARTESIAN_POINT('',(45.175,-21.425,23.));
#9026=CARTESIAN_POINT('',(6.575,16.175,23.));
#9027=CARTESIAN_POINT('',(7.075,16.675,23.));
#9028=CARTESIAN_POINT('Origin',(7.075,16.175,23.));
#9029=CARTESIAN_POINT('',(6.575,3.175,23.));
#9030=CARTESIAN_POINT('',(6.575,16.175,23.));
#9031=CARTESIAN_POINT('',(7.075,2.675,23.));
#9032=CARTESIAN_POINT('Origin',(7.075,3.175,23.));
#9033=CARTESIAN_POINT('',(20.075,2.675,23.));
#9034=CARTESIAN_POINT('',(7.075,2.675,23.));
#9035=CARTESIAN_POINT('',(20.575,3.175,23.));
#9036=CARTESIAN_POINT('Origin',(20.075,3.175,23.));
#9037=CARTESIAN_POINT('',(20.575,16.175,23.));
#9038=CARTESIAN_POINT('',(20.575,16.175,23.));
#9039=CARTESIAN_POINT('',(20.075,16.675,23.));
#9040=CARTESIAN_POINT('Origin',(20.075,16.175,23.));
#9041=CARTESIAN_POINT('',(7.075,16.675,23.));
#9042=CARTESIAN_POINT('',(6.575,35.225,23.));
#9043=CARTESIAN_POINT('',(7.075,35.725,23.));
#9044=CARTESIAN_POINT('Origin',(7.075,35.225,23.));
#9045=CARTESIAN_POINT('',(6.575,22.225,23.));
#9046=CARTESIAN_POINT('',(6.575,35.225,23.));
#9047=CARTESIAN_POINT('',(7.075,21.725,23.));
#9048=CARTESIAN_POINT('Origin',(7.075,22.225,23.));
#9049=CARTESIAN_POINT('',(20.075,21.725,23.));
#9050=CARTESIAN_POINT('',(7.075,21.725,23.));
#9051=CARTESIAN_POINT('',(20.575,22.225,23.));
#9052=CARTESIAN_POINT('Origin',(20.075,22.225,23.));
#9053=CARTESIAN_POINT('',(20.575,35.225,23.));
#9054=CARTESIAN_POINT('',(20.575,35.225,23.));
#9055=CARTESIAN_POINT('',(20.075,35.725,23.));
#9056=CARTESIAN_POINT('Origin',(20.075,35.225,23.));
#9057=CARTESIAN_POINT('',(7.075,35.725,23.));
#9058=CARTESIAN_POINT('',(25.625,-2.875,23.));
#9059=CARTESIAN_POINT('',(26.125,-2.375,23.));
#9060=CARTESIAN_POINT('Origin',(26.125,-2.875,23.));
#9061=CARTESIAN_POINT('',(25.625,-15.875,23.));
#9062=CARTESIAN_POINT('',(25.625,-2.875,23.));
#9063=CARTESIAN_POINT('',(26.125,-16.375,23.));
#9064=CARTESIAN_POINT('Origin',(26.125,-15.875,23.));
#9065=CARTESIAN_POINT('',(39.125,-16.375,23.));
#9066=CARTESIAN_POINT('',(26.125,-16.375,23.));
#9067=CARTESIAN_POINT('',(39.625,-15.875,23.));
#9068=CARTESIAN_POINT('Origin',(39.125,-15.875,23.));
#9069=CARTESIAN_POINT('',(39.625,-2.875,23.));
#9070=CARTESIAN_POINT('',(39.625,-2.875,23.));
#9071=CARTESIAN_POINT('',(39.125,-2.375,23.));
#9072=CARTESIAN_POINT('Origin',(39.125,-2.875,23.));
#9073=CARTESIAN_POINT('',(26.125,-2.375,23.));
#9074=CARTESIAN_POINT('',(25.625,16.175,23.));
#9075=CARTESIAN_POINT('',(26.125,16.675,23.));
#9076=CARTESIAN_POINT('Origin',(26.125,16.175,23.));
#9077=CARTESIAN_POINT('',(25.625,3.175,23.));
#9078=CARTESIAN_POINT('',(25.625,16.175,23.));
#9079=CARTESIAN_POINT('',(26.125,2.675,23.));
#9080=CARTESIAN_POINT('Origin',(26.125,3.175,23.));
#9081=CARTESIAN_POINT('',(39.125,2.675,23.));
#9082=CARTESIAN_POINT('',(26.125,2.675,23.));
#9083=CARTESIAN_POINT('',(39.625,3.175,23.));
#9084=CARTESIAN_POINT('Origin',(39.125,3.175,23.));
#9085=CARTESIAN_POINT('',(39.625,16.175,23.));
#9086=CARTESIAN_POINT('',(39.625,16.175,23.));
#9087=CARTESIAN_POINT('',(39.125,16.675,23.));
#9088=CARTESIAN_POINT('Origin',(39.125,16.175,23.));
#9089=CARTESIAN_POINT('',(26.125,16.675,23.));
#9090=CARTESIAN_POINT('',(6.575,-21.925,23.));
#9091=CARTESIAN_POINT('',(7.075,-21.425,23.));
#9092=CARTESIAN_POINT('Origin',(7.075,-21.925,23.));
#9093=CARTESIAN_POINT('',(6.575,-34.925,23.));
#9094=CARTESIAN_POINT('',(6.575,-21.925,23.));
#9095=CARTESIAN_POINT('',(7.075,-35.425,23.));
#9096=CARTESIAN_POINT('Origin',(7.075,-34.925,23.));
#9097=CARTESIAN_POINT('',(20.075,-35.425,23.));
#9098=CARTESIAN_POINT('',(7.075,-35.425,23.));
#9099=CARTESIAN_POINT('',(20.575,-34.925,23.));
#9100=CARTESIAN_POINT('Origin',(20.075,-34.925,23.));
#9101=CARTESIAN_POINT('',(20.575,-21.925,23.));
#9102=CARTESIAN_POINT('',(20.575,-21.925,23.));
#9103=CARTESIAN_POINT('',(20.075,-21.425,23.));
#9104=CARTESIAN_POINT('Origin',(20.075,-21.925,23.));
#9105=CARTESIAN_POINT('',(7.075,-21.425,23.));
#9106=CARTESIAN_POINT('',(6.575,-2.875,23.));
#9107=CARTESIAN_POINT('',(7.075,-2.375,23.));
#9108=CARTESIAN_POINT('Origin',(7.075,-2.875,23.));
#9109=CARTESIAN_POINT('',(6.575,-15.875,23.));
#9110=CARTESIAN_POINT('',(6.575,-2.875,23.));
#9111=CARTESIAN_POINT('',(7.075,-16.375,23.));
#9112=CARTESIAN_POINT('Origin',(7.075,-15.875,23.));
#9113=CARTESIAN_POINT('',(20.075,-16.375,23.));
#9114=CARTESIAN_POINT('',(7.075,-16.375,23.));
#9115=CARTESIAN_POINT('',(20.575,-15.875,23.));
#9116=CARTESIAN_POINT('Origin',(20.075,-15.875,23.));
#9117=CARTESIAN_POINT('',(20.575,-2.875,23.));
#9118=CARTESIAN_POINT('',(20.575,-2.875,23.));
#9119=CARTESIAN_POINT('',(20.075,-2.37499999999999,23.));
#9120=CARTESIAN_POINT('Origin',(20.075,-2.875,23.));
#9121=CARTESIAN_POINT('',(7.075,-2.375,23.));
#9122=CARTESIAN_POINT('',(25.625,35.225,23.));
#9123=CARTESIAN_POINT('',(26.125,35.725,23.));
#9124=CARTESIAN_POINT('Origin',(26.125,35.225,23.));
#9125=CARTESIAN_POINT('',(25.625,22.225,23.));
#9126=CARTESIAN_POINT('',(25.625,35.225,23.));
#9127=CARTESIAN_POINT('',(26.125,21.725,23.));
#9128=CARTESIAN_POINT('Origin',(26.125,22.225,23.));
#9129=CARTESIAN_POINT('',(39.125,21.725,23.));
#9130=CARTESIAN_POINT('',(26.125,21.725,23.));
#9131=CARTESIAN_POINT('',(39.625,22.225,23.));
#9132=CARTESIAN_POINT('Origin',(39.125,22.225,23.));
#9133=CARTESIAN_POINT('',(39.625,35.225,23.));
#9134=CARTESIAN_POINT('',(39.625,35.225,23.));
#9135=CARTESIAN_POINT('',(39.125,35.725,23.));
#9136=CARTESIAN_POINT('Origin',(39.125,35.225,23.));
#9137=CARTESIAN_POINT('',(26.125,35.725,23.));
#9138=CARTESIAN_POINT('',(-63.5500009685755,43.0000006407499,23.));
#9139=CARTESIAN_POINT('Origin',(-65.0000009685755,43.0000006407499,23.));
#9140=CARTESIAN_POINT('',(66.4500009685755,-43.0000006407499,23.));
#9141=CARTESIAN_POINT('Origin',(65.0000009685755,-43.0000006407499,23.));
#9142=CARTESIAN_POINT('',(66.4500009685755,43.0000006407499,23.));
#9143=CARTESIAN_POINT('Origin',(65.0000009685755,43.0000006407499,23.));
#9144=CARTESIAN_POINT('',(-63.5500009685755,-43.0000006407499,23.));
#9145=CARTESIAN_POINT('Origin',(-65.0000009685755,-43.0000006407499,23.));
#9146=CARTESIAN_POINT('Origin',(69.2,47.25,23.));
#9147=CARTESIAN_POINT('',(70.2,47.25,23.));
#9148=CARTESIAN_POINT('Origin',(69.2,-46.95,23.));
#9149=CARTESIAN_POINT('',(69.2,-47.95,23.));
#9150=CARTESIAN_POINT('',(70.2,-46.95,23.));
#9151=CARTESIAN_POINT('Origin',(-15.,-47.95,23.));
#9152=CARTESIAN_POINT('Origin',(-48.0000007152557,13.0000001937151,25.));
#9153=CARTESIAN_POINT('',(-48.0000007152557,-13.0000001937151,25.));
#9154=CARTESIAN_POINT('',(-48.0000007152557,13.0000001937151,25.));
#9155=CARTESIAN_POINT('Origin',(-60.0000008940697,13.0000001937151,25.));
#9156=CARTESIAN_POINT('',(-60.0000008940697,13.0000001937151,25.));
#9157=CARTESIAN_POINT('Origin',(-60.0000008940697,-13.0000001937151,25.));
#9158=CARTESIAN_POINT('',(-60.0000008940697,-13.0000001937151,25.));
#9159=CARTESIAN_POINT('Origin',(-48.0000007152557,-13.0000001937151,25.));
#9160=CARTESIAN_POINT('Origin',(70.2,-37.95,23.));
#9161=CARTESIAN_POINT('Origin',(-12.475,22.225,23.));
#9162=CARTESIAN_POINT('',(-12.475,35.225,23.));
#9163=CARTESIAN_POINT('',(-12.475,22.225,23.));
#9164=CARTESIAN_POINT('Origin',(-11.975,22.225,23.));
#9165=CARTESIAN_POINT('',(-11.975,21.725,23.));
#9166=CARTESIAN_POINT('Origin',(1.025,21.725,23.));
#9167=CARTESIAN_POINT('',(1.025,21.725,23.));
#9168=CARTESIAN_POINT('Origin',(1.025,22.225,23.));
#9169=CARTESIAN_POINT('',(1.525,22.225,23.));
#9170=CARTESIAN_POINT('Origin',(1.525,35.225,23.));
#9171=CARTESIAN_POINT('',(1.525,35.225,23.));
#9172=CARTESIAN_POINT('Origin',(1.025,35.225,23.));
#9173=CARTESIAN_POINT('',(1.025,35.725,23.));
#9174=CARTESIAN_POINT('Origin',(-11.975,35.725,23.));
#9175=CARTESIAN_POINT('',(-11.975,35.725,23.));
#9176=CARTESIAN_POINT('Origin',(-11.975,35.225,23.));
#9177=CARTESIAN_POINT('Origin',(44.675,3.175,23.));
#9178=CARTESIAN_POINT('',(44.675,16.175,23.));
#9179=CARTESIAN_POINT('',(44.675,3.175,23.));
#9180=CARTESIAN_POINT('Origin',(45.175,3.175,23.));
#9181=CARTESIAN_POINT('',(45.175,2.675,23.));
#9182=CARTESIAN_POINT('Origin',(58.175,2.675,23.));
#9183=CARTESIAN_POINT('',(58.175,2.675,23.));
#9184=CARTESIAN_POINT('Origin',(58.175,3.175,23.));
#9185=CARTESIAN_POINT('',(58.675,3.175,23.));
#9186=CARTESIAN_POINT('Origin',(58.675,16.175,23.));
#9187=CARTESIAN_POINT('',(58.675,16.175,23.));
#9188=CARTESIAN_POINT('Origin',(58.175,16.175,23.));
#9189=CARTESIAN_POINT('',(58.175,16.675,23.));
#9190=CARTESIAN_POINT('Origin',(45.175,16.675,23.));
#9191=CARTESIAN_POINT('',(45.175,16.675,23.));
#9192=CARTESIAN_POINT('Origin',(45.175,16.175,23.));
#9193=CARTESIAN_POINT('Origin',(25.625,-34.925,23.));
#9194=CARTESIAN_POINT('',(25.625,-21.925,23.));
#9195=CARTESIAN_POINT('',(25.625,-34.925,23.));
#9196=CARTESIAN_POINT('Origin',(26.125,-34.925,23.));
#9197=CARTESIAN_POINT('',(26.125,-35.425,23.));
#9198=CARTESIAN_POINT('Origin',(39.125,-35.425,23.));
#9199=CARTESIAN_POINT('',(39.125,-35.425,23.));
#9200=CARTESIAN_POINT('Origin',(39.125,-34.925,23.));
#9201=CARTESIAN_POINT('',(39.625,-34.925,23.));
#9202=CARTESIAN_POINT('Origin',(39.625,-21.925,23.));
#9203=CARTESIAN_POINT('',(39.625,-21.925,23.));
#9204=CARTESIAN_POINT('Origin',(39.125,-21.925,23.));
#9205=CARTESIAN_POINT('',(39.125,-21.425,23.));
#9206=CARTESIAN_POINT('Origin',(26.125,-21.425,23.));
#9207=CARTESIAN_POINT('',(26.125,-21.425,23.));
#9208=CARTESIAN_POINT('Origin',(26.125,-21.925,23.));
#9209=CARTESIAN_POINT('Origin',(44.675,-15.875,23.));
#9210=CARTESIAN_POINT('',(44.675,-2.875,23.));
#9211=CARTESIAN_POINT('',(44.675,-15.875,23.));
#9212=CARTESIAN_POINT('Origin',(45.175,-15.875,23.));
#9213=CARTESIAN_POINT('',(45.175,-16.375,23.));
#9214=CARTESIAN_POINT('Origin',(58.175,-16.375,23.));
#9215=CARTESIAN_POINT('',(58.175,-16.375,23.));
#9216=CARTESIAN_POINT('Origin',(58.175,-15.875,23.));
#9217=CARTESIAN_POINT('',(58.675,-15.875,23.));
#9218=CARTESIAN_POINT('Origin',(58.675,-2.875,23.));
#9219=CARTESIAN_POINT('',(58.675,-2.875,23.));
#9220=CARTESIAN_POINT('Origin',(58.175,-2.875,23.));
#9221=CARTESIAN_POINT('',(58.175,-2.375,23.));
#9222=CARTESIAN_POINT('Origin',(45.175,-2.375,23.));
#9223=CARTESIAN_POINT('',(45.175,-2.375,23.));
#9224=CARTESIAN_POINT('Origin',(45.175,-2.875,23.));
#9225=CARTESIAN_POINT('Origin',(-12.475,-15.875,23.));
#9226=CARTESIAN_POINT('',(-12.475,-2.875,23.));
#9227=CARTESIAN_POINT('',(-12.475,-15.875,23.));
#9228=CARTESIAN_POINT('Origin',(-11.975,-15.875,23.));
#9229=CARTESIAN_POINT('',(-11.975,-16.375,23.));
#9230=CARTESIAN_POINT('Origin',(1.025,-16.375,23.));
#9231=CARTESIAN_POINT('',(1.025,-16.375,23.));
#9232=CARTESIAN_POINT('Origin',(1.025,-15.875,23.));
#9233=CARTESIAN_POINT('',(1.525,-15.875,23.));
#9234=CARTESIAN_POINT('Origin',(1.525,-2.875,23.));
#9235=CARTESIAN_POINT('',(1.525,-2.875,23.));
#9236=CARTESIAN_POINT('Origin',(1.025,-2.875,23.));
#9237=CARTESIAN_POINT('',(1.025,-2.375,23.));
#9238=CARTESIAN_POINT('Origin',(-11.975,-2.375,23.));
#9239=CARTESIAN_POINT('',(-11.975,-2.375,23.));
#9240=CARTESIAN_POINT('Origin',(-11.975,-2.875,23.));
#9241=CARTESIAN_POINT('Origin',(-12.475,3.175,23.));
#9242=CARTESIAN_POINT('',(-12.475,16.175,23.));
#9243=CARTESIAN_POINT('',(-12.475,3.175,23.));
#9244=CARTESIAN_POINT('Origin',(-11.975,3.175,23.));
#9245=CARTESIAN_POINT('',(-11.975,2.675,23.));
#9246=CARTESIAN_POINT('Origin',(1.025,2.675,23.));
#9247=CARTESIAN_POINT('',(1.025,2.675,23.));
#9248=CARTESIAN_POINT('Origin',(1.025,3.175,23.));
#9249=CARTESIAN_POINT('',(1.525,3.175,23.));
#9250=CARTESIAN_POINT('Origin',(1.525,16.175,23.));
#9251=CARTESIAN_POINT('',(1.525,16.175,23.));
#9252=CARTESIAN_POINT('Origin',(1.025,16.175,23.));
#9253=CARTESIAN_POINT('',(1.025,16.675,23.));
#9254=CARTESIAN_POINT('Origin',(-11.975,16.675,23.));
#9255=CARTESIAN_POINT('',(-11.975,16.675,23.));
#9256=CARTESIAN_POINT('Origin',(-11.975,16.175,23.));
#9257=CARTESIAN_POINT('Origin',(44.675,22.225,23.));
#9258=CARTESIAN_POINT('',(44.675,35.225,23.));
#9259=CARTESIAN_POINT('',(44.675,22.225,23.));
#9260=CARTESIAN_POINT('Origin',(45.175,22.225,23.));
#9261=CARTESIAN_POINT('',(45.175,21.725,23.));
#9262=CARTESIAN_POINT('Origin',(58.175,21.725,23.));
#9263=CARTESIAN_POINT('',(58.175,21.725,23.));
#9264=CARTESIAN_POINT('Origin',(58.175,22.225,23.));
#9265=CARTESIAN_POINT('',(58.675,22.225,23.));
#9266=CARTESIAN_POINT('Origin',(58.675,35.225,23.));
#9267=CARTESIAN_POINT('',(58.675,35.225,23.));
#9268=CARTESIAN_POINT('Origin',(58.175,35.225,23.));
#9269=CARTESIAN_POINT('',(58.175,35.725,23.));
#9270=CARTESIAN_POINT('Origin',(45.175,35.725,23.));
#9271=CARTESIAN_POINT('',(45.175,35.725,23.));
#9272=CARTESIAN_POINT('Origin',(45.175,35.225,23.));
#9273=CARTESIAN_POINT('Origin',(-12.475,-34.925,23.));
#9274=CARTESIAN_POINT('',(-12.475,-21.925,23.));
#9275=CARTESIAN_POINT('',(-12.475,-34.925,23.));
#9276=CARTESIAN_POINT('Origin',(-11.975,-34.925,23.));
#9277=CARTESIAN_POINT('',(-11.975,-35.425,23.));
#9278=CARTESIAN_POINT('Origin',(1.025,-35.425,23.));
#9279=CARTESIAN_POINT('',(1.025,-35.425,23.));
#9280=CARTESIAN_POINT('Origin',(1.025,-34.925,23.));
#9281=CARTESIAN_POINT('',(1.525,-34.925,23.));
#9282=CARTESIAN_POINT('Origin',(1.525,-21.925,23.));
#9283=CARTESIAN_POINT('',(1.525,-21.925,23.));
#9284=CARTESIAN_POINT('Origin',(1.025,-21.925,23.));
#9285=CARTESIAN_POINT('',(1.025,-21.425,23.));
#9286=CARTESIAN_POINT('Origin',(-11.975,-21.425,23.));
#9287=CARTESIAN_POINT('',(-11.975,-21.425,23.));
#9288=CARTESIAN_POINT('Origin',(-11.975,-21.925,23.));
#9289=CARTESIAN_POINT('Origin',(44.675,-34.925,23.));
#9290=CARTESIAN_POINT('',(44.675,-21.925,23.));
#9291=CARTESIAN_POINT('',(44.675,-34.925,23.));
#9292=CARTESIAN_POINT('Origin',(45.175,-34.925,23.));
#9293=CARTESIAN_POINT('',(45.175,-35.425,23.));
#9294=CARTESIAN_POINT('Origin',(58.175,-35.425,23.));
#9295=CARTESIAN_POINT('',(58.175,-35.425,23.));
#9296=CARTESIAN_POINT('Origin',(58.175,-34.925,23.));
#9297=CARTESIAN_POINT('',(58.675,-34.925,23.));
#9298=CARTESIAN_POINT('Origin',(58.675,-21.925,23.));
#9299=CARTESIAN_POINT('',(58.675,-21.925,23.));
#9300=CARTESIAN_POINT('Origin',(58.175,-21.925,23.));
#9301=CARTESIAN_POINT('',(58.175,-21.425,23.));
#9302=CARTESIAN_POINT('Origin',(45.175,-21.425,23.));
#9303=CARTESIAN_POINT('',(45.175,-21.425,23.));
#9304=CARTESIAN_POINT('Origin',(45.175,-21.925,23.));
#9305=CARTESIAN_POINT('Origin',(6.575,3.175,23.));
#9306=CARTESIAN_POINT('',(6.575,16.175,23.));
#9307=CARTESIAN_POINT('',(6.575,3.175,23.));
#9308=CARTESIAN_POINT('Origin',(7.075,3.175,23.));
#9309=CARTESIAN_POINT('',(7.075,2.675,23.));
#9310=CARTESIAN_POINT('Origin',(20.075,2.675,23.));
#9311=CARTESIAN_POINT('',(20.075,2.675,23.));
#9312=CARTESIAN_POINT('Origin',(20.075,3.175,23.));
#9313=CARTESIAN_POINT('',(20.575,3.175,23.));
#9314=CARTESIAN_POINT('Origin',(20.575,16.175,23.));
#9315=CARTESIAN_POINT('',(20.575,16.175,23.));
#9316=CARTESIAN_POINT('Origin',(20.075,16.175,23.));
#9317=CARTESIAN_POINT('',(20.075,16.675,23.));
#9318=CARTESIAN_POINT('Origin',(7.075,16.675,23.));
#9319=CARTESIAN_POINT('',(7.075,16.675,23.));
#9320=CARTESIAN_POINT('Origin',(7.075,16.175,23.));
#9321=CARTESIAN_POINT('Origin',(6.575,22.225,23.));
#9322=CARTESIAN_POINT('',(6.575,35.225,23.));
#9323=CARTESIAN_POINT('',(6.575,22.225,23.));
#9324=CARTESIAN_POINT('Origin',(7.075,22.225,23.));
#9325=CARTESIAN_POINT('',(7.075,21.725,23.));
#9326=CARTESIAN_POINT('Origin',(20.075,21.725,23.));
#9327=CARTESIAN_POINT('',(20.075,21.725,23.));
#9328=CARTESIAN_POINT('Origin',(20.075,22.225,23.));
#9329=CARTESIAN_POINT('',(20.575,22.225,23.));
#9330=CARTESIAN_POINT('Origin',(20.575,35.225,23.));
#9331=CARTESIAN_POINT('',(20.575,35.225,23.));
#9332=CARTESIAN_POINT('Origin',(20.075,35.225,23.));
#9333=CARTESIAN_POINT('',(20.075,35.725,23.));
#9334=CARTESIAN_POINT('Origin',(7.075,35.725,23.));
#9335=CARTESIAN_POINT('',(7.075,35.725,23.));
#9336=CARTESIAN_POINT('Origin',(7.075,35.225,23.));
#9337=CARTESIAN_POINT('Origin',(25.625,-15.875,23.));
#9338=CARTESIAN_POINT('',(25.625,-2.875,23.));
#9339=CARTESIAN_POINT('',(25.625,-15.875,23.));
#9340=CARTESIAN_POINT('Origin',(26.125,-15.875,23.));
#9341=CARTESIAN_POINT('',(26.125,-16.375,23.));
#9342=CARTESIAN_POINT('Origin',(39.125,-16.375,23.));
#9343=CARTESIAN_POINT('',(39.125,-16.375,23.));
#9344=CARTESIAN_POINT('Origin',(39.125,-15.875,23.));
#9345=CARTESIAN_POINT('',(39.625,-15.875,23.));
#9346=CARTESIAN_POINT('Origin',(39.625,-2.875,23.));
#9347=CARTESIAN_POINT('',(39.625,-2.875,23.));
#9348=CARTESIAN_POINT('Origin',(39.125,-2.875,23.));
#9349=CARTESIAN_POINT('',(39.125,-2.375,23.));
#9350=CARTESIAN_POINT('Origin',(26.125,-2.375,23.));
#9351=CARTESIAN_POINT('',(26.125,-2.375,23.));
#9352=CARTESIAN_POINT('Origin',(26.125,-2.875,23.));
#9353=CARTESIAN_POINT('Origin',(25.625,3.175,23.));
#9354=CARTESIAN_POINT('',(25.625,16.175,23.));
#9355=CARTESIAN_POINT('',(25.625,3.175,23.));
#9356=CARTESIAN_POINT('Origin',(26.125,3.175,23.));
#9357=CARTESIAN_POINT('',(26.125,2.675,23.));
#9358=CARTESIAN_POINT('Origin',(39.125,2.675,23.));
#9359=CARTESIAN_POINT('',(39.125,2.675,23.));
#9360=CARTESIAN_POINT('Origin',(39.125,3.175,23.));
#9361=CARTESIAN_POINT('',(39.625,3.175,23.));
#9362=CARTESIAN_POINT('Origin',(39.625,16.175,23.));
#9363=CARTESIAN_POINT('',(39.625,16.175,23.));
#9364=CARTESIAN_POINT('Origin',(39.125,16.175,23.));
#9365=CARTESIAN_POINT('',(39.125,16.675,23.));
#9366=CARTESIAN_POINT('Origin',(26.125,16.675,23.));
#9367=CARTESIAN_POINT('',(26.125,16.675,23.));
#9368=CARTESIAN_POINT('Origin',(26.125,16.175,23.));
#9369=CARTESIAN_POINT('Origin',(6.575,-34.925,23.));
#9370=CARTESIAN_POINT('',(6.575,-21.925,23.));
#9371=CARTESIAN_POINT('',(6.575,-34.925,23.));
#9372=CARTESIAN_POINT('Origin',(7.075,-34.925,23.));
#9373=CARTESIAN_POINT('',(7.075,-35.425,23.));
#9374=CARTESIAN_POINT('Origin',(20.075,-35.425,23.));
#9375=CARTESIAN_POINT('',(20.075,-35.425,23.));
#9376=CARTESIAN_POINT('Origin',(20.075,-34.925,23.));
#9377=CARTESIAN_POINT('',(20.575,-34.925,23.));
#9378=CARTESIAN_POINT('Origin',(20.575,-21.925,23.));
#9379=CARTESIAN_POINT('',(20.575,-21.925,23.));
#9380=CARTESIAN_POINT('Origin',(20.075,-21.925,23.));
#9381=CARTESIAN_POINT('',(20.075,-21.425,23.));
#9382=CARTESIAN_POINT('Origin',(7.075,-21.425,23.));
#9383=CARTESIAN_POINT('',(7.075,-21.425,23.));
#9384=CARTESIAN_POINT('Origin',(7.075,-21.925,23.));
#9385=CARTESIAN_POINT('Origin',(6.575,-15.875,23.));
#9386=CARTESIAN_POINT('',(6.575,-2.875,23.));
#9387=CARTESIAN_POINT('',(6.575,-15.875,23.));
#9388=CARTESIAN_POINT('Origin',(7.075,-15.875,23.));
#9389=CARTESIAN_POINT('',(7.075,-16.375,23.));
#9390=CARTESIAN_POINT('Origin',(20.075,-16.375,23.));
#9391=CARTESIAN_POINT('',(20.075,-16.375,23.));
#9392=CARTESIAN_POINT('Origin',(20.075,-15.875,23.));
#9393=CARTESIAN_POINT('',(20.575,-15.875,23.));
#9394=CARTESIAN_POINT('Origin',(20.575,-2.875,23.));
#9395=CARTESIAN_POINT('',(20.575,-2.875,23.));
#9396=CARTESIAN_POINT('Origin',(20.075,-2.875,23.));
#9397=CARTESIAN_POINT('',(20.075,-2.37499999999999,23.));
#9398=CARTESIAN_POINT('Origin',(7.075,-2.375,23.));
#9399=CARTESIAN_POINT('',(7.075,-2.375,23.));
#9400=CARTESIAN_POINT('Origin',(7.075,-2.875,23.));
#9401=CARTESIAN_POINT('Origin',(25.625,22.225,23.));
#9402=CARTESIAN_POINT('',(25.625,35.225,23.));
#9403=CARTESIAN_POINT('',(25.625,22.225,23.));
#9404=CARTESIAN_POINT('Origin',(26.125,22.225,23.));
#9405=CARTESIAN_POINT('',(26.125,21.725,23.));
#9406=CARTESIAN_POINT('Origin',(39.125,21.725,23.));
#9407=CARTESIAN_POINT('',(39.125,21.725,23.));
#9408=CARTESIAN_POINT('Origin',(39.125,22.225,23.));
#9409=CARTESIAN_POINT('',(39.625,22.225,23.));
#9410=CARTESIAN_POINT('Origin',(39.625,35.225,23.));
#9411=CARTESIAN_POINT('',(39.625,35.225,23.));
#9412=CARTESIAN_POINT('Origin',(39.125,35.225,23.));
#9413=CARTESIAN_POINT('',(39.125,35.725,23.));
#9414=CARTESIAN_POINT('Origin',(26.125,35.725,23.));
#9415=CARTESIAN_POINT('',(26.125,35.725,23.));
#9416=CARTESIAN_POINT('Origin',(26.125,35.225,23.));
#9417=CARTESIAN_POINT('Origin',(-65.0000009685755,-43.0000006407499,25.));
#9418=CARTESIAN_POINT('',(-63.5500009685755,-43.0000006407499,25.));
#9419=CARTESIAN_POINT('Origin',(65.0000009685755,43.0000006407499,25.));
#9420=CARTESIAN_POINT('',(66.4500009685755,43.0000006407499,25.));
#9421=CARTESIAN_POINT('Origin',(65.0000009685755,-43.0000006407499,25.));
#9422=CARTESIAN_POINT('',(66.4500009685755,-43.0000006407499,25.));
#9423=CARTESIAN_POINT('Origin',(-65.0000009685755,43.0000006407499,25.));
#9424=CARTESIAN_POINT('',(-63.5500009685755,43.0000006407499,25.));
#9425=UNCERTAINTY_MEASURE_WITH_UNIT(LENGTH_MEASURE(0.01),#9429,
'DISTANCE_ACCURACY_VALUE',
'Maximum model space distance between geometric entities at asserted c
onnectivities');
#9426=UNCERTAINTY_MEASURE_WITH_UNIT(LENGTH_MEASURE(0.01),#9429,
'DISTANCE_ACCURACY_VALUE',
'Maximum model space distance between geometric entities at asserted c
onnectivities');
#9427=(
GEOMETRIC_REPRESENTATION_CONTEXT(3)
GLOBAL_UNCERTAINTY_ASSIGNED_CONTEXT((#9425))
GLOBAL_UNIT_ASSIGNED_CONTEXT((#9429,#9431,#9432))
REPRESENTATION_CONTEXT('','3D')
);
#9428=(
GEOMETRIC_REPRESENTATION_CONTEXT(3)
GLOBAL_UNCERTAINTY_ASSIGNED_CONTEXT((#9426))
GLOBAL_UNIT_ASSIGNED_CONTEXT((#9429,#9431,#9432))
REPRESENTATION_CONTEXT('','3D')
);
#9429=(
LENGTH_UNIT()
NAMED_UNIT(*)
SI_UNIT(.MILLI.,.METRE.)
);
#9430=(
LENGTH_UNIT()
NAMED_UNIT(*)
SI_UNIT($,.METRE.)
);
#9431=(
NAMED_UNIT(*)
PLANE_ANGLE_UNIT()
SI_UNIT($,.RADIAN.)
);
#9432=(
NAMED_UNIT(*)
SI_UNIT($,.STERADIAN.)
SOLID_ANGLE_UNIT()
);
#9433=SHAPE_DEFINITION_REPRESENTATION(#9434,#9435);
#9434=PRODUCT_DEFINITION_SHAPE('',$,#9437);
#9435=SHAPE_REPRESENTATION('',(#5401),#9427);
#9436=PRODUCT_DEFINITION_CONTEXT('part definition',#9441,'design');
#9437=PRODUCT_DEFINITION('2026-08-21-11-26-03-381','HackPad Case V2',#9438,
#9436);
#9438=PRODUCT_DEFINITION_FORMATION('',$,#9443);
#9439=PRODUCT_RELATED_PRODUCT_CATEGORY('HackPad Case V2',
'HackPad Case V2',(#9443));
#9440=APPLICATION_PROTOCOL_DEFINITION('international standard',
'automotive_design',2009,#9441);
#9441=APPLICATION_CONTEXT(
'Core Data for Automotive Mechanical Design Process');
#9442=PRODUCT_CONTEXT('part definition',#9441,'mechanical');
#9443=PRODUCT('2026-08-21-11-26-03-381','HackPad Case V2',$,(#9442));
#9444=PRESENTATION_STYLE_ASSIGNMENT((#9446));
#9445=PRESENTATION_STYLE_ASSIGNMENT((#9447));
#9446=SURFACE_STYLE_USAGE(.BOTH.,#9448);
#9447=SURFACE_STYLE_USAGE(.BOTH.,#9449);
#9448=SURFACE_SIDE_STYLE('',(#9450));
#9449=SURFACE_SIDE_STYLE('',(#9451));
#9450=SURFACE_STYLE_FILL_AREA(#9452);
#9451=SURFACE_STYLE_FILL_AREA(#9453);
#9452=FILL_AREA_STYLE('Steel - Satin',(#9454));
#9453=FILL_AREA_STYLE('ABS (White)',(#9455));
#9454=FILL_AREA_STYLE_COLOUR('Steel - Satin',#9456);
#9455=FILL_AREA_STYLE_COLOUR('ABS (White)',#9457);
#9456=COLOUR_RGB('Steel - Satin',0.627450980392157,0.627450980392157,0.627450980392157);
#9457=COLOUR_RGB('ABS (White)',0.964705882352941,0.964705882352941,0.952941176470588);
ENDSEC;
END-ISO-10303-21;
