ISO-10303-21;
HEADER;
/* Generated by software containing ST-Developer
 * from STEP Tools, Inc. (www.steptools.com) 
 */

FILE_DESCRIPTION(
/* description */ (''),
/* implementation_level */ '2;1');

FILE_NAME(
/* name */ 'CAD.step',
/* time_stamp */ '2026-08-30T16:08:38-04:00',
/* author */ (''),
/* organization */ (''),
/* preprocessor_version */ 'ST-DEVELOPER v20.1',
/* originating_system */ 'Autodesk Translation Framework v15.8.0.0',
/* authorisation */ '');

FILE_SCHEMA (('AUTOMOTIVE_DESIGN { 1 0 10303 214 3 1 1 }'));
ENDSEC;

DATA;
#10=MECHANICAL_DESIGN_GEOMETRIC_PRESENTATION_REPRESENTATION('',(#152,#153,
#154),#10294);
#11=SHAPE_REPRESENTATION_RELATIONSHIP('SRR','None',#10301,#12);
#12=ADVANCED_BREP_SHAPE_REPRESENTATION('',(#155,#156,#157),#10293);
#13=SPHERICAL_SURFACE('',#6060,1.);
#14=SPHERICAL_SURFACE('',#6062,1.);
#15=SPHERICAL_SURFACE('',#6064,1.);
#16=SPHERICAL_SURFACE('',#6066,1.);
#17=B_SPLINE_CURVE_WITH_KNOTS('',3,(#8044,#8045,#8046,#8047,#8048),
 .UNSPECIFIED.,.F.,.F.,(4,1,4),(0.,0.0437377981828045,0.115390314527415),
 .UNSPECIFIED.);
#18=B_SPLINE_CURVE_WITH_KNOTS('',3,(#8052,#8053,#8054,#8055,#8056),
 .UNSPECIFIED.,.F.,.F.,(4,1,4),(0.,0.0437377981828045,0.115390314527415),
 .UNSPECIFIED.);
#19=B_SPLINE_CURVE_WITH_KNOTS('',3,(#8069,#8070,#8071,#8072,#8073),
 .UNSPECIFIED.,.F.,.F.,(4,1,4),(0.,0.035375869728024,0.0733452000147817),
 .UNSPECIFIED.);
#20=B_SPLINE_CURVE_WITH_KNOTS('',3,(#8076,#8077,#8078,#8079,#8080),
 .UNSPECIFIED.,.F.,.F.,(4,1,4),(0.,0.035375869728024,0.0733452000147817),
 .UNSPECIFIED.);
#21=B_SPLINE_CURVE_WITH_KNOTS('',3,(#8092,#8093,#8094,#8095,#8096),
 .UNSPECIFIED.,.F.,.F.,(4,1,4),(0.,0.0419807825833105,0.0787432306160914),
 .UNSPECIFIED.);
#22=B_SPLINE_CURVE_WITH_KNOTS('',3,(#8099,#8100,#8101,#8102,#8103),
 .UNSPECIFIED.,.F.,.F.,(4,1,4),(0.,0.0419807825833105,0.0787432306160914),
 .UNSPECIFIED.);
#23=B_SPLINE_CURVE_WITH_KNOTS('',3,(#8115,#8116,#8117,#8118,#8119),
 .UNSPECIFIED.,.F.,.F.,(4,1,4),(0.,0.0712489329544342,0.124773151224986),
 .UNSPECIFIED.);
#24=B_SPLINE_CURVE_WITH_KNOTS('',3,(#8122,#8123,#8124,#8125,#8126),
 .UNSPECIFIED.,.F.,.F.,(4,1,4),(0.,0.0712489329544342,0.124773151224986),
 .UNSPECIFIED.);
#25=B_SPLINE_CURVE_WITH_KNOTS('',3,(#8138,#8139,#8140,#8141,#8142),
 .UNSPECIFIED.,.F.,.F.,(4,1,4),(0.,0.0561374206532762,0.128273312279763),
 .UNSPECIFIED.);
#26=B_SPLINE_CURVE_WITH_KNOTS('',3,(#8145,#8146,#8147,#8148,#8149),
 .UNSPECIFIED.,.F.,.F.,(4,1,4),(0.,0.0561374206532762,0.128273312279763),
 .UNSPECIFIED.);
#27=B_SPLINE_CURVE_WITH_KNOTS('',3,(#8161,#8162,#8163,#8164,#8165),
 .UNSPECIFIED.,.F.,.F.,(4,1,4),(0.,0.0338047414428339,0.0770645741257646),
 .UNSPECIFIED.);
#28=B_SPLINE_CURVE_WITH_KNOTS('',3,(#8168,#8169,#8170,#8171,#8172),
 .UNSPECIFIED.,.F.,.F.,(4,1,4),(0.,0.0338047414428339,0.0770645741257646),
 .UNSPECIFIED.);
#29=B_SPLINE_CURVE_WITH_KNOTS('',3,(#8184,#8185,#8186,#8187,#8188),
 .UNSPECIFIED.,.F.,.F.,(4,1,4),(0.,0.0332462558168699,0.0640353181753004),
 .UNSPECIFIED.);
#30=B_SPLINE_CURVE_WITH_KNOTS('',3,(#8191,#8192,#8193,#8194,#8195),
 .UNSPECIFIED.,.F.,.F.,(4,1,4),(0.,0.0332462558168699,0.0640353181753004),
 .UNSPECIFIED.);
#31=B_SPLINE_CURVE_WITH_KNOTS('',3,(#8207,#8208,#8209,#8210,#8211),
 .UNSPECIFIED.,.F.,.F.,(4,1,4),(0.,0.0505857346923728,0.0851635152552372),
 .UNSPECIFIED.);
#32=B_SPLINE_CURVE_WITH_KNOTS('',3,(#8214,#8215,#8216,#8217,#8218),
 .UNSPECIFIED.,.F.,.F.,(4,1,4),(0.,0.0505857346923728,0.0851635152552372),
 .UNSPECIFIED.);
#33=B_SPLINE_CURVE_WITH_KNOTS('',3,(#8254,#8255,#8256,#8257,#8258),
 .UNSPECIFIED.,.F.,.F.,(4,1,4),(0.,0.055335020531234,0.125289454000745),
 .UNSPECIFIED.);
#34=B_SPLINE_CURVE_WITH_KNOTS('',3,(#8261,#8262,#8263,#8264,#8265),
 .UNSPECIFIED.,.F.,.F.,(4,1,4),(0.,0.055335020531234,0.125289454000745),
 .UNSPECIFIED.);
#35=B_SPLINE_CURVE_WITH_KNOTS('',3,(#8277,#8278,#8279,#8280,#8281),
 .UNSPECIFIED.,.F.,.F.,(4,1,4),(0.,0.05325979359538,0.113784480846954),
 .UNSPECIFIED.);
#36=B_SPLINE_CURVE_WITH_KNOTS('',3,(#8284,#8285,#8286,#8287,#8288),
 .UNSPECIFIED.,.F.,.F.,(4,1,4),(0.,0.05325979359538,0.113784480846954),
 .UNSPECIFIED.);
#37=B_SPLINE_CURVE_WITH_KNOTS('',3,(#8300,#8301,#8302,#8303,#8304),
 .UNSPECIFIED.,.F.,.F.,(4,1,4),(0.,0.0754934232019937,0.144449537935126),
 .UNSPECIFIED.);
#38=B_SPLINE_CURVE_WITH_KNOTS('',3,(#8307,#8308,#8309,#8310,#8311),
 .UNSPECIFIED.,.F.,.F.,(4,1,4),(0.,0.0754934232019937,0.144449537935126),
 .UNSPECIFIED.);
#39=B_SPLINE_CURVE_WITH_KNOTS('',3,(#8323,#8324,#8325,#8326,#8327),
 .UNSPECIFIED.,.F.,.F.,(4,1,4),(0.,0.0799814970973846,0.149799403889785),
 .UNSPECIFIED.);
#40=B_SPLINE_CURVE_WITH_KNOTS('',3,(#8330,#8331,#8332,#8333,#8334),
 .UNSPECIFIED.,.F.,.F.,(4,1,4),(0.,0.0799814970973846,0.149799403889785),
 .UNSPECIFIED.);
#41=B_SPLINE_CURVE_WITH_KNOTS('',3,(#8346,#8347,#8348,#8349,#8350),
 .UNSPECIFIED.,.F.,.F.,(4,1,4),(0.,0.0762293117929385,0.166217787376522),
 .UNSPECIFIED.);
#42=B_SPLINE_CURVE_WITH_KNOTS('',3,(#8353,#8354,#8355,#8356,#8357),
 .UNSPECIFIED.,.F.,.F.,(4,1,4),(0.,0.0762293117929385,0.166217787376522),
 .UNSPECIFIED.);
#43=B_SPLINE_CURVE_WITH_KNOTS('',3,(#8369,#8370,#8371,#8372,#8373),
 .UNSPECIFIED.,.F.,.F.,(4,1,4),(0.,0.0638903239055462,0.131342367801887),
 .UNSPECIFIED.);
#44=B_SPLINE_CURVE_WITH_KNOTS('',3,(#8376,#8377,#8378,#8379,#8380),
 .UNSPECIFIED.,.F.,.F.,(4,1,4),(0.,0.0638903239055462,0.131342367801887),
 .UNSPECIFIED.);
#45=B_SPLINE_CURVE_WITH_KNOTS('',3,(#8392,#8393,#8394,#8395,#8396),
 .UNSPECIFIED.,.F.,.F.,(4,1,4),(0.,0.061973770483433,0.123755766362202),
 .UNSPECIFIED.);
#46=B_SPLINE_CURVE_WITH_KNOTS('',3,(#8399,#8400,#8401,#8402,#8403),
 .UNSPECIFIED.,.F.,.F.,(4,1,4),(0.,0.061973770483433,0.123755766362202),
 .UNSPECIFIED.);
#47=B_SPLINE_CURVE_WITH_KNOTS('',3,(#8415,#8416,#8417,#8418,#8419),
 .UNSPECIFIED.,.F.,.F.,(4,1,4),(0.,0.0764421641446483,0.133090126094356),
 .UNSPECIFIED.);
#48=B_SPLINE_CURVE_WITH_KNOTS('',3,(#8422,#8423,#8424,#8425,#8426),
 .UNSPECIFIED.,.F.,.F.,(4,1,4),(0.,0.0764421641446483,0.133090126094356),
 .UNSPECIFIED.);
#49=B_SPLINE_CURVE_WITH_KNOTS('',3,(#8449,#8450,#8451,#8452,#8453),
 .UNSPECIFIED.,.F.,.F.,(4,1,4),(0.,0.037936930039473,0.101057434373445),
 .UNSPECIFIED.);
#50=B_SPLINE_CURVE_WITH_KNOTS('',3,(#8457,#8458,#8459,#8460,#8461),
 .UNSPECIFIED.,.F.,.F.,(4,1,4),(0.,0.037936930039473,0.101057434373445),
 .UNSPECIFIED.);
#51=B_SPLINE_CURVE_WITH_KNOTS('',3,(#8474,#8475,#8476,#8477,#8478),
 .UNSPECIFIED.,.F.,.F.,(4,1,4),(0.,0.0321939446498053,0.0651456395003579),
 .UNSPECIFIED.);
#52=B_SPLINE_CURVE_WITH_KNOTS('',3,(#8481,#8482,#8483,#8484,#8485),
 .UNSPECIFIED.,.F.,.F.,(4,1,4),(0.,0.0321939446498053,0.0651456395003579),
 .UNSPECIFIED.);
#53=B_SPLINE_CURVE_WITH_KNOTS('',3,(#8497,#8498,#8499,#8500,#8501),
 .UNSPECIFIED.,.F.,.F.,(4,1,4),(0.,0.0350187515710041,0.0675693665267053),
 .UNSPECIFIED.);
#54=B_SPLINE_CURVE_WITH_KNOTS('',3,(#8504,#8505,#8506,#8507,#8508),
 .UNSPECIFIED.,.F.,.F.,(4,1,4),(0.,0.0350187515710041,0.0675693665267053),
 .UNSPECIFIED.);
#55=B_SPLINE_CURVE_WITH_KNOTS('',3,(#8520,#8521,#8522,#8523,#8524),
 .UNSPECIFIED.,.F.,.F.,(4,1,4),(0.,0.0277793665774392,0.0569407338393514),
 .UNSPECIFIED.);
#56=B_SPLINE_CURVE_WITH_KNOTS('',3,(#8527,#8528,#8529,#8530,#8531),
 .UNSPECIFIED.,.F.,.F.,(4,1,4),(0.,0.0277793665774392,0.0569407338393514),
 .UNSPECIFIED.);
#57=B_SPLINE_CURVE_WITH_KNOTS('',3,(#8543,#8544,#8545,#8546,#8547),
 .UNSPECIFIED.,.F.,.F.,(4,1,4),(0.,0.0285727241624949,0.0561735719570882),
 .UNSPECIFIED.);
#58=B_SPLINE_CURVE_WITH_KNOTS('',3,(#8550,#8551,#8552,#8553,#8554),
 .UNSPECIFIED.,.F.,.F.,(4,1,4),(0.,0.0285727241624949,0.0561735719570882),
 .UNSPECIFIED.);
#59=B_SPLINE_CURVE_WITH_KNOTS('',3,(#8566,#8567,#8568,#8569,#8570),
 .UNSPECIFIED.,.F.,.F.,(4,1,4),(0.,0.069201192178308,0.111672332815318),
 .UNSPECIFIED.);
#60=B_SPLINE_CURVE_WITH_KNOTS('',3,(#8573,#8574,#8575,#8576,#8577),
 .UNSPECIFIED.,.F.,.F.,(4,1,4),(0.,0.069201192178308,0.111672332815318),
 .UNSPECIFIED.);
#61=B_SPLINE_CURVE_WITH_KNOTS('',3,(#8619,#8620,#8621,#8622,#8623),
 .UNSPECIFIED.,.F.,.F.,(4,1,4),(0.,0.061902043177421,0.145886993930772),
 .UNSPECIFIED.);
#62=B_SPLINE_CURVE_WITH_KNOTS('',3,(#8626,#8627,#8628,#8629,#8630),
 .UNSPECIFIED.,.F.,.F.,(4,1,4),(0.,0.061902043177421,0.145886993930772),
 .UNSPECIFIED.);
#63=B_SPLINE_CURVE_WITH_KNOTS('',3,(#8642,#8643,#8644,#8645,#8646),
 .UNSPECIFIED.,.F.,.F.,(4,1,4),(0.,0.0415543343019429,0.0801954288600619),
 .UNSPECIFIED.);
#64=B_SPLINE_CURVE_WITH_KNOTS('',3,(#8649,#8650,#8651,#8652,#8653),
 .UNSPECIFIED.,.F.,.F.,(4,1,4),(0.,0.0415543343019429,0.0801954288600619),
 .UNSPECIFIED.);
#65=B_SPLINE_CURVE_WITH_KNOTS('',3,(#8665,#8666,#8667,#8668,#8669),
 .UNSPECIFIED.,.F.,.F.,(4,1,4),(0.,0.0469776709080068,0.0909863991788258),
 .UNSPECIFIED.);
#66=B_SPLINE_CURVE_WITH_KNOTS('',3,(#8672,#8673,#8674,#8675,#8676),
 .UNSPECIFIED.,.F.,.F.,(4,1,4),(0.,0.0469776709080068,0.0909863991788258),
 .UNSPECIFIED.);
#67=B_SPLINE_CURVE_WITH_KNOTS('',3,(#8688,#8689,#8690,#8691,#8692),
 .UNSPECIFIED.,.F.,.F.,(4,1,4),(0.,0.0591317166615123,0.110814507981787),
 .UNSPECIFIED.);
#68=B_SPLINE_CURVE_WITH_KNOTS('',3,(#8695,#8696,#8697,#8698,#8699),
 .UNSPECIFIED.,.F.,.F.,(4,1,4),(0.,0.0591317166615123,0.110814507981787),
 .UNSPECIFIED.);
#69=B_SPLINE_CURVE_WITH_KNOTS('',3,(#8711,#8712,#8713,#8714,#8715),
 .UNSPECIFIED.,.F.,.F.,(4,1,4),(0.,0.0671430081025216,0.143058328987998),
 .UNSPECIFIED.);
#70=B_SPLINE_CURVE_WITH_KNOTS('',3,(#8718,#8719,#8720,#8721,#8722),
 .UNSPECIFIED.,.F.,.F.,(4,1,4),(0.,0.0671430081025216,0.143058328987998),
 .UNSPECIFIED.);
#71=B_SPLINE_CURVE_WITH_KNOTS('',3,(#8734,#8735,#8736,#8737,#8738),
 .UNSPECIFIED.,.F.,.F.,(4,1,4),(0.,0.0601714507460106,0.122602805326121),
 .UNSPECIFIED.);
#72=B_SPLINE_CURVE_WITH_KNOTS('',3,(#8741,#8742,#8743,#8744,#8745),
 .UNSPECIFIED.,.F.,.F.,(4,1,4),(0.,0.0601714507460106,0.122602805326121),
 .UNSPECIFIED.);
#73=B_SPLINE_CURVE_WITH_KNOTS('',3,(#8757,#8758,#8759,#8760,#8761),
 .UNSPECIFIED.,.F.,.F.,(4,1,4),(0.,0.105647733853293,0.167241195855251),
 .UNSPECIFIED.);
#74=B_SPLINE_CURVE_WITH_KNOTS('',3,(#8764,#8765,#8766,#8767,#8768),
 .UNSPECIFIED.,.F.,.F.,(4,1,4),(0.,0.105647733853293,0.167241195855251),
 .UNSPECIFIED.);
#75=B_SPLINE_CURVE_WITH_KNOTS('',3,(#8937,#8938,#8939,#8940,#8941),
 .UNSPECIFIED.,.F.,.F.,(4,1,4),(0.,0.0527321638920232,0.104309549415285),
 .UNSPECIFIED.);
#76=B_SPLINE_CURVE_WITH_KNOTS('',3,(#8945,#8946,#8947,#8948,#8949),
 .UNSPECIFIED.,.F.,.F.,(4,1,4),(0.,0.0527321638920232,0.104309549415285),
 .UNSPECIFIED.);
#77=B_SPLINE_CURVE_WITH_KNOTS('',3,(#8962,#8963,#8964,#8965,#8966),
 .UNSPECIFIED.,.F.,.F.,(4,1,4),(0.,0.0687265335053693,0.138807229173234),
 .UNSPECIFIED.);
#78=B_SPLINE_CURVE_WITH_KNOTS('',3,(#8969,#8970,#8971,#8972,#8973),
 .UNSPECIFIED.,.F.,.F.,(4,1,4),(0.,0.0687265335053693,0.138807229173234),
 .UNSPECIFIED.);
#79=B_SPLINE_CURVE_WITH_KNOTS('',3,(#8985,#8986,#8987,#8988,#8989),
 .UNSPECIFIED.,.F.,.F.,(4,1,4),(0.,0.113340055206597,0.196173657422703),
 .UNSPECIFIED.);
#80=B_SPLINE_CURVE_WITH_KNOTS('',3,(#8992,#8993,#8994,#8995,#8996),
 .UNSPECIFIED.,.F.,.F.,(4,1,4),(0.,0.113340055206597,0.196173657422703),
 .UNSPECIFIED.);
#81=B_SPLINE_CURVE_WITH_KNOTS('',3,(#9008,#9009,#9010,#9011,#9012),
 .UNSPECIFIED.,.F.,.F.,(4,1,4),(0.,0.0810426427293503,0.188634049721713),
 .UNSPECIFIED.);
#82=B_SPLINE_CURVE_WITH_KNOTS('',3,(#9015,#9016,#9017,#9018,#9019),
 .UNSPECIFIED.,.F.,.F.,(4,1,4),(0.,0.0810426427293503,0.188634049721713),
 .UNSPECIFIED.);
#83=B_SPLINE_CURVE_WITH_KNOTS('',3,(#9031,#9032,#9033,#9034,#9035),
 .UNSPECIFIED.,.F.,.F.,(4,1,4),(0.,0.0712764003505385,0.140494860287894),
 .UNSPECIFIED.);
#84=B_SPLINE_CURVE_WITH_KNOTS('',3,(#9038,#9039,#9040,#9041,#9042),
 .UNSPECIFIED.,.F.,.F.,(4,1,4),(0.,0.0712764003505385,0.140494860287894),
 .UNSPECIFIED.);
#85=B_SPLINE_CURVE_WITH_KNOTS('',3,(#9054,#9055,#9056,#9057,#9058),
 .UNSPECIFIED.,.F.,.F.,(4,1,4),(0.,0.0492186168732923,0.101489028318416),
 .UNSPECIFIED.);
#86=B_SPLINE_CURVE_WITH_KNOTS('',3,(#9061,#9062,#9063,#9064,#9065),
 .UNSPECIFIED.,.F.,.F.,(4,1,4),(0.,0.0492186168732923,0.101489028318416),
 .UNSPECIFIED.);
#87=B_SPLINE_CURVE_WITH_KNOTS('',3,(#9077,#9078,#9079,#9080,#9081),
 .UNSPECIFIED.,.F.,.F.,(4,1,4),(0.,0.0519119284189507,0.101037994849487),
 .UNSPECIFIED.);
#88=B_SPLINE_CURVE_WITH_KNOTS('',3,(#9084,#9085,#9086,#9087,#9088),
 .UNSPECIFIED.,.F.,.F.,(4,1,4),(0.,0.0519119284189507,0.101037994849487),
 .UNSPECIFIED.);
#89=B_SPLINE_CURVE_WITH_KNOTS('',3,(#9106,#9107,#9108,#9109,#9110),
 .UNSPECIFIED.,.F.,.F.,(4,1,4),(0.,0.0682505746240512,0.147623455811874),
 .UNSPECIFIED.);
#90=B_SPLINE_CURVE_WITH_KNOTS('',3,(#9113,#9114,#9115,#9116,#9117),
 .UNSPECIFIED.,.F.,.F.,(4,1,4),(0.,0.0682505746240512,0.147623455811874),
 .UNSPECIFIED.);
#91=B_SPLINE_CURVE_WITH_KNOTS('',3,(#9129,#9130,#9131,#9132,#9133),
 .UNSPECIFIED.,.F.,.F.,(4,1,4),(0.,0.116968210799567,0.224516934458338),
 .UNSPECIFIED.);
#92=B_SPLINE_CURVE_WITH_KNOTS('',3,(#9136,#9137,#9138,#9139,#9140),
 .UNSPECIFIED.,.F.,.F.,(4,1,4),(0.,0.116968210799567,0.224516934458338),
 .UNSPECIFIED.);
#93=B_SPLINE_CURVE_WITH_KNOTS('',3,(#9152,#9153,#9154,#9155,#9156),
 .UNSPECIFIED.,.F.,.F.,(4,1,4),(0.,0.126124865389441,0.260071037448326),
 .UNSPECIFIED.);
#94=B_SPLINE_CURVE_WITH_KNOTS('',3,(#9159,#9160,#9161,#9162,#9163),
 .UNSPECIFIED.,.F.,.F.,(4,1,4),(0.,0.126124865389441,0.260071037448326),
 .UNSPECIFIED.);
#95=B_SPLINE_CURVE_WITH_KNOTS('',3,(#9175,#9176,#9177,#9178,#9179),
 .UNSPECIFIED.,.F.,.F.,(4,1,4),(0.,0.155600956292906,0.288992124083428),
 .UNSPECIFIED.);
#96=B_SPLINE_CURVE_WITH_KNOTS('',3,(#9182,#9183,#9184,#9185,#9186),
 .UNSPECIFIED.,.F.,.F.,(4,1,4),(0.,0.155600956292906,0.288992124083428),
 .UNSPECIFIED.);
#97=B_SPLINE_CURVE_WITH_KNOTS('',3,(#9198,#9199,#9200,#9201,#9202),
 .UNSPECIFIED.,.F.,.F.,(4,1,4),(0.,0.130253008545451,0.278458266123251),
 .UNSPECIFIED.);
#98=B_SPLINE_CURVE_WITH_KNOTS('',3,(#9205,#9206,#9207,#9208,#9209),
 .UNSPECIFIED.,.F.,.F.,(4,1,4),(0.,0.130253008545451,0.278458266123251),
 .UNSPECIFIED.);
#99=B_SPLINE_CURVE_WITH_KNOTS('',3,(#9221,#9222,#9223,#9224,#9225),
 .UNSPECIFIED.,.F.,.F.,(4,1,4),(0.,0.128176706747833,0.251846529384803),
 .UNSPECIFIED.);
#100=B_SPLINE_CURVE_WITH_KNOTS('',3,(#9228,#9229,#9230,#9231,#9232),
 .UNSPECIFIED.,.F.,.F.,(4,1,4),(0.,0.128176706747833,0.251846529384803),
 .UNSPECIFIED.);
#101=B_SPLINE_CURVE_WITH_KNOTS('',3,(#9244,#9245,#9246,#9247,#9248),
 .UNSPECIFIED.,.F.,.F.,(4,1,4),(0.,0.0922681056920302,0.195200841153634),
 .UNSPECIFIED.);
#102=B_SPLINE_CURVE_WITH_KNOTS('',3,(#9251,#9252,#9253,#9254,#9255),
 .UNSPECIFIED.,.F.,.F.,(4,1,4),(0.,0.0922681056920302,0.195200841153634),
 .UNSPECIFIED.);
#103=B_SPLINE_CURVE_WITH_KNOTS('',3,(#9267,#9268,#9269,#9270,#9271),
 .UNSPECIFIED.,.F.,.F.,(4,1,4),(0.,0.107433255669118,0.201017702509825),
 .UNSPECIFIED.);
#104=B_SPLINE_CURVE_WITH_KNOTS('',3,(#9274,#9275,#9276,#9277,#9278),
 .UNSPECIFIED.,.F.,.F.,(4,1,4),(0.,0.107433255669118,0.201017702509825),
 .UNSPECIFIED.);
#105=B_SPLINE_CURVE_WITH_KNOTS('',3,(#9295,#9296,#9297,#9298,#9299),
 .UNSPECIFIED.,.F.,.F.,(4,1,4),(0.,0.0573076850899687,0.127333938510571),
 .UNSPECIFIED.);
#106=B_SPLINE_CURVE_WITH_KNOTS('',3,(#9300,#9301,#9302,#9303,#9304),
 .UNSPECIFIED.,.F.,.F.,(4,1,4),(0.,0.0573076850899687,0.127333938510571),
 .UNSPECIFIED.);
#107=B_SPLINE_SURFACE_WITH_KNOTS('',3,1,((#8032,#8033),(#8034,#8035),(#8036,
#8037),(#8038,#8039),(#8040,#8041)),.UNSPECIFIED.,.F.,.F.,.F.,(4,1,4),(2,
2),(0.,0.0437377981828045,0.115390314527415),(0.,0.0499999999999998),
 .UNSPECIFIED.);
#108=B_SPLINE_SURFACE_WITH_KNOTS('',3,1,((#8058,#8059),(#8060,#8061),(#8062,
#8063),(#8064,#8065),(#8066,#8067)),.UNSPECIFIED.,.F.,.F.,.F.,(4,1,4),(2,
2),(0.,0.035375869728024,0.0733452000147817),(0.,0.0499999999999998),
 .UNSPECIFIED.);
#109=B_SPLINE_SURFACE_WITH_KNOTS('',3,1,((#8081,#8082),(#8083,#8084),(#8085,
#8086),(#8087,#8088),(#8089,#8090)),.UNSPECIFIED.,.F.,.F.,.F.,(4,1,4),(2,
2),(0.,0.0419807825833105,0.0787432306160914),(0.,0.0499999999999998),
 .UNSPECIFIED.);
#110=B_SPLINE_SURFACE_WITH_KNOTS('',3,1,((#8104,#8105),(#8106,#8107),(#8108,
#8109),(#8110,#8111),(#8112,#8113)),.UNSPECIFIED.,.F.,.F.,.F.,(4,1,4),(2,
2),(0.,0.0712489329544342,0.124773151224986),(0.,0.0499999999999998),
 .UNSPECIFIED.);
#111=B_SPLINE_SURFACE_WITH_KNOTS('',3,1,((#8127,#8128),(#8129,#8130),(#8131,
#8132),(#8133,#8134),(#8135,#8136)),.UNSPECIFIED.,.F.,.F.,.F.,(4,1,4),(2,
2),(0.,0.0561374206532762,0.128273312279763),(0.,0.0499999999999998),
 .UNSPECIFIED.);
#112=B_SPLINE_SURFACE_WITH_KNOTS('',3,1,((#8150,#8151),(#8152,#8153),(#8154,
#8155),(#8156,#8157),(#8158,#8159)),.UNSPECIFIED.,.F.,.F.,.F.,(4,1,4),(2,
2),(0.,0.0338047414428339,0.0770645741257646),(0.,0.0499999999999998),
 .UNSPECIFIED.);
#113=B_SPLINE_SURFACE_WITH_KNOTS('',3,1,((#8173,#8174),(#8175,#8176),(#8177,
#8178),(#8179,#8180),(#8181,#8182)),.UNSPECIFIED.,.F.,.F.,.F.,(4,1,4),(2,
2),(0.,0.0332462558168699,0.0640353181753004),(0.,0.0499999999999998),
 .UNSPECIFIED.);
#114=B_SPLINE_SURFACE_WITH_KNOTS('',3,1,((#8196,#8197),(#8198,#8199),(#8200,
#8201),(#8202,#8203),(#8204,#8205)),.UNSPECIFIED.,.F.,.F.,.F.,(4,1,4),(2,
2),(0.,0.0505857346923728,0.0851635152552372),(0.,0.0499999999999998),
 .UNSPECIFIED.);
#115=B_SPLINE_SURFACE_WITH_KNOTS('',3,1,((#8243,#8244),(#8245,#8246),(#8247,
#8248),(#8249,#8250),(#8251,#8252)),.UNSPECIFIED.,.F.,.F.,.F.,(4,1,4),(2,
2),(0.,0.055335020531234,0.125289454000745),(0.,0.0499999999999998),
 .UNSPECIFIED.);
#116=B_SPLINE_SURFACE_WITH_KNOTS('',3,1,((#8266,#8267),(#8268,#8269),(#8270,
#8271),(#8272,#8273),(#8274,#8275)),.UNSPECIFIED.,.F.,.F.,.F.,(4,1,4),(2,
2),(0.,0.05325979359538,0.113784480846954),(0.,0.0499999999999998),
 .UNSPECIFIED.);
#117=B_SPLINE_SURFACE_WITH_KNOTS('',3,1,((#8289,#8290),(#8291,#8292),(#8293,
#8294),(#8295,#8296),(#8297,#8298)),.UNSPECIFIED.,.F.,.F.,.F.,(4,1,4),(2,
2),(0.,0.0754934232019937,0.144449537935126),(0.,0.0499999999999998),
 .UNSPECIFIED.);
#118=B_SPLINE_SURFACE_WITH_KNOTS('',3,1,((#8312,#8313),(#8314,#8315),(#8316,
#8317),(#8318,#8319),(#8320,#8321)),.UNSPECIFIED.,.F.,.F.,.F.,(4,1,4),(2,
2),(0.,0.0799814970973846,0.149799403889785),(0.,0.0499999999999998),
 .UNSPECIFIED.);
#119=B_SPLINE_SURFACE_WITH_KNOTS('',3,1,((#8335,#8336),(#8337,#8338),(#8339,
#8340),(#8341,#8342),(#8343,#8344)),.UNSPECIFIED.,.F.,.F.,.F.,(4,1,4),(2,
2),(0.,0.0762293117929385,0.166217787376522),(0.,0.0499999999999998),
 .UNSPECIFIED.);
#120=B_SPLINE_SURFACE_WITH_KNOTS('',3,1,((#8358,#8359),(#8360,#8361),(#8362,
#8363),(#8364,#8365),(#8366,#8367)),.UNSPECIFIED.,.F.,.F.,.F.,(4,1,4),(2,
2),(0.,0.0638903239055462,0.131342367801887),(0.,0.0499999999999998),
 .UNSPECIFIED.);
#121=B_SPLINE_SURFACE_WITH_KNOTS('',3,1,((#8381,#8382),(#8383,#8384),(#8385,
#8386),(#8387,#8388),(#8389,#8390)),.UNSPECIFIED.,.F.,.F.,.F.,(4,1,4),(2,
2),(0.,0.061973770483433,0.123755766362202),(0.,0.0499999999999998),
 .UNSPECIFIED.);
#122=B_SPLINE_SURFACE_WITH_KNOTS('',3,1,((#8404,#8405),(#8406,#8407),(#8408,
#8409),(#8410,#8411),(#8412,#8413)),.UNSPECIFIED.,.F.,.F.,.F.,(4,1,4),(2,
2),(0.,0.0764421641446483,0.133090126094356),(0.,0.0499999999999998),
 .UNSPECIFIED.);
#123=B_SPLINE_SURFACE_WITH_KNOTS('',3,1,((#8437,#8438),(#8439,#8440),(#8441,
#8442),(#8443,#8444),(#8445,#8446)),.UNSPECIFIED.,.F.,.F.,.F.,(4,1,4),(2,
2),(0.,0.037936930039473,0.101057434373445),(0.,0.0499999999999998),
 .UNSPECIFIED.);
#124=B_SPLINE_SURFACE_WITH_KNOTS('',3,1,((#8463,#8464),(#8465,#8466),(#8467,
#8468),(#8469,#8470),(#8471,#8472)),.UNSPECIFIED.,.F.,.F.,.F.,(4,1,4),(2,
2),(0.,0.0321939446498053,0.0651456395003579),(0.,0.0499999999999998),
 .UNSPECIFIED.);
#125=B_SPLINE_SURFACE_WITH_KNOTS('',3,1,((#8486,#8487),(#8488,#8489),(#8490,
#8491),(#8492,#8493),(#8494,#8495)),.UNSPECIFIED.,.F.,.F.,.F.,(4,1,4),(2,
2),(0.,0.0350187515710041,0.0675693665267053),(0.,0.0499999999999998),
 .UNSPECIFIED.);
#126=B_SPLINE_SURFACE_WITH_KNOTS('',3,1,((#8509,#8510),(#8511,#8512),(#8513,
#8514),(#8515,#8516),(#8517,#8518)),.UNSPECIFIED.,.F.,.F.,.F.,(4,1,4),(2,
2),(0.,0.0277793665774392,0.0569407338393514),(0.,0.0499999999999998),
 .UNSPECIFIED.);
#127=B_SPLINE_SURFACE_WITH_KNOTS('',3,1,((#8532,#8533),(#8534,#8535),(#8536,
#8537),(#8538,#8539),(#8540,#8541)),.UNSPECIFIED.,.F.,.F.,.F.,(4,1,4),(2,
2),(0.,0.0285727241624949,0.0561735719570882),(0.,0.0499999999999998),
 .UNSPECIFIED.);
#128=B_SPLINE_SURFACE_WITH_KNOTS('',3,1,((#8555,#8556),(#8557,#8558),(#8559,
#8560),(#8561,#8562),(#8563,#8564)),.UNSPECIFIED.,.F.,.F.,.F.,(4,1,4),(2,
2),(0.,0.069201192178308,0.111672332815318),(0.,0.0499999999999998),
 .UNSPECIFIED.);
#129=B_SPLINE_SURFACE_WITH_KNOTS('',3,1,((#8608,#8609),(#8610,#8611),(#8612,
#8613),(#8614,#8615),(#8616,#8617)),.UNSPECIFIED.,.F.,.F.,.F.,(4,1,4),(2,
2),(0.,0.061902043177421,0.145886993930772),(0.,0.0499999999999998),
 .UNSPECIFIED.);
#130=B_SPLINE_SURFACE_WITH_KNOTS('',3,1,((#8631,#8632),(#8633,#8634),(#8635,
#8636),(#8637,#8638),(#8639,#8640)),.UNSPECIFIED.,.F.,.F.,.F.,(4,1,4),(2,
2),(0.,0.0415543343019429,0.0801954288600619),(0.,0.0499999999999998),
 .UNSPECIFIED.);
#131=B_SPLINE_SURFACE_WITH_KNOTS('',3,1,((#8654,#8655),(#8656,#8657),(#8658,
#8659),(#8660,#8661),(#8662,#8663)),.UNSPECIFIED.,.F.,.F.,.F.,(4,1,4),(2,
2),(0.,0.0469776709080068,0.0909863991788258),(0.,0.0499999999999998),
 .UNSPECIFIED.);
#132=B_SPLINE_SURFACE_WITH_KNOTS('',3,1,((#8677,#8678),(#8679,#8680),(#8681,
#8682),(#8683,#8684),(#8685,#8686)),.UNSPECIFIED.,.F.,.F.,.F.,(4,1,4),(2,
2),(0.,0.0591317166615123,0.110814507981787),(0.,0.0499999999999998),
 .UNSPECIFIED.);
#133=B_SPLINE_SURFACE_WITH_KNOTS('',3,1,((#8700,#8701),(#8702,#8703),(#8704,
#8705),(#8706,#8707),(#8708,#8709)),.UNSPECIFIED.,.F.,.F.,.F.,(4,1,4),(2,
2),(0.,0.0671430081025216,0.143058328987998),(0.,0.0499999999999998),
 .UNSPECIFIED.);
#134=B_SPLINE_SURFACE_WITH_KNOTS('',3,1,((#8723,#8724),(#8725,#8726),(#8727,
#8728),(#8729,#8730),(#8731,#8732)),.UNSPECIFIED.,.F.,.F.,.F.,(4,1,4),(2,
2),(0.,0.0601714507460106,0.122602805326121),(0.,0.0499999999999998),
 .UNSPECIFIED.);
#135=B_SPLINE_SURFACE_WITH_KNOTS('',3,1,((#8746,#8747),(#8748,#8749),(#8750,
#8751),(#8752,#8753),(#8754,#8755)),.UNSPECIFIED.,.F.,.F.,.F.,(4,1,4),(2,
2),(0.,0.105647733853293,0.167241195855251),(0.,0.0499999999999998),
 .UNSPECIFIED.);
#136=B_SPLINE_SURFACE_WITH_KNOTS('',3,1,((#8925,#8926),(#8927,#8928),(#8929,
#8930),(#8931,#8932),(#8933,#8934)),.UNSPECIFIED.,.F.,.F.,.F.,(4,1,4),(2,
2),(0.,0.0527321638920232,0.104309549415285),(0.,0.0499999999999998),
 .UNSPECIFIED.);
#137=B_SPLINE_SURFACE_WITH_KNOTS('',3,1,((#8951,#8952),(#8953,#8954),(#8955,
#8956),(#8957,#8958),(#8959,#8960)),.UNSPECIFIED.,.F.,.F.,.F.,(4,1,4),(2,
2),(0.,0.0687265335053693,0.138807229173234),(0.,0.0499999999999998),
 .UNSPECIFIED.);
#138=B_SPLINE_SURFACE_WITH_KNOTS('',3,1,((#8974,#8975),(#8976,#8977),(#8978,
#8979),(#8980,#8981),(#8982,#8983)),.UNSPECIFIED.,.F.,.F.,.F.,(4,1,4),(2,
2),(0.,0.113340055206597,0.196173657422703),(0.,0.0499999999999998),
 .UNSPECIFIED.);
#139=B_SPLINE_SURFACE_WITH_KNOTS('',3,1,((#8997,#8998),(#8999,#9000),(#9001,
#9002),(#9003,#9004),(#9005,#9006)),.UNSPECIFIED.,.F.,.F.,.F.,(4,1,4),(2,
2),(0.,0.0810426427293503,0.188634049721713),(0.,0.0499999999999998),
 .UNSPECIFIED.);
#140=B_SPLINE_SURFACE_WITH_KNOTS('',3,1,((#9020,#9021),(#9022,#9023),(#9024,
#9025),(#9026,#9027),(#9028,#9029)),.UNSPECIFIED.,.F.,.F.,.F.,(4,1,4),(2,
2),(0.,0.0712764003505385,0.140494860287894),(0.,0.0499999999999998),
 .UNSPECIFIED.);
#141=B_SPLINE_SURFACE_WITH_KNOTS('',3,1,((#9043,#9044),(#9045,#9046),(#9047,
#9048),(#9049,#9050),(#9051,#9052)),.UNSPECIFIED.,.F.,.F.,.F.,(4,1,4),(2,
2),(0.,0.0492186168732923,0.101489028318416),(0.,0.0499999999999998),
 .UNSPECIFIED.);
#142=B_SPLINE_SURFACE_WITH_KNOTS('',3,1,((#9066,#9067),(#9068,#9069),(#9070,
#9071),(#9072,#9073),(#9074,#9075)),.UNSPECIFIED.,.F.,.F.,.F.,(4,1,4),(2,
2),(0.,0.0519119284189507,0.101037994849487),(0.,0.0499999999999998),
 .UNSPECIFIED.);
#143=B_SPLINE_SURFACE_WITH_KNOTS('',3,1,((#9095,#9096),(#9097,#9098),(#9099,
#9100),(#9101,#9102),(#9103,#9104)),.UNSPECIFIED.,.F.,.F.,.F.,(4,1,4),(2,
2),(0.,0.0682505746240512,0.147623455811874),(0.,0.0499999999999998),
 .UNSPECIFIED.);
#144=B_SPLINE_SURFACE_WITH_KNOTS('',3,1,((#9118,#9119),(#9120,#9121),(#9122,
#9123),(#9124,#9125),(#9126,#9127)),.UNSPECIFIED.,.F.,.F.,.F.,(4,1,4),(2,
2),(0.,0.116968210799567,0.224516934458338),(0.,0.0499999999999998),
 .UNSPECIFIED.);
#145=B_SPLINE_SURFACE_WITH_KNOTS('',3,1,((#9141,#9142),(#9143,#9144),(#9145,
#9146),(#9147,#9148),(#9149,#9150)),.UNSPECIFIED.,.F.,.F.,.F.,(4,1,4),(2,
2),(0.,0.126124865389441,0.260071037448326),(0.,0.0499999999999998),
 .UNSPECIFIED.);
#146=B_SPLINE_SURFACE_WITH_KNOTS('',3,1,((#9164,#9165),(#9166,#9167),(#9168,
#9169),(#9170,#9171),(#9172,#9173)),.UNSPECIFIED.,.F.,.F.,.F.,(4,1,4),(2,
2),(0.,0.155600956292906,0.288992124083428),(0.,0.0499999999999998),
 .UNSPECIFIED.);
#147=B_SPLINE_SURFACE_WITH_KNOTS('',3,1,((#9187,#9188),(#9189,#9190),(#9191,
#9192),(#9193,#9194),(#9195,#9196)),.UNSPECIFIED.,.F.,.F.,.F.,(4,1,4),(2,
2),(0.,0.130253008545451,0.278458266123251),(0.,0.0499999999999998),
 .UNSPECIFIED.);
#148=B_SPLINE_SURFACE_WITH_KNOTS('',3,1,((#9210,#9211),(#9212,#9213),(#9214,
#9215),(#9216,#9217),(#9218,#9219)),.UNSPECIFIED.,.F.,.F.,.F.,(4,1,4),(2,
2),(0.,0.128176706747833,0.251846529384803),(0.,0.0499999999999998),
 .UNSPECIFIED.);
#149=B_SPLINE_SURFACE_WITH_KNOTS('',3,1,((#9233,#9234),(#9235,#9236),(#9237,
#9238),(#9239,#9240),(#9241,#9242)),.UNSPECIFIED.,.F.,.F.,.F.,(4,1,4),(2,
2),(0.,0.0922681056920302,0.195200841153634),(0.,0.0499999999999998),
 .UNSPECIFIED.);
#150=B_SPLINE_SURFACE_WITH_KNOTS('',3,1,((#9256,#9257),(#9258,#9259),(#9260,
#9261),(#9262,#9263),(#9264,#9265)),.UNSPECIFIED.,.F.,.F.,.F.,(4,1,4),(2,
2),(0.,0.107433255669118,0.201017702509825),(0.,0.0499999999999998),
 .UNSPECIFIED.);
#151=B_SPLINE_SURFACE_WITH_KNOTS('',3,1,((#9285,#9286),(#9287,#9288),(#9289,
#9290),(#9291,#9292),(#9293,#9294)),.UNSPECIFIED.,.F.,.F.,.F.,(4,1,4),(2,
2),(0.,0.0573076850899687,0.127333938510571),(0.,0.0499999999999998),
 .UNSPECIFIED.);
#152=STYLED_ITEM('',(#10311),#155);
#153=STYLED_ITEM('',(#10311),#156);
#154=STYLED_ITEM('',(#10310),#157);
#155=MANIFOLD_SOLID_BREP('Body1',#5916);
#156=MANIFOLD_SOLID_BREP('Body3',#5917);
#157=MANIFOLD_SOLID_BREP('Body4',#5918);
#158=FACE_BOUND('',#789,.T.);
#159=FACE_BOUND('',#790,.T.);
#160=FACE_BOUND('',#791,.T.);
#161=FACE_BOUND('',#792,.T.);
#162=FACE_BOUND('',#797,.T.);
#163=FACE_BOUND('',#802,.T.);
#164=FACE_BOUND('',#803,.T.);
#165=FACE_BOUND('',#804,.T.);
#166=FACE_BOUND('',#805,.T.);
#167=FACE_BOUND('',#806,.T.);
#168=FACE_BOUND('',#814,.T.);
#169=FACE_BOUND('',#829,.T.);
#170=FACE_BOUND('',#853,.T.);
#171=FACE_BOUND('',#876,.T.);
#172=FACE_BOUND('',#889,.T.);
#173=FACE_BOUND('',#952,.T.);
#174=FACE_BOUND('',#953,.T.);
#175=FACE_BOUND('',#954,.T.);
#176=FACE_BOUND('',#955,.T.);
#177=FACE_BOUND('',#956,.T.);
#178=FACE_BOUND('',#957,.T.);
#179=FACE_BOUND('',#958,.T.);
#180=FACE_BOUND('',#959,.T.);
#181=FACE_BOUND('',#960,.T.);
#182=FACE_BOUND('',#961,.T.);
#183=FACE_BOUND('',#962,.T.);
#184=FACE_BOUND('',#963,.T.);
#185=FACE_BOUND('',#964,.T.);
#186=FACE_BOUND('',#965,.T.);
#187=FACE_BOUND('',#966,.T.);
#188=FACE_BOUND('',#967,.T.);
#189=FACE_BOUND('',#968,.T.);
#190=FACE_BOUND('',#969,.T.);
#191=FACE_BOUND('',#970,.T.);
#192=FACE_BOUND('',#971,.T.);
#193=FACE_BOUND('',#972,.T.);
#194=FACE_BOUND('',#973,.T.);
#195=FACE_BOUND('',#974,.T.);
#196=FACE_BOUND('',#975,.T.);
#197=FACE_BOUND('',#976,.T.);
#198=FACE_BOUND('',#977,.T.);
#199=FACE_BOUND('',#978,.T.);
#200=FACE_BOUND('',#979,.T.);
#201=FACE_BOUND('',#981,.T.);
#202=FACE_BOUND('',#982,.T.);
#203=FACE_BOUND('',#983,.T.);
#204=FACE_BOUND('',#984,.T.);
#205=FACE_BOUND('',#985,.T.);
#206=FACE_BOUND('',#986,.T.);
#207=FACE_BOUND('',#987,.T.);
#208=FACE_BOUND('',#988,.T.);
#209=FACE_BOUND('',#989,.T.);
#210=FACE_BOUND('',#990,.T.);
#211=FACE_BOUND('',#991,.T.);
#212=FACE_BOUND('',#992,.T.);
#213=FACE_BOUND('',#993,.T.);
#214=FACE_BOUND('',#994,.T.);
#215=FACE_BOUND('',#995,.T.);
#216=FACE_BOUND('',#996,.T.);
#217=FACE_BOUND('',#997,.T.);
#218=FACE_BOUND('',#998,.T.);
#219=FACE_BOUND('',#999,.T.);
#220=FACE_BOUND('',#1000,.T.);
#221=FACE_BOUND('',#1001,.T.);
#222=CIRCLE('',#5941,1.);
#223=CIRCLE('',#5942,1.);
#224=CIRCLE('',#5944,1.);
#225=CIRCLE('',#5945,1.);
#226=CIRCLE('',#5946,1.);
#227=CIRCLE('',#5947,1.45);
#228=CIRCLE('',#5948,1.45);
#229=CIRCLE('',#5949,1.45);
#230=CIRCLE('',#5950,1.45);
#231=CIRCLE('',#5953,1.);
#232=CIRCLE('',#5955,1.);
#233=CIRCLE('',#5958,1.);
#234=CIRCLE('',#5962,1.45);
#235=CIRCLE('',#5963,1.45);
#236=CIRCLE('',#5964,1.45);
#237=CIRCLE('',#5965,1.45);
#238=CIRCLE('',#6049,1.00000000000001);
#239=CIRCLE('',#6050,0.999999999999996);
#240=CIRCLE('',#6052,0.999999999999996);
#241=CIRCLE('',#6053,1.);
#242=CIRCLE('',#6055,0.999999999999996);
#243=CIRCLE('',#6056,1.);
#244=CIRCLE('',#6058,1.00000000000001);
#245=CIRCLE('',#6059,0.999999999999996);
#246=CIRCLE('',#6061,0.999999999999998);
#247=CIRCLE('',#6063,0.999999999999998);
#248=CIRCLE('',#6065,0.999999999999998);
#249=CIRCLE('',#6067,0.999999999999998);
#250=CIRCLE('',#6069,1.);
#251=CIRCLE('',#6072,1.);
#252=CIRCLE('',#6075,1.45);
#253=CIRCLE('',#6076,1.45);
#254=CIRCLE('',#6077,0.500000000000003);
#255=CIRCLE('',#6078,0.499999999999998);
#256=CIRCLE('',#6079,0.499999999999998);
#257=CIRCLE('',#6080,0.5);
#258=CIRCLE('',#6081,0.499999999999998);
#259=CIRCLE('',#6082,0.499999999999998);
#260=CIRCLE('',#6083,0.500000000000003);
#261=CIRCLE('',#6084,0.499999999999998);
#262=CIRCLE('',#6085,0.499999999999998);
#263=CIRCLE('',#6086,0.499999999999998);
#264=CIRCLE('',#6087,0.499999999999998);
#265=CIRCLE('',#6088,0.499999999999998);
#266=CIRCLE('',#6089,0.499999999999998);
#267=CIRCLE('',#6090,0.499999999999998);
#268=CIRCLE('',#6091,0.499999999999998);
#269=CIRCLE('',#6092,0.499999999999998);
#270=CIRCLE('',#6093,0.499999999999998);
#271=CIRCLE('',#6094,0.499999999999998);
#272=CIRCLE('',#6095,0.499999999999998);
#273=CIRCLE('',#6096,0.5);
#274=CIRCLE('',#6097,0.499999999999998);
#275=CIRCLE('',#6098,0.499999999999998);
#276=CIRCLE('',#6099,0.500000000000003);
#277=CIRCLE('',#6100,0.5);
#278=CIRCLE('',#6101,0.500000000000003);
#279=CIRCLE('',#6102,0.499999999999998);
#280=CIRCLE('',#6103,0.499999999999998);
#281=CIRCLE('',#6104,0.499999999999998);
#282=CIRCLE('',#6105,0.499999999999998);
#283=CIRCLE('',#6106,0.499999999999998);
#284=CIRCLE('',#6107,0.499999999999998);
#285=CIRCLE('',#6108,0.5);
#286=CIRCLE('',#6109,0.499999999999998);
#287=CIRCLE('',#6110,0.499999999999998);
#288=CIRCLE('',#6111,0.499999999999998);
#289=CIRCLE('',#6112,0.499999999999998);
#290=CIRCLE('',#6113,0.499999999999998);
#291=CIRCLE('',#6114,0.500000000000003);
#292=CIRCLE('',#6115,0.500000000000003);
#293=CIRCLE('',#6116,0.499999999999998);
#294=CIRCLE('',#6117,0.500000000000003);
#295=CIRCLE('',#6118,0.500000000000003);
#296=CIRCLE('',#6119,0.499999999999998);
#297=CIRCLE('',#6120,0.499999999999998);
#298=CIRCLE('',#6121,0.499999999999998);
#299=CIRCLE('',#6122,0.499999999999998);
#300=CIRCLE('',#6123,0.499999999999998);
#301=CIRCLE('',#6124,0.499999999999998);
#302=CIRCLE('',#6125,0.499999999999998);
#303=CIRCLE('',#6126,0.499999999999998);
#304=CIRCLE('',#6127,0.500000000000003);
#305=CIRCLE('',#6128,0.499999999999998);
#306=CIRCLE('',#6129,0.499999999999998);
#307=CIRCLE('',#6130,0.500000000000003);
#308=CIRCLE('',#6131,0.499999999999998);
#309=CIRCLE('',#6132,0.499999999999998);
#310=CIRCLE('',#6133,0.499999999999998);
#311=CIRCLE('',#6134,0.500000000000003);
#312=CIRCLE('',#6135,0.499999999999998);
#313=CIRCLE('',#6136,0.499999999999998);
#314=CIRCLE('',#6137,0.500000000000003);
#315=CIRCLE('',#6138,0.499999999999998);
#316=CIRCLE('',#6139,0.499999999999998);
#317=CIRCLE('',#6140,0.499999999999998);
#318=CIRCLE('',#6141,1.45);
#319=CIRCLE('',#6142,1.45);
#320=CIRCLE('',#6144,1.);
#321=CIRCLE('',#6145,1.);
#322=CIRCLE('',#6146,0.500000000000003);
#323=CIRCLE('',#6147,0.5);
#324=CIRCLE('',#6148,0.499999999999998);
#325=CIRCLE('',#6149,0.499999999999998);
#326=CIRCLE('',#6150,0.499999999999998);
#327=CIRCLE('',#6151,0.499999999999998);
#328=CIRCLE('',#6152,0.500000000000003);
#329=CIRCLE('',#6153,0.499999999999998);
#330=CIRCLE('',#6154,0.499999999999998);
#331=CIRCLE('',#6155,0.499999999999998);
#332=CIRCLE('',#6156,0.499999999999998);
#333=CIRCLE('',#6157,0.499999999999998);
#334=CIRCLE('',#6158,0.499999999999998);
#335=CIRCLE('',#6159,0.499999999999998);
#336=CIRCLE('',#6160,0.499999999999998);
#337=CIRCLE('',#6161,0.499999999999998);
#338=CIRCLE('',#6162,0.499999999999998);
#339=CIRCLE('',#6163,0.5);
#340=CIRCLE('',#6164,0.499999999999998);
#341=CIRCLE('',#6165,0.499999999999998);
#342=CIRCLE('',#6166,0.499999999999998);
#343=CIRCLE('',#6167,0.5);
#344=CIRCLE('',#6168,0.500000000000003);
#345=CIRCLE('',#6169,0.499999999999998);
#346=CIRCLE('',#6170,0.500000000000003);
#347=CIRCLE('',#6171,0.499999999999998);
#348=CIRCLE('',#6172,0.499999999999998);
#349=CIRCLE('',#6173,0.499999999999998);
#350=CIRCLE('',#6174,0.499999999999998);
#351=CIRCLE('',#6175,0.5);
#352=CIRCLE('',#6176,0.499999999999998);
#353=CIRCLE('',#6177,0.499999999999998);
#354=CIRCLE('',#6178,0.499999999999998);
#355=CIRCLE('',#6179,0.499999999999998);
#356=CIRCLE('',#6180,0.499999999999998);
#357=CIRCLE('',#6181,0.499999999999998);
#358=CIRCLE('',#6182,0.499999999999998);
#359=CIRCLE('',#6183,0.499999999999998);
#360=CIRCLE('',#6184,0.500000000000003);
#361=CIRCLE('',#6185,0.500000000000003);
#362=CIRCLE('',#6186,0.500000000000003);
#363=CIRCLE('',#6187,0.499999999999998);
#364=CIRCLE('',#6188,0.499999999999998);
#365=CIRCLE('',#6189,0.500000000000003);
#366=CIRCLE('',#6190,0.499999999999998);
#367=CIRCLE('',#6191,0.499999999999998);
#368=CIRCLE('',#6192,0.499999999999998);
#369=CIRCLE('',#6193,0.499999999999998);
#370=CIRCLE('',#6194,0.499999999999998);
#371=CIRCLE('',#6195,0.499999999999998);
#372=CIRCLE('',#6196,0.500000000000003);
#373=CIRCLE('',#6197,0.499999999999998);
#374=CIRCLE('',#6198,0.499999999999998);
#375=CIRCLE('',#6199,0.499999999999998);
#376=CIRCLE('',#6200,0.499999999999998);
#377=CIRCLE('',#6201,0.500000000000003);
#378=CIRCLE('',#6202,0.499999999999998);
#379=CIRCLE('',#6203,0.499999999999998);
#380=CIRCLE('',#6204,0.499999999999998);
#381=CIRCLE('',#6205,0.500000000000003);
#382=CIRCLE('',#6206,0.500000000000003);
#383=CIRCLE('',#6207,0.499999999999998);
#384=CIRCLE('',#6208,0.499999999999998);
#385=CIRCLE('',#6209,0.499999999999998);
#386=CIRCLE('',#6210,1.45);
#387=CIRCLE('',#6211,1.45);
#388=CIRCLE('',#6212,1.45);
#389=CIRCLE('',#6213,1.45);
#390=CYLINDRICAL_SURFACE('',#5940,1.);
#391=CYLINDRICAL_SURFACE('',#5952,1.);
#392=CYLINDRICAL_SURFACE('',#5954,1.);
#393=CYLINDRICAL_SURFACE('',#5957,1.);
#394=CYLINDRICAL_SURFACE('',#5966,1.45);
#395=CYLINDRICAL_SURFACE('',#5967,1.45);
#396=CYLINDRICAL_SURFACE('',#5968,1.45);
#397=CYLINDRICAL_SURFACE('',#5969,1.45);
#398=CYLINDRICAL_SURFACE('',#6048,1.);
#399=CYLINDRICAL_SURFACE('',#6051,1.);
#400=CYLINDRICAL_SURFACE('',#6054,1.);
#401=CYLINDRICAL_SURFACE('',#6057,1.);
#402=CYLINDRICAL_SURFACE('',#6068,1.);
#403=CYLINDRICAL_SURFACE('',#6071,1.);
#404=CYLINDRICAL_SURFACE('',#6214,1.);
#405=CYLINDRICAL_SURFACE('',#6215,1.);
#406=CYLINDRICAL_SURFACE('',#6223,0.5);
#407=CYLINDRICAL_SURFACE('',#6225,0.499999999999998);
#408=CYLINDRICAL_SURFACE('',#6227,0.499999999999998);
#409=CYLINDRICAL_SURFACE('',#6229,0.500000000000003);
#410=CYLINDRICAL_SURFACE('',#6231,0.499999999999998);
#411=CYLINDRICAL_SURFACE('',#6233,0.500000000000003);
#412=CYLINDRICAL_SURFACE('',#6235,0.499999999999998);
#413=CYLINDRICAL_SURFACE('',#6237,0.499999999999998);
#414=CYLINDRICAL_SURFACE('',#6239,0.499999999999998);
#415=CYLINDRICAL_SURFACE('',#6241,0.499999999999998);
#416=CYLINDRICAL_SURFACE('',#6243,0.499999999999998);
#417=CYLINDRICAL_SURFACE('',#6245,0.499999999999998);
#418=CYLINDRICAL_SURFACE('',#6247,0.499999999999998);
#419=CYLINDRICAL_SURFACE('',#6249,0.499999999999998);
#420=CYLINDRICAL_SURFACE('',#6251,0.499999999999998);
#421=CYLINDRICAL_SURFACE('',#6253,0.499999999999998);
#422=CYLINDRICAL_SURFACE('',#6255,0.5);
#423=CYLINDRICAL_SURFACE('',#6257,0.499999999999998);
#424=CYLINDRICAL_SURFACE('',#6259,0.499999999999998);
#425=CYLINDRICAL_SURFACE('',#6261,0.499999999999998);
#426=CYLINDRICAL_SURFACE('',#6263,0.5);
#427=CYLINDRICAL_SURFACE('',#6265,0.500000000000003);
#428=CYLINDRICAL_SURFACE('',#6267,0.499999999999998);
#429=CYLINDRICAL_SURFACE('',#6269,0.499999999999998);
#430=CYLINDRICAL_SURFACE('',#6271,0.499999999999998);
#431=CYLINDRICAL_SURFACE('',#6273,0.499999999999998);
#432=CYLINDRICAL_SURFACE('',#6275,0.499999999999998);
#433=CYLINDRICAL_SURFACE('',#6277,0.500000000000003);
#434=CYLINDRICAL_SURFACE('',#6279,0.5);
#435=CYLINDRICAL_SURFACE('',#6281,0.499999999999998);
#436=CYLINDRICAL_SURFACE('',#6283,0.499999999999998);
#437=CYLINDRICAL_SURFACE('',#6285,0.499999999999998);
#438=CYLINDRICAL_SURFACE('',#6287,0.499999999999998);
#439=CYLINDRICAL_SURFACE('',#6289,0.499999999999998);
#440=CYLINDRICAL_SURFACE('',#6291,0.499999999999998);
#441=CYLINDRICAL_SURFACE('',#6293,0.499999999999998);
#442=CYLINDRICAL_SURFACE('',#6295,0.499999999999998);
#443=CYLINDRICAL_SURFACE('',#6297,0.500000000000003);
#444=CYLINDRICAL_SURFACE('',#6299,0.500000000000003);
#445=CYLINDRICAL_SURFACE('',#6301,0.499999999999998);
#446=CYLINDRICAL_SURFACE('',#6303,0.499999999999998);
#447=CYLINDRICAL_SURFACE('',#6305,0.499999999999998);
#448=CYLINDRICAL_SURFACE('',#6307,0.500000000000003);
#449=CYLINDRICAL_SURFACE('',#6309,0.500000000000003);
#450=CYLINDRICAL_SURFACE('',#6311,0.499999999999998);
#451=CYLINDRICAL_SURFACE('',#6313,0.499999999999998);
#452=CYLINDRICAL_SURFACE('',#6315,0.499999999999998);
#453=CYLINDRICAL_SURFACE('',#6317,0.499999999999998);
#454=CYLINDRICAL_SURFACE('',#6319,0.499999999999998);
#455=CYLINDRICAL_SURFACE('',#6321,0.500000000000003);
#456=CYLINDRICAL_SURFACE('',#6323,0.499999999999998);
#457=CYLINDRICAL_SURFACE('',#6325,0.499999999999998);
#458=CYLINDRICAL_SURFACE('',#6327,0.499999999999998);
#459=CYLINDRICAL_SURFACE('',#6329,0.499999999999998);
#460=CYLINDRICAL_SURFACE('',#6331,0.500000000000003);
#461=CYLINDRICAL_SURFACE('',#6333,0.499999999999998);
#462=CYLINDRICAL_SURFACE('',#6335,0.499999999999998);
#463=CYLINDRICAL_SURFACE('',#6337,0.499999999999998);
#464=CYLINDRICAL_SURFACE('',#6339,0.500000000000003);
#465=CYLINDRICAL_SURFACE('',#6341,0.499999999999998);
#466=CYLINDRICAL_SURFACE('',#6343,0.499999999999998);
#467=CYLINDRICAL_SURFACE('',#6345,0.499999999999998);
#468=CYLINDRICAL_SURFACE('',#6347,0.499999999999998);
#469=CYLINDRICAL_SURFACE('',#6349,0.500000000000003);
#470=CYLINDRICAL_SURFACE('',#6350,1.45);
#471=CYLINDRICAL_SURFACE('',#6351,1.45);
#472=CYLINDRICAL_SURFACE('',#6352,1.45);
#473=CYLINDRICAL_SURFACE('',#6353,1.45);
#474=FACE_OUTER_BOUND('',#779,.T.);
#475=FACE_OUTER_BOUND('',#780,.T.);
#476=FACE_OUTER_BOUND('',#781,.T.);
#477=FACE_OUTER_BOUND('',#782,.T.);
#478=FACE_OUTER_BOUND('',#783,.T.);
#479=FACE_OUTER_BOUND('',#784,.T.);
#480=FACE_OUTER_BOUND('',#785,.T.);
#481=FACE_OUTER_BOUND('',#786,.T.);
#482=FACE_OUTER_BOUND('',#787,.T.);
#483=FACE_OUTER_BOUND('',#788,.T.);
#484=FACE_OUTER_BOUND('',#793,.T.);
#485=FACE_OUTER_BOUND('',#794,.T.);
#486=FACE_OUTER_BOUND('',#795,.T.);
#487=FACE_OUTER_BOUND('',#796,.T.);
#488=FACE_OUTER_BOUND('',#798,.T.);
#489=FACE_OUTER_BOUND('',#799,.T.);
#490=FACE_OUTER_BOUND('',#800,.T.);
#491=FACE_OUTER_BOUND('',#801,.T.);
#492=FACE_OUTER_BOUND('',#807,.T.);
#493=FACE_OUTER_BOUND('',#808,.T.);
#494=FACE_OUTER_BOUND('',#809,.T.);
#495=FACE_OUTER_BOUND('',#810,.T.);
#496=FACE_OUTER_BOUND('',#811,.T.);
#497=FACE_OUTER_BOUND('',#812,.T.);
#498=FACE_OUTER_BOUND('',#813,.T.);
#499=FACE_OUTER_BOUND('',#815,.T.);
#500=FACE_OUTER_BOUND('',#816,.T.);
#501=FACE_OUTER_BOUND('',#817,.T.);
#502=FACE_OUTER_BOUND('',#818,.T.);
#503=FACE_OUTER_BOUND('',#819,.T.);
#504=FACE_OUTER_BOUND('',#820,.T.);
#505=FACE_OUTER_BOUND('',#821,.T.);
#506=FACE_OUTER_BOUND('',#822,.T.);
#507=FACE_OUTER_BOUND('',#823,.T.);
#508=FACE_OUTER_BOUND('',#824,.T.);
#509=FACE_OUTER_BOUND('',#825,.T.);
#510=FACE_OUTER_BOUND('',#826,.T.);
#511=FACE_OUTER_BOUND('',#827,.T.);
#512=FACE_OUTER_BOUND('',#828,.T.);
#513=FACE_OUTER_BOUND('',#830,.T.);
#514=FACE_OUTER_BOUND('',#831,.T.);
#515=FACE_OUTER_BOUND('',#832,.T.);
#516=FACE_OUTER_BOUND('',#833,.T.);
#517=FACE_OUTER_BOUND('',#834,.T.);
#518=FACE_OUTER_BOUND('',#835,.T.);
#519=FACE_OUTER_BOUND('',#836,.T.);
#520=FACE_OUTER_BOUND('',#837,.T.);
#521=FACE_OUTER_BOUND('',#838,.T.);
#522=FACE_OUTER_BOUND('',#839,.T.);
#523=FACE_OUTER_BOUND('',#840,.T.);
#524=FACE_OUTER_BOUND('',#841,.T.);
#525=FACE_OUTER_BOUND('',#842,.T.);
#526=FACE_OUTER_BOUND('',#843,.T.);
#527=FACE_OUTER_BOUND('',#844,.T.);
#528=FACE_OUTER_BOUND('',#845,.T.);
#529=FACE_OUTER_BOUND('',#846,.T.);
#530=FACE_OUTER_BOUND('',#847,.T.);
#531=FACE_OUTER_BOUND('',#848,.T.);
#532=FACE_OUTER_BOUND('',#849,.T.);
#533=FACE_OUTER_BOUND('',#850,.T.);
#534=FACE_OUTER_BOUND('',#851,.T.);
#535=FACE_OUTER_BOUND('',#852,.T.);
#536=FACE_OUTER_BOUND('',#854,.T.);
#537=FACE_OUTER_BOUND('',#855,.T.);
#538=FACE_OUTER_BOUND('',#856,.T.);
#539=FACE_OUTER_BOUND('',#857,.T.);
#540=FACE_OUTER_BOUND('',#858,.T.);
#541=FACE_OUTER_BOUND('',#859,.T.);
#542=FACE_OUTER_BOUND('',#860,.T.);
#543=FACE_OUTER_BOUND('',#861,.T.);
#544=FACE_OUTER_BOUND('',#862,.T.);
#545=FACE_OUTER_BOUND('',#863,.T.);
#546=FACE_OUTER_BOUND('',#864,.T.);
#547=FACE_OUTER_BOUND('',#865,.T.);
#548=FACE_OUTER_BOUND('',#866,.T.);
#549=FACE_OUTER_BOUND('',#867,.T.);
#550=FACE_OUTER_BOUND('',#868,.T.);
#551=FACE_OUTER_BOUND('',#869,.T.);
#552=FACE_OUTER_BOUND('',#870,.T.);
#553=FACE_OUTER_BOUND('',#871,.T.);
#554=FACE_OUTER_BOUND('',#872,.T.);
#555=FACE_OUTER_BOUND('',#873,.T.);
#556=FACE_OUTER_BOUND('',#874,.T.);
#557=FACE_OUTER_BOUND('',#875,.T.);
#558=FACE_OUTER_BOUND('',#877,.T.);
#559=FACE_OUTER_BOUND('',#878,.T.);
#560=FACE_OUTER_BOUND('',#879,.T.);
#561=FACE_OUTER_BOUND('',#880,.T.);
#562=FACE_OUTER_BOUND('',#881,.T.);
#563=FACE_OUTER_BOUND('',#882,.T.);
#564=FACE_OUTER_BOUND('',#883,.T.);
#565=FACE_OUTER_BOUND('',#884,.T.);
#566=FACE_OUTER_BOUND('',#885,.T.);
#567=FACE_OUTER_BOUND('',#886,.T.);
#568=FACE_OUTER_BOUND('',#887,.T.);
#569=FACE_OUTER_BOUND('',#888,.T.);
#570=FACE_OUTER_BOUND('',#890,.T.);
#571=FACE_OUTER_BOUND('',#891,.T.);
#572=FACE_OUTER_BOUND('',#892,.T.);
#573=FACE_OUTER_BOUND('',#893,.T.);
#574=FACE_OUTER_BOUND('',#894,.T.);
#575=FACE_OUTER_BOUND('',#895,.T.);
#576=FACE_OUTER_BOUND('',#896,.T.);
#577=FACE_OUTER_BOUND('',#897,.T.);
#578=FACE_OUTER_BOUND('',#898,.T.);
#579=FACE_OUTER_BOUND('',#899,.T.);
#580=FACE_OUTER_BOUND('',#900,.T.);
#581=FACE_OUTER_BOUND('',#901,.T.);
#582=FACE_OUTER_BOUND('',#902,.T.);
#583=FACE_OUTER_BOUND('',#903,.T.);
#584=FACE_OUTER_BOUND('',#904,.T.);
#585=FACE_OUTER_BOUND('',#905,.T.);
#586=FACE_OUTER_BOUND('',#906,.T.);
#587=FACE_OUTER_BOUND('',#907,.T.);
#588=FACE_OUTER_BOUND('',#908,.T.);
#589=FACE_OUTER_BOUND('',#909,.T.);
#590=FACE_OUTER_BOUND('',#910,.T.);
#591=FACE_OUTER_BOUND('',#911,.T.);
#592=FACE_OUTER_BOUND('',#912,.T.);
#593=FACE_OUTER_BOUND('',#913,.T.);
#594=FACE_OUTER_BOUND('',#914,.T.);
#595=FACE_OUTER_BOUND('',#915,.T.);
#596=FACE_OUTER_BOUND('',#916,.T.);
#597=FACE_OUTER_BOUND('',#917,.T.);
#598=FACE_OUTER_BOUND('',#918,.T.);
#599=FACE_OUTER_BOUND('',#919,.T.);
#600=FACE_OUTER_BOUND('',#920,.T.);
#601=FACE_OUTER_BOUND('',#921,.T.);
#602=FACE_OUTER_BOUND('',#922,.T.);
#603=FACE_OUTER_BOUND('',#923,.T.);
#604=FACE_OUTER_BOUND('',#924,.T.);
#605=FACE_OUTER_BOUND('',#925,.T.);
#606=FACE_OUTER_BOUND('',#926,.T.);
#607=FACE_OUTER_BOUND('',#927,.T.);
#608=FACE_OUTER_BOUND('',#928,.T.);
#609=FACE_OUTER_BOUND('',#929,.T.);
#610=FACE_OUTER_BOUND('',#930,.T.);
#611=FACE_OUTER_BOUND('',#931,.T.);
#612=FACE_OUTER_BOUND('',#932,.T.);
#613=FACE_OUTER_BOUND('',#933,.T.);
#614=FACE_OUTER_BOUND('',#934,.T.);
#615=FACE_OUTER_BOUND('',#935,.T.);
#616=FACE_OUTER_BOUND('',#936,.T.);
#617=FACE_OUTER_BOUND('',#937,.T.);
#618=FACE_OUTER_BOUND('',#938,.T.);
#619=FACE_OUTER_BOUND('',#939,.T.);
#620=FACE_OUTER_BOUND('',#940,.T.);
#621=FACE_OUTER_BOUND('',#941,.T.);
#622=FACE_OUTER_BOUND('',#942,.T.);
#623=FACE_OUTER_BOUND('',#943,.T.);
#624=FACE_OUTER_BOUND('',#944,.T.);
#625=FACE_OUTER_BOUND('',#945,.T.);
#626=FACE_OUTER_BOUND('',#946,.T.);
#627=FACE_OUTER_BOUND('',#947,.T.);
#628=FACE_OUTER_BOUND('',#948,.T.);
#629=FACE_OUTER_BOUND('',#949,.T.);
#630=FACE_OUTER_BOUND('',#950,.T.);
#631=FACE_OUTER_BOUND('',#951,.T.);
#632=FACE_OUTER_BOUND('',#980,.T.);
#633=FACE_OUTER_BOUND('',#1002,.T.);
#634=FACE_OUTER_BOUND('',#1003,.T.);
#635=FACE_OUTER_BOUND('',#1004,.T.);
#636=FACE_OUTER_BOUND('',#1005,.T.);
#637=FACE_OUTER_BOUND('',#1006,.T.);
#638=FACE_OUTER_BOUND('',#1007,.T.);
#639=FACE_OUTER_BOUND('',#1008,.T.);
#640=FACE_OUTER_BOUND('',#1009,.T.);
#641=FACE_OUTER_BOUND('',#1010,.T.);
#642=FACE_OUTER_BOUND('',#1011,.T.);
#643=FACE_OUTER_BOUND('',#1012,.T.);
#644=FACE_OUTER_BOUND('',#1013,.T.);
#645=FACE_OUTER_BOUND('',#1014,.T.);
#646=FACE_OUTER_BOUND('',#1015,.T.);
#647=FACE_OUTER_BOUND('',#1016,.T.);
#648=FACE_OUTER_BOUND('',#1017,.T.);
#649=FACE_OUTER_BOUND('',#1018,.T.);
#650=FACE_OUTER_BOUND('',#1019,.T.);
#651=FACE_OUTER_BOUND('',#1020,.T.);
#652=FACE_OUTER_BOUND('',#1021,.T.);
#653=FACE_OUTER_BOUND('',#1022,.T.);
#654=FACE_OUTER_BOUND('',#1023,.T.);
#655=FACE_OUTER_BOUND('',#1024,.T.);
#656=FACE_OUTER_BOUND('',#1025,.T.);
#657=FACE_OUTER_BOUND('',#1026,.T.);
#658=FACE_OUTER_BOUND('',#1027,.T.);
#659=FACE_OUTER_BOUND('',#1028,.T.);
#660=FACE_OUTER_BOUND('',#1029,.T.);
#661=FACE_OUTER_BOUND('',#1030,.T.);
#662=FACE_OUTER_BOUND('',#1031,.T.);
#663=FACE_OUTER_BOUND('',#1032,.T.);
#664=FACE_OUTER_BOUND('',#1033,.T.);
#665=FACE_OUTER_BOUND('',#1034,.T.);
#666=FACE_OUTER_BOUND('',#1035,.T.);
#667=FACE_OUTER_BOUND('',#1036,.T.);
#668=FACE_OUTER_BOUND('',#1037,.T.);
#669=FACE_OUTER_BOUND('',#1038,.T.);
#670=FACE_OUTER_BOUND('',#1039,.T.);
#671=FACE_OUTER_BOUND('',#1040,.T.);
#672=FACE_OUTER_BOUND('',#1041,.T.);
#673=FACE_OUTER_BOUND('',#1042,.T.);
#674=FACE_OUTER_BOUND('',#1043,.T.);
#675=FACE_OUTER_BOUND('',#1044,.T.);
#676=FACE_OUTER_BOUND('',#1045,.T.);
#677=FACE_OUTER_BOUND('',#1046,.T.);
#678=FACE_OUTER_BOUND('',#1047,.T.);
#679=FACE_OUTER_BOUND('',#1048,.T.);
#680=FACE_OUTER_BOUND('',#1049,.T.);
#681=FACE_OUTER_BOUND('',#1050,.T.);
#682=FACE_OUTER_BOUND('',#1051,.T.);
#683=FACE_OUTER_BOUND('',#1052,.T.);
#684=FACE_OUTER_BOUND('',#1053,.T.);
#685=FACE_OUTER_BOUND('',#1054,.T.);
#686=FACE_OUTER_BOUND('',#1055,.T.);
#687=FACE_OUTER_BOUND('',#1056,.T.);
#688=FACE_OUTER_BOUND('',#1057,.T.);
#689=FACE_OUTER_BOUND('',#1058,.T.);
#690=FACE_OUTER_BOUND('',#1059,.T.);
#691=FACE_OUTER_BOUND('',#1060,.T.);
#692=FACE_OUTER_BOUND('',#1061,.T.);
#693=FACE_OUTER_BOUND('',#1062,.T.);
#694=FACE_OUTER_BOUND('',#1063,.T.);
#695=FACE_OUTER_BOUND('',#1064,.T.);
#696=FACE_OUTER_BOUND('',#1065,.T.);
#697=FACE_OUTER_BOUND('',#1066,.T.);
#698=FACE_OUTER_BOUND('',#1067,.T.);
#699=FACE_OUTER_BOUND('',#1068,.T.);
#700=FACE_OUTER_BOUND('',#1069,.T.);
#701=FACE_OUTER_BOUND('',#1070,.T.);
#702=FACE_OUTER_BOUND('',#1071,.T.);
#703=FACE_OUTER_BOUND('',#1072,.T.);
#704=FACE_OUTER_BOUND('',#1073,.T.);
#705=FACE_OUTER_BOUND('',#1074,.T.);
#706=FACE_OUTER_BOUND('',#1075,.T.);
#707=FACE_OUTER_BOUND('',#1076,.T.);
#708=FACE_OUTER_BOUND('',#1077,.T.);
#709=FACE_OUTER_BOUND('',#1078,.T.);
#710=FACE_OUTER_BOUND('',#1079,.T.);
#711=FACE_OUTER_BOUND('',#1080,.T.);
#712=FACE_OUTER_BOUND('',#1081,.T.);
#713=FACE_OUTER_BOUND('',#1082,.T.);
#714=FACE_OUTER_BOUND('',#1083,.T.);
#715=FACE_OUTER_BOUND('',#1084,.T.);
#716=FACE_OUTER_BOUND('',#1085,.T.);
#717=FACE_OUTER_BOUND('',#1086,.T.);
#718=FACE_OUTER_BOUND('',#1087,.T.);
#719=FACE_OUTER_BOUND('',#1088,.T.);
#720=FACE_OUTER_BOUND('',#1089,.T.);
#721=FACE_OUTER_BOUND('',#1090,.T.);
#722=FACE_OUTER_BOUND('',#1091,.T.);
#723=FACE_OUTER_BOUND('',#1092,.T.);
#724=FACE_OUTER_BOUND('',#1093,.T.);
#725=FACE_OUTER_BOUND('',#1094,.T.);
#726=FACE_OUTER_BOUND('',#1095,.T.);
#727=FACE_OUTER_BOUND('',#1096,.T.);
#728=FACE_OUTER_BOUND('',#1097,.T.);
#729=FACE_OUTER_BOUND('',#1098,.T.);
#730=FACE_OUTER_BOUND('',#1099,.T.);
#731=FACE_OUTER_BOUND('',#1100,.T.);
#732=FACE_OUTER_BOUND('',#1101,.T.);
#733=FACE_OUTER_BOUND('',#1102,.T.);
#734=FACE_OUTER_BOUND('',#1103,.T.);
#735=FACE_OUTER_BOUND('',#1104,.T.);
#736=FACE_OUTER_BOUND('',#1105,.T.);
#737=FACE_OUTER_BOUND('',#1106,.T.);
#738=FACE_OUTER_BOUND('',#1107,.T.);
#739=FACE_OUTER_BOUND('',#1108,.T.);
#740=FACE_OUTER_BOUND('',#1109,.T.);
#741=FACE_OUTER_BOUND('',#1110,.T.);
#742=FACE_OUTER_BOUND('',#1111,.T.);
#743=FACE_OUTER_BOUND('',#1112,.T.);
#744=FACE_OUTER_BOUND('',#1113,.T.);
#745=FACE_OUTER_BOUND('',#1114,.T.);
#746=FACE_OUTER_BOUND('',#1115,.T.);
#747=FACE_OUTER_BOUND('',#1116,.T.);
#748=FACE_OUTER_BOUND('',#1117,.T.);
#749=FACE_OUTER_BOUND('',#1118,.T.);
#750=FACE_OUTER_BOUND('',#1119,.T.);
#751=FACE_OUTER_BOUND('',#1120,.T.);
#752=FACE_OUTER_BOUND('',#1121,.T.);
#753=FACE_OUTER_BOUND('',#1122,.T.);
#754=FACE_OUTER_BOUND('',#1123,.T.);
#755=FACE_OUTER_BOUND('',#1124,.T.);
#756=FACE_OUTER_BOUND('',#1125,.T.);
#757=FACE_OUTER_BOUND('',#1126,.T.);
#758=FACE_OUTER_BOUND('',#1127,.T.);
#759=FACE_OUTER_BOUND('',#1128,.T.);
#760=FACE_OUTER_BOUND('',#1129,.T.);
#761=FACE_OUTER_BOUND('',#1130,.T.);
#762=FACE_OUTER_BOUND('',#1131,.T.);
#763=FACE_OUTER_BOUND('',#1132,.T.);
#764=FACE_OUTER_BOUND('',#1133,.T.);
#765=FACE_OUTER_BOUND('',#1134,.T.);
#766=FACE_OUTER_BOUND('',#1135,.T.);
#767=FACE_OUTER_BOUND('',#1136,.T.);
#768=FACE_OUTER_BOUND('',#1137,.T.);
#769=FACE_OUTER_BOUND('',#1138,.T.);
#770=FACE_OUTER_BOUND('',#1139,.T.);
#771=FACE_OUTER_BOUND('',#1140,.T.);
#772=FACE_OUTER_BOUND('',#1141,.T.);
#773=FACE_OUTER_BOUND('',#1142,.T.);
#774=FACE_OUTER_BOUND('',#1143,.T.);
#775=FACE_OUTER_BOUND('',#1144,.T.);
#776=FACE_OUTER_BOUND('',#1145,.T.);
#777=FACE_OUTER_BOUND('',#1146,.T.);
#778=FACE_OUTER_BOUND('',#1147,.T.);
#779=EDGE_LOOP('',(#3741,#3742,#3743,#3744));
#780=EDGE_LOOP('',(#3745,#3746,#3747,#3748,#3749,#3750,#3751,#3752));
#781=EDGE_LOOP('',(#3753,#3754,#3755,#3756));
#782=EDGE_LOOP('',(#3757,#3758,#3759,#3760,#3761,#3762,#3763,#3764));
#783=EDGE_LOOP('',(#3765,#3766,#3767,#3768));
#784=EDGE_LOOP('',(#3769,#3770,#3771,#3772));
#785=EDGE_LOOP('',(#3773,#3774,#3775,#3776));
#786=EDGE_LOOP('',(#3777,#3778,#3779,#3780));
#787=EDGE_LOOP('',(#3781,#3782,#3783,#3784));
#788=EDGE_LOOP('',(#3785,#3786,#3787,#3788,#3789,#3790,#3791,#3792));
#789=EDGE_LOOP('',(#3793));
#790=EDGE_LOOP('',(#3794));
#791=EDGE_LOOP('',(#3795));
#792=EDGE_LOOP('',(#3796));
#793=EDGE_LOOP('',(#3797,#3798,#3799,#3800));
#794=EDGE_LOOP('',(#3801,#3802,#3803,#3804));
#795=EDGE_LOOP('',(#3805,#3806,#3807,#3808));
#796=EDGE_LOOP('',(#3809,#3810,#3811,#3812));
#797=EDGE_LOOP('',(#3813,#3814,#3815,#3816));
#798=EDGE_LOOP('',(#3817,#3818,#3819,#3820));
#799=EDGE_LOOP('',(#3821,#3822,#3823,#3824));
#800=EDGE_LOOP('',(#3825,#3826,#3827,#3828));
#801=EDGE_LOOP('',(#3829,#3830,#3831,#3832,#3833,#3834,#3835,#3836));
#802=EDGE_LOOP('',(#3837,#3838,#3839,#3840));
#803=EDGE_LOOP('',(#3841));
#804=EDGE_LOOP('',(#3842));
#805=EDGE_LOOP('',(#3843));
#806=EDGE_LOOP('',(#3844));
#807=EDGE_LOOP('',(#3845,#3846,#3847,#3848));
#808=EDGE_LOOP('',(#3849,#3850,#3851,#3852));
#809=EDGE_LOOP('',(#3853,#3854,#3855,#3856));
#810=EDGE_LOOP('',(#3857,#3858,#3859,#3860));
#811=EDGE_LOOP('',(#3861,#3862,#3863,#3864));
#812=EDGE_LOOP('',(#3865,#3866,#3867,#3868));
#813=EDGE_LOOP('',(#3869,#3870,#3871,#3872));
#814=EDGE_LOOP('',(#3873,#3874,#3875,#3876));
#815=EDGE_LOOP('',(#3877,#3878,#3879,#3880));
#816=EDGE_LOOP('',(#3881,#3882,#3883,#3884));
#817=EDGE_LOOP('',(#3885,#3886,#3887,#3888));
#818=EDGE_LOOP('',(#3889,#3890,#3891,#3892));
#819=EDGE_LOOP('',(#3893,#3894,#3895,#3896));
#820=EDGE_LOOP('',(#3897,#3898,#3899,#3900));
#821=EDGE_LOOP('',(#3901,#3902,#3903,#3904));
#822=EDGE_LOOP('',(#3905,#3906,#3907,#3908));
#823=EDGE_LOOP('',(#3909,#3910,#3911,#3912));
#824=EDGE_LOOP('',(#3913,#3914,#3915,#3916));
#825=EDGE_LOOP('',(#3917,#3918,#3919,#3920));
#826=EDGE_LOOP('',(#3921,#3922,#3923,#3924));
#827=EDGE_LOOP('',(#3925,#3926,#3927,#3928));
#828=EDGE_LOOP('',(#3929,#3930,#3931,#3932,#3933,#3934,#3935,#3936));
#829=EDGE_LOOP('',(#3937,#3938,#3939));
#830=EDGE_LOOP('',(#3940,#3941,#3942,#3943));
#831=EDGE_LOOP('',(#3944,#3945,#3946,#3947));
#832=EDGE_LOOP('',(#3948,#3949,#3950,#3951));
#833=EDGE_LOOP('',(#3952,#3953,#3954,#3955));
#834=EDGE_LOOP('',(#3956,#3957,#3958,#3959));
#835=EDGE_LOOP('',(#3960,#3961,#3962,#3963));
#836=EDGE_LOOP('',(#3964,#3965,#3966,#3967));
#837=EDGE_LOOP('',(#3968,#3969,#3970,#3971));
#838=EDGE_LOOP('',(#3972,#3973,#3974,#3975));
#839=EDGE_LOOP('',(#3976,#3977,#3978,#3979));
#840=EDGE_LOOP('',(#3980,#3981,#3982,#3983));
#841=EDGE_LOOP('',(#3984,#3985,#3986,#3987));
#842=EDGE_LOOP('',(#3988,#3989,#3990,#3991));
#843=EDGE_LOOP('',(#3992,#3993,#3994,#3995));
#844=EDGE_LOOP('',(#3996,#3997,#3998,#3999));
#845=EDGE_LOOP('',(#4000,#4001,#4002,#4003));
#846=EDGE_LOOP('',(#4004,#4005,#4006,#4007));
#847=EDGE_LOOP('',(#4008,#4009,#4010,#4011));
#848=EDGE_LOOP('',(#4012,#4013,#4014,#4015));
#849=EDGE_LOOP('',(#4016,#4017,#4018,#4019));
#850=EDGE_LOOP('',(#4020,#4021,#4022,#4023));
#851=EDGE_LOOP('',(#4024,#4025,#4026,#4027));
#852=EDGE_LOOP('',(#4028,#4029,#4030,#4031,#4032,#4033,#4034,#4035,#4036,
#4037,#4038));
#853=EDGE_LOOP('',(#4039,#4040,#4041,#4042,#4043,#4044,#4045,#4046,#4047,
#4048,#4049));
#854=EDGE_LOOP('',(#4050,#4051,#4052,#4053));
#855=EDGE_LOOP('',(#4054,#4055,#4056,#4057));
#856=EDGE_LOOP('',(#4058,#4059,#4060,#4061));
#857=EDGE_LOOP('',(#4062,#4063,#4064,#4065));
#858=EDGE_LOOP('',(#4066,#4067,#4068,#4069));
#859=EDGE_LOOP('',(#4070,#4071,#4072,#4073));
#860=EDGE_LOOP('',(#4074,#4075,#4076,#4077));
#861=EDGE_LOOP('',(#4078,#4079,#4080,#4081));
#862=EDGE_LOOP('',(#4082,#4083,#4084,#4085));
#863=EDGE_LOOP('',(#4086,#4087,#4088,#4089));
#864=EDGE_LOOP('',(#4090,#4091,#4092,#4093));
#865=EDGE_LOOP('',(#4094,#4095,#4096,#4097));
#866=EDGE_LOOP('',(#4098,#4099,#4100,#4101));
#867=EDGE_LOOP('',(#4102,#4103,#4104,#4105));
#868=EDGE_LOOP('',(#4106,#4107,#4108,#4109));
#869=EDGE_LOOP('',(#4110,#4111,#4112,#4113));
#870=EDGE_LOOP('',(#4114,#4115,#4116,#4117));
#871=EDGE_LOOP('',(#4118,#4119,#4120,#4121));
#872=EDGE_LOOP('',(#4122,#4123,#4124,#4125));
#873=EDGE_LOOP('',(#4126,#4127,#4128,#4129));
#874=EDGE_LOOP('',(#4130,#4131,#4132,#4133));
#875=EDGE_LOOP('',(#4134,#4135,#4136,#4137,#4138,#4139,#4140,#4141,#4142,
#4143,#4144,#4145));
#876=EDGE_LOOP('',(#4146,#4147,#4148,#4149,#4150,#4151,#4152,#4153,#4154));
#877=EDGE_LOOP('',(#4155,#4156,#4157,#4158));
#878=EDGE_LOOP('',(#4159,#4160,#4161,#4162));
#879=EDGE_LOOP('',(#4163,#4164,#4165,#4166));
#880=EDGE_LOOP('',(#4167,#4168,#4169,#4170));
#881=EDGE_LOOP('',(#4171,#4172,#4173,#4174));
#882=EDGE_LOOP('',(#4175,#4176,#4177,#4178));
#883=EDGE_LOOP('',(#4179,#4180,#4181,#4182));
#884=EDGE_LOOP('',(#4183,#4184,#4185,#4186));
#885=EDGE_LOOP('',(#4187,#4188,#4189,#4190));
#886=EDGE_LOOP('',(#4191,#4192,#4193,#4194));
#887=EDGE_LOOP('',(#4195,#4196,#4197,#4198));
#888=EDGE_LOOP('',(#4199,#4200,#4201,#4202,#4203,#4204,#4205,#4206));
#889=EDGE_LOOP('',(#4207,#4208,#4209));
#890=EDGE_LOOP('',(#4210,#4211,#4212,#4213));
#891=EDGE_LOOP('',(#4214,#4215,#4216,#4217));
#892=EDGE_LOOP('',(#4218,#4219,#4220,#4221));
#893=EDGE_LOOP('',(#4222,#4223,#4224,#4225));
#894=EDGE_LOOP('',(#4226,#4227,#4228,#4229));
#895=EDGE_LOOP('',(#4230,#4231,#4232,#4233));
#896=EDGE_LOOP('',(#4234,#4235,#4236,#4237));
#897=EDGE_LOOP('',(#4238,#4239,#4240,#4241));
#898=EDGE_LOOP('',(#4242,#4243,#4244,#4245));
#899=EDGE_LOOP('',(#4246,#4247,#4248,#4249));
#900=EDGE_LOOP('',(#4250,#4251,#4252,#4253));
#901=EDGE_LOOP('',(#4254,#4255,#4256,#4257));
#902=EDGE_LOOP('',(#4258,#4259,#4260,#4261,#4262,#4263,#4264,#4265,#4266,
#4267,#4268,#4269));
#903=EDGE_LOOP('',(#4270,#4271,#4272,#4273));
#904=EDGE_LOOP('',(#4274,#4275,#4276,#4277));
#905=EDGE_LOOP('',(#4278,#4279,#4280,#4281));
#906=EDGE_LOOP('',(#4282,#4283,#4284,#4285));
#907=EDGE_LOOP('',(#4286,#4287,#4288,#4289));
#908=EDGE_LOOP('',(#4290,#4291,#4292,#4293));
#909=EDGE_LOOP('',(#4294,#4295,#4296,#4297));
#910=EDGE_LOOP('',(#4298,#4299,#4300,#4301));
#911=EDGE_LOOP('',(#4302,#4303,#4304,#4305));
#912=EDGE_LOOP('',(#4306,#4307,#4308,#4309));
#913=EDGE_LOOP('',(#4310,#4311,#4312,#4313));
#914=EDGE_LOOP('',(#4314,#4315,#4316,#4317));
#915=EDGE_LOOP('',(#4318,#4319,#4320,#4321));
#916=EDGE_LOOP('',(#4322,#4323,#4324,#4325));
#917=EDGE_LOOP('',(#4326,#4327,#4328,#4329));
#918=EDGE_LOOP('',(#4330,#4331,#4332,#4333));
#919=EDGE_LOOP('',(#4334,#4335,#4336,#4337));
#920=EDGE_LOOP('',(#4338,#4339,#4340,#4341));
#921=EDGE_LOOP('',(#4342,#4343,#4344,#4345,#4346,#4347,#4348,#4349,#4350,
#4351,#4352,#4353,#4354,#4355,#4356,#4357,#4358,#4359));
#922=EDGE_LOOP('',(#4360,#4361,#4362,#4363));
#923=EDGE_LOOP('',(#4364,#4365,#4366,#4367));
#924=EDGE_LOOP('',(#4368,#4369,#4370,#4371));
#925=EDGE_LOOP('',(#4372,#4373,#4374,#4375));
#926=EDGE_LOOP('',(#4376,#4377,#4378,#4379));
#927=EDGE_LOOP('',(#4380,#4381,#4382,#4383));
#928=EDGE_LOOP('',(#4384,#4385,#4386,#4387));
#929=EDGE_LOOP('',(#4388,#4389,#4390,#4391));
#930=EDGE_LOOP('',(#4392,#4393,#4394,#4395));
#931=EDGE_LOOP('',(#4396,#4397,#4398,#4399));
#932=EDGE_LOOP('',(#4400,#4401,#4402,#4403));
#933=EDGE_LOOP('',(#4404,#4405,#4406,#4407));
#934=EDGE_LOOP('',(#4408,#4409,#4410,#4411,#4412,#4413,#4414,#4415,#4416,
#4417,#4418,#4419));
#935=EDGE_LOOP('',(#4420,#4421,#4422));
#936=EDGE_LOOP('',(#4423,#4424,#4425,#4426,#4427,#4428,#4429,#4430,#4431));
#937=EDGE_LOOP('',(#4432,#4433,#4434,#4435,#4436,#4437,#4438,#4439,#4440,
#4441,#4442));
#938=EDGE_LOOP('',(#4443,#4444,#4445));
#939=EDGE_LOOP('',(#4446,#4447,#4448,#4449));
#940=EDGE_LOOP('',(#4450,#4451,#4452,#4453));
#941=EDGE_LOOP('',(#4454,#4455,#4456,#4457));
#942=EDGE_LOOP('',(#4458,#4459,#4460,#4461));
#943=EDGE_LOOP('',(#4462,#4463,#4464));
#944=EDGE_LOOP('',(#4465,#4466,#4467));
#945=EDGE_LOOP('',(#4468,#4469,#4470));
#946=EDGE_LOOP('',(#4471,#4472,#4473));
#947=EDGE_LOOP('',(#4474,#4475,#4476,#4477));
#948=EDGE_LOOP('',(#4478,#4479,#4480,#4481));
#949=EDGE_LOOP('',(#4482,#4483,#4484,#4485));
#950=EDGE_LOOP('',(#4486,#4487,#4488,#4489));
#951=EDGE_LOOP('',(#4490,#4491,#4492,#4493));
#952=EDGE_LOOP('',(#4494));
#953=EDGE_LOOP('',(#4495));
#954=EDGE_LOOP('',(#4496,#4497,#4498,#4499,#4500,#4501,#4502,#4503));
#955=EDGE_LOOP('',(#4504,#4505,#4506,#4507,#4508,#4509,#4510,#4511));
#956=EDGE_LOOP('',(#4512,#4513,#4514,#4515,#4516,#4517,#4518,#4519));
#957=EDGE_LOOP('',(#4520,#4521,#4522,#4523,#4524,#4525,#4526,#4527));
#958=EDGE_LOOP('',(#4528,#4529,#4530,#4531,#4532,#4533,#4534,#4535));
#959=EDGE_LOOP('',(#4536,#4537,#4538,#4539,#4540,#4541,#4542,#4543));
#960=EDGE_LOOP('',(#4544,#4545,#4546,#4547,#4548,#4549,#4550,#4551));
#961=EDGE_LOOP('',(#4552,#4553,#4554,#4555,#4556,#4557,#4558,#4559));
#962=EDGE_LOOP('',(#4560,#4561,#4562,#4563,#4564,#4565,#4566,#4567));
#963=EDGE_LOOP('',(#4568,#4569,#4570,#4571,#4572,#4573,#4574,#4575));
#964=EDGE_LOOP('',(#4576,#4577,#4578,#4579,#4580,#4581,#4582,#4583));
#965=EDGE_LOOP('',(#4584,#4585,#4586,#4587,#4588,#4589,#4590,#4591));
#966=EDGE_LOOP('',(#4592,#4593,#4594,#4595,#4596,#4597,#4598,#4599));
#967=EDGE_LOOP('',(#4600,#4601,#4602,#4603,#4604,#4605,#4606,#4607));
#968=EDGE_LOOP('',(#4608,#4609,#4610,#4611,#4612,#4613,#4614,#4615));
#969=EDGE_LOOP('',(#4616,#4617,#4618,#4619,#4620,#4621,#4622,#4623));
#970=EDGE_LOOP('',(#4624));
#971=EDGE_LOOP('',(#4625));
#972=EDGE_LOOP('',(#4626,#4627,#4628,#4629));
#973=EDGE_LOOP('',(#4630,#4631,#4632,#4633,#4634,#4635,#4636,#4637,#4638,
#4639,#4640,#4641));
#974=EDGE_LOOP('',(#4642,#4643,#4644,#4645,#4646,#4647,#4648,#4649,#4650,
#4651,#4652,#4653,#4654,#4655,#4656,#4657,#4658,#4659));
#975=EDGE_LOOP('',(#4660,#4661,#4662,#4663,#4664,#4665,#4666,#4667,#4668,
#4669,#4670,#4671));
#976=EDGE_LOOP('',(#4672,#4673,#4674,#4675,#4676,#4677,#4678,#4679));
#977=EDGE_LOOP('',(#4680,#4681,#4682,#4683,#4684,#4685,#4686,#4687,#4688,
#4689,#4690,#4691));
#978=EDGE_LOOP('',(#4692,#4693,#4694,#4695,#4696,#4697,#4698,#4699,#4700,
#4701,#4702));
#979=EDGE_LOOP('',(#4703,#4704,#4705,#4706,#4707,#4708,#4709,#4710));
#980=EDGE_LOOP('',(#4711,#4712,#4713,#4714,#4715,#4716,#4717,#4718));
#981=EDGE_LOOP('',(#4719,#4720,#4721,#4722));
#982=EDGE_LOOP('',(#4723,#4724,#4725,#4726,#4727,#4728,#4729,#4730));
#983=EDGE_LOOP('',(#4731,#4732,#4733,#4734,#4735,#4736,#4737,#4738));
#984=EDGE_LOOP('',(#4739,#4740,#4741,#4742,#4743,#4744,#4745,#4746));
#985=EDGE_LOOP('',(#4747,#4748,#4749,#4750,#4751,#4752,#4753,#4754));
#986=EDGE_LOOP('',(#4755,#4756,#4757,#4758,#4759,#4760,#4761,#4762));
#987=EDGE_LOOP('',(#4763,#4764,#4765,#4766,#4767,#4768,#4769,#4770));
#988=EDGE_LOOP('',(#4771,#4772,#4773,#4774,#4775,#4776,#4777,#4778));
#989=EDGE_LOOP('',(#4779,#4780,#4781,#4782,#4783,#4784,#4785,#4786));
#990=EDGE_LOOP('',(#4787,#4788,#4789,#4790,#4791,#4792,#4793,#4794));
#991=EDGE_LOOP('',(#4795,#4796,#4797,#4798,#4799,#4800,#4801,#4802));
#992=EDGE_LOOP('',(#4803,#4804,#4805,#4806,#4807,#4808,#4809,#4810));
#993=EDGE_LOOP('',(#4811,#4812,#4813,#4814,#4815,#4816,#4817,#4818));
#994=EDGE_LOOP('',(#4819,#4820,#4821,#4822,#4823,#4824,#4825,#4826));
#995=EDGE_LOOP('',(#4827,#4828,#4829,#4830,#4831,#4832,#4833,#4834));
#996=EDGE_LOOP('',(#4835,#4836,#4837,#4838,#4839,#4840,#4841,#4842));
#997=EDGE_LOOP('',(#4843,#4844,#4845,#4846,#4847,#4848,#4849,#4850));
#998=EDGE_LOOP('',(#4851));
#999=EDGE_LOOP('',(#4852));
#1000=EDGE_LOOP('',(#4853));
#1001=EDGE_LOOP('',(#4854));
#1002=EDGE_LOOP('',(#4855,#4856,#4857,#4858));
#1003=EDGE_LOOP('',(#4859,#4860,#4861,#4862));
#1004=EDGE_LOOP('',(#4863,#4864,#4865,#4866));
#1005=EDGE_LOOP('',(#4867,#4868,#4869,#4870));
#1006=EDGE_LOOP('',(#4871,#4872,#4873,#4874));
#1007=EDGE_LOOP('',(#4875,#4876,#4877,#4878));
#1008=EDGE_LOOP('',(#4879,#4880,#4881,#4882));
#1009=EDGE_LOOP('',(#4883,#4884,#4885,#4886));
#1010=EDGE_LOOP('',(#4887,#4888,#4889,#4890));
#1011=EDGE_LOOP('',(#4891,#4892,#4893,#4894));
#1012=EDGE_LOOP('',(#4895,#4896,#4897,#4898));
#1013=EDGE_LOOP('',(#4899,#4900,#4901,#4902));
#1014=EDGE_LOOP('',(#4903,#4904,#4905,#4906));
#1015=EDGE_LOOP('',(#4907,#4908,#4909,#4910));
#1016=EDGE_LOOP('',(#4911,#4912,#4913,#4914));
#1017=EDGE_LOOP('',(#4915,#4916,#4917,#4918));
#1018=EDGE_LOOP('',(#4919,#4920,#4921,#4922));
#1019=EDGE_LOOP('',(#4923,#4924,#4925,#4926));
#1020=EDGE_LOOP('',(#4927,#4928,#4929,#4930));
#1021=EDGE_LOOP('',(#4931,#4932,#4933,#4934));
#1022=EDGE_LOOP('',(#4935,#4936,#4937,#4938));
#1023=EDGE_LOOP('',(#4939,#4940,#4941,#4942));
#1024=EDGE_LOOP('',(#4943,#4944,#4945,#4946));
#1025=EDGE_LOOP('',(#4947,#4948,#4949,#4950));
#1026=EDGE_LOOP('',(#4951,#4952,#4953,#4954));
#1027=EDGE_LOOP('',(#4955,#4956,#4957,#4958));
#1028=EDGE_LOOP('',(#4959,#4960,#4961,#4962));
#1029=EDGE_LOOP('',(#4963,#4964,#4965,#4966));
#1030=EDGE_LOOP('',(#4967,#4968,#4969,#4970));
#1031=EDGE_LOOP('',(#4971,#4972,#4973,#4974));
#1032=EDGE_LOOP('',(#4975,#4976,#4977,#4978));
#1033=EDGE_LOOP('',(#4979,#4980,#4981,#4982));
#1034=EDGE_LOOP('',(#4983,#4984,#4985,#4986));
#1035=EDGE_LOOP('',(#4987,#4988,#4989,#4990));
#1036=EDGE_LOOP('',(#4991,#4992,#4993,#4994));
#1037=EDGE_LOOP('',(#4995,#4996,#4997,#4998));
#1038=EDGE_LOOP('',(#4999,#5000,#5001,#5002));
#1039=EDGE_LOOP('',(#5003,#5004,#5005,#5006));
#1040=EDGE_LOOP('',(#5007,#5008,#5009,#5010));
#1041=EDGE_LOOP('',(#5011,#5012,#5013,#5014));
#1042=EDGE_LOOP('',(#5015,#5016,#5017,#5018));
#1043=EDGE_LOOP('',(#5019,#5020,#5021,#5022));
#1044=EDGE_LOOP('',(#5023,#5024,#5025,#5026));
#1045=EDGE_LOOP('',(#5027,#5028,#5029,#5030));
#1046=EDGE_LOOP('',(#5031,#5032,#5033,#5034));
#1047=EDGE_LOOP('',(#5035,#5036,#5037,#5038));
#1048=EDGE_LOOP('',(#5039,#5040,#5041,#5042));
#1049=EDGE_LOOP('',(#5043,#5044,#5045,#5046));
#1050=EDGE_LOOP('',(#5047,#5048,#5049,#5050));
#1051=EDGE_LOOP('',(#5051,#5052,#5053,#5054));
#1052=EDGE_LOOP('',(#5055,#5056,#5057,#5058));
#1053=EDGE_LOOP('',(#5059,#5060,#5061,#5062));
#1054=EDGE_LOOP('',(#5063,#5064,#5065,#5066));
#1055=EDGE_LOOP('',(#5067,#5068,#5069,#5070));
#1056=EDGE_LOOP('',(#5071,#5072,#5073,#5074));
#1057=EDGE_LOOP('',(#5075,#5076,#5077,#5078));
#1058=EDGE_LOOP('',(#5079,#5080,#5081,#5082));
#1059=EDGE_LOOP('',(#5083,#5084,#5085,#5086));
#1060=EDGE_LOOP('',(#5087,#5088,#5089,#5090));
#1061=EDGE_LOOP('',(#5091,#5092,#5093,#5094));
#1062=EDGE_LOOP('',(#5095,#5096,#5097,#5098));
#1063=EDGE_LOOP('',(#5099,#5100,#5101,#5102));
#1064=EDGE_LOOP('',(#5103,#5104,#5105,#5106));
#1065=EDGE_LOOP('',(#5107,#5108,#5109,#5110));
#1066=EDGE_LOOP('',(#5111,#5112,#5113,#5114));
#1067=EDGE_LOOP('',(#5115,#5116,#5117,#5118));
#1068=EDGE_LOOP('',(#5119,#5120,#5121,#5122));
#1069=EDGE_LOOP('',(#5123,#5124,#5125,#5126));
#1070=EDGE_LOOP('',(#5127,#5128,#5129,#5130));
#1071=EDGE_LOOP('',(#5131,#5132,#5133,#5134));
#1072=EDGE_LOOP('',(#5135,#5136,#5137,#5138));
#1073=EDGE_LOOP('',(#5139,#5140,#5141,#5142));
#1074=EDGE_LOOP('',(#5143,#5144,#5145,#5146));
#1075=EDGE_LOOP('',(#5147,#5148,#5149,#5150));
#1076=EDGE_LOOP('',(#5151,#5152,#5153,#5154));
#1077=EDGE_LOOP('',(#5155,#5156,#5157,#5158));
#1078=EDGE_LOOP('',(#5159,#5160,#5161,#5162));
#1079=EDGE_LOOP('',(#5163,#5164,#5165,#5166));
#1080=EDGE_LOOP('',(#5167,#5168,#5169,#5170));
#1081=EDGE_LOOP('',(#5171,#5172,#5173,#5174));
#1082=EDGE_LOOP('',(#5175,#5176,#5177,#5178));
#1083=EDGE_LOOP('',(#5179,#5180,#5181,#5182));
#1084=EDGE_LOOP('',(#5183,#5184,#5185,#5186));
#1085=EDGE_LOOP('',(#5187,#5188,#5189,#5190));
#1086=EDGE_LOOP('',(#5191,#5192,#5193,#5194));
#1087=EDGE_LOOP('',(#5195,#5196,#5197,#5198));
#1088=EDGE_LOOP('',(#5199,#5200,#5201,#5202));
#1089=EDGE_LOOP('',(#5203,#5204,#5205,#5206));
#1090=EDGE_LOOP('',(#5207,#5208,#5209,#5210));
#1091=EDGE_LOOP('',(#5211,#5212,#5213,#5214));
#1092=EDGE_LOOP('',(#5215,#5216,#5217,#5218));
#1093=EDGE_LOOP('',(#5219,#5220,#5221,#5222));
#1094=EDGE_LOOP('',(#5223,#5224,#5225,#5226));
#1095=EDGE_LOOP('',(#5227,#5228,#5229,#5230));
#1096=EDGE_LOOP('',(#5231,#5232,#5233,#5234));
#1097=EDGE_LOOP('',(#5235,#5236,#5237,#5238));
#1098=EDGE_LOOP('',(#5239,#5240,#5241,#5242));
#1099=EDGE_LOOP('',(#5243,#5244,#5245,#5246));
#1100=EDGE_LOOP('',(#5247,#5248,#5249,#5250));
#1101=EDGE_LOOP('',(#5251,#5252,#5253,#5254));
#1102=EDGE_LOOP('',(#5255,#5256,#5257,#5258));
#1103=EDGE_LOOP('',(#5259,#5260,#5261,#5262));
#1104=EDGE_LOOP('',(#5263,#5264,#5265,#5266));
#1105=EDGE_LOOP('',(#5267,#5268,#5269,#5270));
#1106=EDGE_LOOP('',(#5271,#5272,#5273,#5274));
#1107=EDGE_LOOP('',(#5275,#5276,#5277,#5278));
#1108=EDGE_LOOP('',(#5279,#5280,#5281,#5282));
#1109=EDGE_LOOP('',(#5283,#5284,#5285,#5286));
#1110=EDGE_LOOP('',(#5287,#5288,#5289,#5290));
#1111=EDGE_LOOP('',(#5291,#5292,#5293,#5294));
#1112=EDGE_LOOP('',(#5295,#5296,#5297,#5298));
#1113=EDGE_LOOP('',(#5299,#5300,#5301,#5302));
#1114=EDGE_LOOP('',(#5303,#5304,#5305,#5306));
#1115=EDGE_LOOP('',(#5307,#5308,#5309,#5310));
#1116=EDGE_LOOP('',(#5311,#5312,#5313,#5314));
#1117=EDGE_LOOP('',(#5315,#5316,#5317,#5318));
#1118=EDGE_LOOP('',(#5319,#5320,#5321,#5322));
#1119=EDGE_LOOP('',(#5323,#5324,#5325,#5326));
#1120=EDGE_LOOP('',(#5327,#5328,#5329,#5330));
#1121=EDGE_LOOP('',(#5331,#5332,#5333,#5334));
#1122=EDGE_LOOP('',(#5335,#5336,#5337,#5338));
#1123=EDGE_LOOP('',(#5339,#5340,#5341,#5342));
#1124=EDGE_LOOP('',(#5343,#5344,#5345,#5346));
#1125=EDGE_LOOP('',(#5347,#5348,#5349,#5350));
#1126=EDGE_LOOP('',(#5351,#5352,#5353,#5354));
#1127=EDGE_LOOP('',(#5355,#5356,#5357,#5358));
#1128=EDGE_LOOP('',(#5359,#5360,#5361,#5362));
#1129=EDGE_LOOP('',(#5363,#5364,#5365,#5366));
#1130=EDGE_LOOP('',(#5367,#5368,#5369,#5370));
#1131=EDGE_LOOP('',(#5371,#5372,#5373,#5374));
#1132=EDGE_LOOP('',(#5375,#5376,#5377,#5378));
#1133=EDGE_LOOP('',(#5379,#5380,#5381,#5382));
#1134=EDGE_LOOP('',(#5383,#5384,#5385,#5386));
#1135=EDGE_LOOP('',(#5387,#5388,#5389,#5390));
#1136=EDGE_LOOP('',(#5391,#5392,#5393,#5394));
#1137=EDGE_LOOP('',(#5395,#5396,#5397,#5398));
#1138=EDGE_LOOP('',(#5399,#5400,#5401,#5402));
#1139=EDGE_LOOP('',(#5403,#5404,#5405,#5406));
#1140=EDGE_LOOP('',(#5407,#5408,#5409,#5410));
#1141=EDGE_LOOP('',(#5411,#5412,#5413,#5414));
#1142=EDGE_LOOP('',(#5415,#5416,#5417,#5418));
#1143=EDGE_LOOP('',(#5419,#5420,#5421,#5422));
#1144=EDGE_LOOP('',(#5423,#5424,#5425,#5426));
#1145=EDGE_LOOP('',(#5427,#5428,#5429,#5430));
#1146=EDGE_LOOP('',(#5431,#5432,#5433,#5434));
#1147=EDGE_LOOP('',(#5435,#5436,#5437,#5438));
#1148=LINE('',#7813,#1739);
#1149=LINE('',#7815,#1740);
#1150=LINE('',#7817,#1741);
#1151=LINE('',#7818,#1742);
#1152=LINE('',#7821,#1743);
#1153=LINE('',#7823,#1744);
#1154=LINE('',#7825,#1745);
#1155=LINE('',#7827,#1746);
#1156=LINE('',#7829,#1747);
#1157=LINE('',#7831,#1748);
#1158=LINE('',#7832,#1749);
#1159=LINE('',#7835,#1750);
#1160=LINE('',#7837,#1751);
#1161=LINE('',#7838,#1752);
#1162=LINE('',#7840,#1753);
#1163=LINE('',#7842,#1754);
#1164=LINE('',#7844,#1755);
#1165=LINE('',#7845,#1756);
#1166=LINE('',#7847,#1757);
#1167=LINE('',#7850,#1758);
#1168=LINE('',#7851,#1759);
#1169=LINE('',#7854,#1760);
#1170=LINE('',#7855,#1761);
#1171=LINE('',#7857,#1762);
#1172=LINE('',#7863,#1763);
#1173=LINE('',#7866,#1764);
#1174=LINE('',#7869,#1765);
#1175=LINE('',#7873,#1766);
#1176=LINE('',#7877,#1767);
#1177=LINE('',#7880,#1768);
#1178=LINE('',#7891,#1769);
#1179=LINE('',#7892,#1770);
#1180=LINE('',#7896,#1771);
#1181=LINE('',#7901,#1772);
#1182=LINE('',#7902,#1773);
#1183=LINE('',#7905,#1774);
#1184=LINE('',#7906,#1775);
#1185=LINE('',#7910,#1776);
#1186=LINE('',#7912,#1777);
#1187=LINE('',#7914,#1778);
#1188=LINE('',#7925,#1779);
#1189=LINE('',#7927,#1780);
#1190=LINE('',#7929,#1781);
#1191=LINE('',#7931,#1782);
#1192=LINE('',#7935,#1783);
#1193=LINE('',#7937,#1784);
#1194=LINE('',#7939,#1785);
#1195=LINE('',#7940,#1786);
#1196=LINE('',#7943,#1787);
#1197=LINE('',#7945,#1788);
#1198=LINE('',#7946,#1789);
#1199=LINE('',#7949,#1790);
#1200=LINE('',#7950,#1791);
#1201=LINE('',#7953,#1792);
#1202=LINE('',#7955,#1793);
#1203=LINE('',#7957,#1794);
#1204=LINE('',#7958,#1795);
#1205=LINE('',#7961,#1796);
#1206=LINE('',#7962,#1797);
#1207=LINE('',#7964,#1798);
#1208=LINE('',#7968,#1799);
#1209=LINE('',#7970,#1800);
#1210=LINE('',#7972,#1801);
#1211=LINE('',#7973,#1802);
#1212=LINE('',#7976,#1803);
#1213=LINE('',#7978,#1804);
#1214=LINE('',#7979,#1805);
#1215=LINE('',#7981,#1806);
#1216=LINE('',#7982,#1807);
#1217=LINE('',#7986,#1808);
#1218=LINE('',#7988,#1809);
#1219=LINE('',#7990,#1810);
#1220=LINE('',#7991,#1811);
#1221=LINE('',#7994,#1812);
#1222=LINE('',#7996,#1813);
#1223=LINE('',#7997,#1814);
#1224=LINE('',#8000,#1815);
#1225=LINE('',#8002,#1816);
#1226=LINE('',#8003,#1817);
#1227=LINE('',#8006,#1818);
#1228=LINE('',#8008,#1819);
#1229=LINE('',#8009,#1820);
#1230=LINE('',#8012,#1821);
#1231=LINE('',#8014,#1822);
#1232=LINE('',#8015,#1823);
#1233=LINE('',#8018,#1824);
#1234=LINE('',#8020,#1825);
#1235=LINE('',#8021,#1826);
#1236=LINE('',#8024,#1827);
#1237=LINE('',#8026,#1828);
#1238=LINE('',#8027,#1829);
#1239=LINE('',#8029,#1830);
#1240=LINE('',#8030,#1831);
#1241=LINE('',#8050,#1832);
#1242=LINE('',#8057,#1833);
#1243=LINE('',#8075,#1834);
#1244=LINE('',#8098,#1835);
#1245=LINE('',#8121,#1836);
#1246=LINE('',#8144,#1837);
#1247=LINE('',#8167,#1838);
#1248=LINE('',#8190,#1839);
#1249=LINE('',#8213,#1840);
#1250=LINE('',#8221,#1841);
#1251=LINE('',#8223,#1842);
#1252=LINE('',#8224,#1843);
#1253=LINE('',#8227,#1844);
#1254=LINE('',#8229,#1845);
#1255=LINE('',#8230,#1846);
#1256=LINE('',#8232,#1847);
#1257=LINE('',#8233,#1848);
#1258=LINE('',#8237,#1849);
#1259=LINE('',#8239,#1850);
#1260=LINE('',#8241,#1851);
#1261=LINE('',#8242,#1852);
#1262=LINE('',#8260,#1853);
#1263=LINE('',#8283,#1854);
#1264=LINE('',#8306,#1855);
#1265=LINE('',#8329,#1856);
#1266=LINE('',#8352,#1857);
#1267=LINE('',#8375,#1858);
#1268=LINE('',#8398,#1859);
#1269=LINE('',#8421,#1860);
#1270=LINE('',#8429,#1861);
#1271=LINE('',#8431,#1862);
#1272=LINE('',#8432,#1863);
#1273=LINE('',#8434,#1864);
#1274=LINE('',#8435,#1865);
#1275=LINE('',#8455,#1866);
#1276=LINE('',#8462,#1867);
#1277=LINE('',#8480,#1868);
#1278=LINE('',#8503,#1869);
#1279=LINE('',#8526,#1870);
#1280=LINE('',#8549,#1871);
#1281=LINE('',#8572,#1872);
#1282=LINE('',#8580,#1873);
#1283=LINE('',#8582,#1874);
#1284=LINE('',#8583,#1875);
#1285=LINE('',#8586,#1876);
#1286=LINE('',#8588,#1877);
#1287=LINE('',#8589,#1878);
#1288=LINE('',#8591,#1879);
#1289=LINE('',#8592,#1880);
#1290=LINE('',#8596,#1881);
#1291=LINE('',#8598,#1882);
#1292=LINE('',#8600,#1883);
#1293=LINE('',#8601,#1884);
#1294=LINE('',#8604,#1885);
#1295=LINE('',#8606,#1886);
#1296=LINE('',#8607,#1887);
#1297=LINE('',#8625,#1888);
#1298=LINE('',#8648,#1889);
#1299=LINE('',#8671,#1890);
#1300=LINE('',#8694,#1891);
#1301=LINE('',#8717,#1892);
#1302=LINE('',#8740,#1893);
#1303=LINE('',#8763,#1894);
#1304=LINE('',#8771,#1895);
#1305=LINE('',#8773,#1896);
#1306=LINE('',#8774,#1897);
#1307=LINE('',#8777,#1898);
#1308=LINE('',#8779,#1899);
#1309=LINE('',#8780,#1900);
#1310=LINE('',#8782,#1901);
#1311=LINE('',#8783,#1902);
#1312=LINE('',#8788,#1903);
#1313=LINE('',#8790,#1904);
#1314=LINE('',#8792,#1905);
#1315=LINE('',#8793,#1906);
#1316=LINE('',#8796,#1907);
#1317=LINE('',#8798,#1908);
#1318=LINE('',#8799,#1909);
#1319=LINE('',#8801,#1910);
#1320=LINE('',#8802,#1911);
#1321=LINE('',#8806,#1912);
#1322=LINE('',#8808,#1913);
#1323=LINE('',#8810,#1914);
#1324=LINE('',#8811,#1915);
#1325=LINE('',#8814,#1916);
#1326=LINE('',#8816,#1917);
#1327=LINE('',#8817,#1918);
#1328=LINE('',#8820,#1919);
#1329=LINE('',#8822,#1920);
#1330=LINE('',#8823,#1921);
#1331=LINE('',#8826,#1922);
#1332=LINE('',#8828,#1923);
#1333=LINE('',#8829,#1924);
#1334=LINE('',#8832,#1925);
#1335=LINE('',#8834,#1926);
#1336=LINE('',#8835,#1927);
#1337=LINE('',#8838,#1928);
#1338=LINE('',#8840,#1929);
#1339=LINE('',#8841,#1930);
#1340=LINE('',#8844,#1931);
#1341=LINE('',#8846,#1932);
#1342=LINE('',#8847,#1933);
#1343=LINE('',#8849,#1934);
#1344=LINE('',#8850,#1935);
#1345=LINE('',#8855,#1936);
#1346=LINE('',#8857,#1937);
#1347=LINE('',#8859,#1938);
#1348=LINE('',#8860,#1939);
#1349=LINE('',#8863,#1940);
#1350=LINE('',#8865,#1941);
#1351=LINE('',#8866,#1942);
#1352=LINE('',#8869,#1943);
#1353=LINE('',#8871,#1944);
#1354=LINE('',#8872,#1945);
#1355=LINE('',#8875,#1946);
#1356=LINE('',#8877,#1947);
#1357=LINE('',#8878,#1948);
#1358=LINE('',#8881,#1949);
#1359=LINE('',#8883,#1950);
#1360=LINE('',#8884,#1951);
#1361=LINE('',#8887,#1952);
#1362=LINE('',#8889,#1953);
#1363=LINE('',#8890,#1954);
#1364=LINE('',#8893,#1955);
#1365=LINE('',#8895,#1956);
#1366=LINE('',#8896,#1957);
#1367=LINE('',#8899,#1958);
#1368=LINE('',#8901,#1959);
#1369=LINE('',#8902,#1960);
#1370=LINE('',#8905,#1961);
#1371=LINE('',#8907,#1962);
#1372=LINE('',#8908,#1963);
#1373=LINE('',#8911,#1964);
#1374=LINE('',#8913,#1965);
#1375=LINE('',#8914,#1966);
#1376=LINE('',#8917,#1967);
#1377=LINE('',#8919,#1968);
#1378=LINE('',#8920,#1969);
#1379=LINE('',#8922,#1970);
#1380=LINE('',#8923,#1971);
#1381=LINE('',#8943,#1972);
#1382=LINE('',#8950,#1973);
#1383=LINE('',#8968,#1974);
#1384=LINE('',#8991,#1975);
#1385=LINE('',#9014,#1976);
#1386=LINE('',#9037,#1977);
#1387=LINE('',#9060,#1978);
#1388=LINE('',#9083,#1979);
#1389=LINE('',#9091,#1980);
#1390=LINE('',#9093,#1981);
#1391=LINE('',#9094,#1982);
#1392=LINE('',#9112,#1983);
#1393=LINE('',#9135,#1984);
#1394=LINE('',#9158,#1985);
#1395=LINE('',#9181,#1986);
#1396=LINE('',#9204,#1987);
#1397=LINE('',#9227,#1988);
#1398=LINE('',#9250,#1989);
#1399=LINE('',#9273,#1990);
#1400=LINE('',#9281,#1991);
#1401=LINE('',#9283,#1992);
#1402=LINE('',#9284,#1993);
#1403=LINE('',#9309,#1994);
#1404=LINE('',#9311,#1995);
#1405=LINE('',#9313,#1996);
#1406=LINE('',#9314,#1997);
#1407=LINE('',#9317,#1998);
#1408=LINE('',#9319,#1999);
#1409=LINE('',#9320,#2000);
#1410=LINE('',#9323,#2001);
#1411=LINE('',#9325,#2002);
#1412=LINE('',#9326,#2003);
#1413=LINE('',#9329,#2004);
#1414=LINE('',#9331,#2005);
#1415=LINE('',#9332,#2006);
#1416=LINE('',#9335,#2007);
#1417=LINE('',#9337,#2008);
#1418=LINE('',#9338,#2009);
#1419=LINE('',#9341,#2010);
#1420=LINE('',#9343,#2011);
#1421=LINE('',#9344,#2012);
#1422=LINE('',#9347,#2013);
#1423=LINE('',#9349,#2014);
#1424=LINE('',#9350,#2015);
#1425=LINE('',#9353,#2016);
#1426=LINE('',#9355,#2017);
#1427=LINE('',#9356,#2018);
#1428=LINE('',#9359,#2019);
#1429=LINE('',#9361,#2020);
#1430=LINE('',#9362,#2021);
#1431=LINE('',#9365,#2022);
#1432=LINE('',#9367,#2023);
#1433=LINE('',#9368,#2024);
#1434=LINE('',#9371,#2025);
#1435=LINE('',#9373,#2026);
#1436=LINE('',#9374,#2027);
#1437=LINE('',#9376,#2028);
#1438=LINE('',#9377,#2029);
#1439=LINE('',#9388,#2030);
#1440=LINE('',#9391,#2031);
#1441=LINE('',#9396,#2032);
#1442=LINE('',#9399,#2033);
#1443=LINE('',#9404,#2034);
#1444=LINE('',#9407,#2035);
#1445=LINE('',#9412,#2036);
#1446=LINE('',#9414,#2037);
#1447=LINE('',#9425,#2038);
#1448=LINE('',#9428,#2039);
#1449=LINE('',#9431,#2040);
#1450=LINE('',#9432,#2041);
#1451=LINE('',#9435,#2042);
#1452=LINE('',#9439,#2043);
#1453=LINE('',#9440,#2044);
#1454=LINE('',#9450,#2045);
#1455=LINE('',#9454,#2046);
#1456=LINE('',#9458,#2047);
#1457=LINE('',#9461,#2048);
#1458=LINE('',#9466,#2049);
#1459=LINE('',#9470,#2050);
#1460=LINE('',#9474,#2051);
#1461=LINE('',#9477,#2052);
#1462=LINE('',#9482,#2053);
#1463=LINE('',#9486,#2054);
#1464=LINE('',#9490,#2055);
#1465=LINE('',#9493,#2056);
#1466=LINE('',#9498,#2057);
#1467=LINE('',#9502,#2058);
#1468=LINE('',#9506,#2059);
#1469=LINE('',#9509,#2060);
#1470=LINE('',#9514,#2061);
#1471=LINE('',#9518,#2062);
#1472=LINE('',#9522,#2063);
#1473=LINE('',#9525,#2064);
#1474=LINE('',#9530,#2065);
#1475=LINE('',#9534,#2066);
#1476=LINE('',#9538,#2067);
#1477=LINE('',#9541,#2068);
#1478=LINE('',#9546,#2069);
#1479=LINE('',#9550,#2070);
#1480=LINE('',#9554,#2071);
#1481=LINE('',#9557,#2072);
#1482=LINE('',#9562,#2073);
#1483=LINE('',#9566,#2074);
#1484=LINE('',#9570,#2075);
#1485=LINE('',#9573,#2076);
#1486=LINE('',#9578,#2077);
#1487=LINE('',#9582,#2078);
#1488=LINE('',#9586,#2079);
#1489=LINE('',#9589,#2080);
#1490=LINE('',#9594,#2081);
#1491=LINE('',#9598,#2082);
#1492=LINE('',#9602,#2083);
#1493=LINE('',#9605,#2084);
#1494=LINE('',#9610,#2085);
#1495=LINE('',#9614,#2086);
#1496=LINE('',#9618,#2087);
#1497=LINE('',#9621,#2088);
#1498=LINE('',#9626,#2089);
#1499=LINE('',#9630,#2090);
#1500=LINE('',#9634,#2091);
#1501=LINE('',#9637,#2092);
#1502=LINE('',#9642,#2093);
#1503=LINE('',#9646,#2094);
#1504=LINE('',#9650,#2095);
#1505=LINE('',#9653,#2096);
#1506=LINE('',#9658,#2097);
#1507=LINE('',#9662,#2098);
#1508=LINE('',#9666,#2099);
#1509=LINE('',#9669,#2100);
#1510=LINE('',#9674,#2101);
#1511=LINE('',#9678,#2102);
#1512=LINE('',#9682,#2103);
#1513=LINE('',#9685,#2104);
#1514=LINE('',#9690,#2105);
#1515=LINE('',#9694,#2106);
#1516=LINE('',#9698,#2107);
#1517=LINE('',#9701,#2108);
#1518=LINE('',#9710,#2109);
#1519=LINE('',#9713,#2110);
#1520=LINE('',#9716,#2111);
#1521=LINE('',#9718,#2112);
#1522=LINE('',#9720,#2113);
#1523=LINE('',#9721,#2114);
#1524=LINE('',#9726,#2115);
#1525=LINE('',#9730,#2116);
#1526=LINE('',#9734,#2117);
#1527=LINE('',#9737,#2118);
#1528=LINE('',#9742,#2119);
#1529=LINE('',#9746,#2120);
#1530=LINE('',#9750,#2121);
#1531=LINE('',#9753,#2122);
#1532=LINE('',#9758,#2123);
#1533=LINE('',#9762,#2124);
#1534=LINE('',#9766,#2125);
#1535=LINE('',#9769,#2126);
#1536=LINE('',#9774,#2127);
#1537=LINE('',#9778,#2128);
#1538=LINE('',#9782,#2129);
#1539=LINE('',#9785,#2130);
#1540=LINE('',#9790,#2131);
#1541=LINE('',#9794,#2132);
#1542=LINE('',#9798,#2133);
#1543=LINE('',#9801,#2134);
#1544=LINE('',#9806,#2135);
#1545=LINE('',#9810,#2136);
#1546=LINE('',#9814,#2137);
#1547=LINE('',#9817,#2138);
#1548=LINE('',#9822,#2139);
#1549=LINE('',#9826,#2140);
#1550=LINE('',#9830,#2141);
#1551=LINE('',#9833,#2142);
#1552=LINE('',#9838,#2143);
#1553=LINE('',#9842,#2144);
#1554=LINE('',#9846,#2145);
#1555=LINE('',#9849,#2146);
#1556=LINE('',#9854,#2147);
#1557=LINE('',#9858,#2148);
#1558=LINE('',#9862,#2149);
#1559=LINE('',#9865,#2150);
#1560=LINE('',#9870,#2151);
#1561=LINE('',#9874,#2152);
#1562=LINE('',#9878,#2153);
#1563=LINE('',#9881,#2154);
#1564=LINE('',#9886,#2155);
#1565=LINE('',#9890,#2156);
#1566=LINE('',#9894,#2157);
#1567=LINE('',#9897,#2158);
#1568=LINE('',#9902,#2159);
#1569=LINE('',#9906,#2160);
#1570=LINE('',#9910,#2161);
#1571=LINE('',#9913,#2162);
#1572=LINE('',#9918,#2163);
#1573=LINE('',#9922,#2164);
#1574=LINE('',#9926,#2165);
#1575=LINE('',#9929,#2166);
#1576=LINE('',#9934,#2167);
#1577=LINE('',#9938,#2168);
#1578=LINE('',#9942,#2169);
#1579=LINE('',#9945,#2170);
#1580=LINE('',#9950,#2171);
#1581=LINE('',#9954,#2172);
#1582=LINE('',#9958,#2173);
#1583=LINE('',#9961,#2174);
#1584=LINE('',#9966,#2175);
#1585=LINE('',#9970,#2176);
#1586=LINE('',#9974,#2177);
#1587=LINE('',#9977,#2178);
#1588=LINE('',#9987,#2179);
#1589=LINE('',#9989,#2180);
#1590=LINE('',#9990,#2181);
#1591=LINE('',#9993,#2182);
#1592=LINE('',#9994,#2183);
#1593=LINE('',#9996,#2184);
#1594=LINE('',#9998,#2185);
#1595=LINE('',#10002,#2186);
#1596=LINE('',#10003,#2187);
#1597=LINE('',#10005,#2188);
#1598=LINE('',#10007,#2189);
#1599=LINE('',#10009,#2190);
#1600=LINE('',#10011,#2191);
#1601=LINE('',#10013,#2192);
#1602=LINE('',#10015,#2193);
#1603=LINE('',#10018,#2194);
#1604=LINE('',#10019,#2195);
#1605=LINE('',#10021,#2196);
#1606=LINE('',#10023,#2197);
#1607=LINE('',#10025,#2198);
#1608=LINE('',#10027,#2199);
#1609=LINE('',#10029,#2200);
#1610=LINE('',#10031,#2201);
#1611=LINE('',#10034,#2202);
#1612=LINE('',#10035,#2203);
#1613=LINE('',#10037,#2204);
#1614=LINE('',#10039,#2205);
#1615=LINE('',#10041,#2206);
#1616=LINE('',#10043,#2207);
#1617=LINE('',#10045,#2208);
#1618=LINE('',#10047,#2209);
#1619=LINE('',#10050,#2210);
#1620=LINE('',#10051,#2211);
#1621=LINE('',#10053,#2212);
#1622=LINE('',#10055,#2213);
#1623=LINE('',#10057,#2214);
#1624=LINE('',#10059,#2215);
#1625=LINE('',#10061,#2216);
#1626=LINE('',#10063,#2217);
#1627=LINE('',#10066,#2218);
#1628=LINE('',#10067,#2219);
#1629=LINE('',#10069,#2220);
#1630=LINE('',#10071,#2221);
#1631=LINE('',#10073,#2222);
#1632=LINE('',#10075,#2223);
#1633=LINE('',#10077,#2224);
#1634=LINE('',#10079,#2225);
#1635=LINE('',#10082,#2226);
#1636=LINE('',#10083,#2227);
#1637=LINE('',#10085,#2228);
#1638=LINE('',#10087,#2229);
#1639=LINE('',#10089,#2230);
#1640=LINE('',#10091,#2231);
#1641=LINE('',#10093,#2232);
#1642=LINE('',#10095,#2233);
#1643=LINE('',#10098,#2234);
#1644=LINE('',#10099,#2235);
#1645=LINE('',#10101,#2236);
#1646=LINE('',#10103,#2237);
#1647=LINE('',#10105,#2238);
#1648=LINE('',#10107,#2239);
#1649=LINE('',#10109,#2240);
#1650=LINE('',#10111,#2241);
#1651=LINE('',#10114,#2242);
#1652=LINE('',#10115,#2243);
#1653=LINE('',#10117,#2244);
#1654=LINE('',#10119,#2245);
#1655=LINE('',#10121,#2246);
#1656=LINE('',#10123,#2247);
#1657=LINE('',#10125,#2248);
#1658=LINE('',#10127,#2249);
#1659=LINE('',#10130,#2250);
#1660=LINE('',#10131,#2251);
#1661=LINE('',#10133,#2252);
#1662=LINE('',#10135,#2253);
#1663=LINE('',#10137,#2254);
#1664=LINE('',#10139,#2255);
#1665=LINE('',#10141,#2256);
#1666=LINE('',#10143,#2257);
#1667=LINE('',#10146,#2258);
#1668=LINE('',#10147,#2259);
#1669=LINE('',#10149,#2260);
#1670=LINE('',#10151,#2261);
#1671=LINE('',#10153,#2262);
#1672=LINE('',#10155,#2263);
#1673=LINE('',#10157,#2264);
#1674=LINE('',#10159,#2265);
#1675=LINE('',#10162,#2266);
#1676=LINE('',#10163,#2267);
#1677=LINE('',#10165,#2268);
#1678=LINE('',#10167,#2269);
#1679=LINE('',#10169,#2270);
#1680=LINE('',#10171,#2271);
#1681=LINE('',#10173,#2272);
#1682=LINE('',#10175,#2273);
#1683=LINE('',#10178,#2274);
#1684=LINE('',#10179,#2275);
#1685=LINE('',#10181,#2276);
#1686=LINE('',#10183,#2277);
#1687=LINE('',#10185,#2278);
#1688=LINE('',#10187,#2279);
#1689=LINE('',#10189,#2280);
#1690=LINE('',#10191,#2281);
#1691=LINE('',#10194,#2282);
#1692=LINE('',#10195,#2283);
#1693=LINE('',#10197,#2284);
#1694=LINE('',#10199,#2285);
#1695=LINE('',#10201,#2286);
#1696=LINE('',#10203,#2287);
#1697=LINE('',#10205,#2288);
#1698=LINE('',#10207,#2289);
#1699=LINE('',#10210,#2290);
#1700=LINE('',#10211,#2291);
#1701=LINE('',#10213,#2292);
#1702=LINE('',#10215,#2293);
#1703=LINE('',#10217,#2294);
#1704=LINE('',#10219,#2295);
#1705=LINE('',#10221,#2296);
#1706=LINE('',#10223,#2297);
#1707=LINE('',#10226,#2298);
#1708=LINE('',#10227,#2299);
#1709=LINE('',#10229,#2300);
#1710=LINE('',#10231,#2301);
#1711=LINE('',#10233,#2302);
#1712=LINE('',#10235,#2303);
#1713=LINE('',#10237,#2304);
#1714=LINE('',#10239,#2305);
#1715=LINE('',#10242,#2306);
#1716=LINE('',#10243,#2307);
#1717=LINE('',#10245,#2308);
#1718=LINE('',#10247,#2309);
#1719=LINE('',#10249,#2310);
#1720=LINE('',#10251,#2311);
#1721=LINE('',#10253,#2312);
#1722=LINE('',#10255,#2313);
#1723=LINE('',#10258,#2314);
#1724=LINE('',#10260,#2315);
#1725=LINE('',#10262,#2316);
#1726=LINE('',#10264,#2317);
#1727=LINE('',#10268,#2318);
#1728=LINE('',#10270,#2319);
#1729=LINE('',#10272,#2320);
#1730=LINE('',#10273,#2321);
#1731=LINE('',#10276,#2322);
#1732=LINE('',#10278,#2323);
#1733=LINE('',#10279,#2324);
#1734=LINE('',#10282,#2325);
#1735=LINE('',#10284,#2326);
#1736=LINE('',#10285,#2327);
#1737=LINE('',#10287,#2328);
#1738=LINE('',#10288,#2329);
#1739=VECTOR('',#6364,10.);
#1740=VECTOR('',#6365,10.);
#1741=VECTOR('',#6366,10.);
#1742=VECTOR('',#6367,10.);
#1743=VECTOR('',#6370,10.);
#1744=VECTOR('',#6371,10.);
#1745=VECTOR('',#6372,10.);
#1746=VECTOR('',#6373,10.);
#1747=VECTOR('',#6374,10.);
#1748=VECTOR('',#6375,10.);
#1749=VECTOR('',#6376,10.);
#1750=VECTOR('',#6379,10.);
#1751=VECTOR('',#6380,10.);
#1752=VECTOR('',#6381,10.);
#1753=VECTOR('',#6384,10.);
#1754=VECTOR('',#6385,10.);
#1755=VECTOR('',#6386,10.);
#1756=VECTOR('',#6387,10.);
#1757=VECTOR('',#6390,10.);
#1758=VECTOR('',#6393,10.);
#1759=VECTOR('',#6394,10.);
#1760=VECTOR('',#6397,10.);
#1761=VECTOR('',#6398,10.);
#1762=VECTOR('',#6401,10.);
#1763=VECTOR('',#6406,10.);
#1764=VECTOR('',#6409,10.);
#1765=VECTOR('',#6412,10.);
#1766=VECTOR('',#6415,10.);
#1767=VECTOR('',#6418,10.);
#1768=VECTOR('',#6421,10.);
#1769=VECTOR('',#6432,10.);
#1770=VECTOR('',#6433,10.);
#1771=VECTOR('',#6438,10.);
#1772=VECTOR('',#6443,10.);
#1773=VECTOR('',#6444,10.);
#1774=VECTOR('',#6447,10.);
#1775=VECTOR('',#6448,10.);
#1776=VECTOR('',#6453,10.);
#1777=VECTOR('',#6456,10.);
#1778=VECTOR('',#6459,10.);
#1779=VECTOR('',#6472,1.45);
#1780=VECTOR('',#6475,1.45);
#1781=VECTOR('',#6478,1.45);
#1782=VECTOR('',#6481,1.45);
#1783=VECTOR('',#6484,10.);
#1784=VECTOR('',#6485,10.);
#1785=VECTOR('',#6486,10.);
#1786=VECTOR('',#6487,10.);
#1787=VECTOR('',#6490,10.);
#1788=VECTOR('',#6491,10.);
#1789=VECTOR('',#6492,10.);
#1790=VECTOR('',#6495,10.);
#1791=VECTOR('',#6496,10.);
#1792=VECTOR('',#6497,10.);
#1793=VECTOR('',#6498,10.);
#1794=VECTOR('',#6499,10.);
#1795=VECTOR('',#6500,10.);
#1796=VECTOR('',#6503,10.);
#1797=VECTOR('',#6504,10.);
#1798=VECTOR('',#6507,10.);
#1799=VECTOR('',#6510,10.);
#1800=VECTOR('',#6511,10.);
#1801=VECTOR('',#6512,10.);
#1802=VECTOR('',#6513,10.);
#1803=VECTOR('',#6516,10.);
#1804=VECTOR('',#6517,10.);
#1805=VECTOR('',#6518,10.);
#1806=VECTOR('',#6521,10.);
#1807=VECTOR('',#6522,10.);
#1808=VECTOR('',#6525,10.);
#1809=VECTOR('',#6526,10.);
#1810=VECTOR('',#6527,10.);
#1811=VECTOR('',#6528,10.);
#1812=VECTOR('',#6531,10.);
#1813=VECTOR('',#6532,10.);
#1814=VECTOR('',#6533,10.);
#1815=VECTOR('',#6536,10.);
#1816=VECTOR('',#6537,10.);
#1817=VECTOR('',#6538,10.);
#1818=VECTOR('',#6541,10.);
#1819=VECTOR('',#6542,10.);
#1820=VECTOR('',#6543,10.);
#1821=VECTOR('',#6546,10.);
#1822=VECTOR('',#6547,10.);
#1823=VECTOR('',#6548,10.);
#1824=VECTOR('',#6551,10.);
#1825=VECTOR('',#6552,10.);
#1826=VECTOR('',#6553,10.);
#1827=VECTOR('',#6556,10.);
#1828=VECTOR('',#6557,10.);
#1829=VECTOR('',#6558,10.);
#1830=VECTOR('',#6561,10.);
#1831=VECTOR('',#6562,10.);
#1832=VECTOR('',#6565,10.);
#1833=VECTOR('',#6566,10.);
#1834=VECTOR('',#6567,10.);
#1835=VECTOR('',#6568,10.);
#1836=VECTOR('',#6569,10.);
#1837=VECTOR('',#6570,10.);
#1838=VECTOR('',#6571,10.);
#1839=VECTOR('',#6572,10.);
#1840=VECTOR('',#6573,10.);
#1841=VECTOR('',#6576,10.);
#1842=VECTOR('',#6577,10.);
#1843=VECTOR('',#6578,10.);
#1844=VECTOR('',#6581,10.);
#1845=VECTOR('',#6582,10.);
#1846=VECTOR('',#6583,10.);
#1847=VECTOR('',#6586,10.);
#1848=VECTOR('',#6587,10.);
#1849=VECTOR('',#6590,10.);
#1850=VECTOR('',#6591,10.);
#1851=VECTOR('',#6592,10.);
#1852=VECTOR('',#6593,10.);
#1853=VECTOR('',#6594,10.);
#1854=VECTOR('',#6595,10.);
#1855=VECTOR('',#6596,10.);
#1856=VECTOR('',#6597,10.);
#1857=VECTOR('',#6598,10.);
#1858=VECTOR('',#6599,10.);
#1859=VECTOR('',#6600,10.);
#1860=VECTOR('',#6601,10.);
#1861=VECTOR('',#6604,10.);
#1862=VECTOR('',#6605,10.);
#1863=VECTOR('',#6606,10.);
#1864=VECTOR('',#6609,10.);
#1865=VECTOR('',#6610,10.);
#1866=VECTOR('',#6613,10.);
#1867=VECTOR('',#6614,10.);
#1868=VECTOR('',#6615,10.);
#1869=VECTOR('',#6616,10.);
#1870=VECTOR('',#6617,10.);
#1871=VECTOR('',#6618,10.);
#1872=VECTOR('',#6619,10.);
#1873=VECTOR('',#6622,10.);
#1874=VECTOR('',#6623,10.);
#1875=VECTOR('',#6624,10.);
#1876=VECTOR('',#6627,10.);
#1877=VECTOR('',#6628,10.);
#1878=VECTOR('',#6629,10.);
#1879=VECTOR('',#6632,10.);
#1880=VECTOR('',#6633,10.);
#1881=VECTOR('',#6636,10.);
#1882=VECTOR('',#6637,10.);
#1883=VECTOR('',#6638,10.);
#1884=VECTOR('',#6639,10.);
#1885=VECTOR('',#6642,10.);
#1886=VECTOR('',#6643,10.);
#1887=VECTOR('',#6644,10.);
#1888=VECTOR('',#6645,10.);
#1889=VECTOR('',#6646,10.);
#1890=VECTOR('',#6647,10.);
#1891=VECTOR('',#6648,10.);
#1892=VECTOR('',#6649,10.);
#1893=VECTOR('',#6650,10.);
#1894=VECTOR('',#6651,10.);
#1895=VECTOR('',#6654,10.);
#1896=VECTOR('',#6655,10.);
#1897=VECTOR('',#6656,10.);
#1898=VECTOR('',#6659,10.);
#1899=VECTOR('',#6660,10.);
#1900=VECTOR('',#6661,10.);
#1901=VECTOR('',#6664,10.);
#1902=VECTOR('',#6665,10.);
#1903=VECTOR('',#6670,10.);
#1904=VECTOR('',#6671,10.);
#1905=VECTOR('',#6672,10.);
#1906=VECTOR('',#6673,10.);
#1907=VECTOR('',#6676,10.);
#1908=VECTOR('',#6677,10.);
#1909=VECTOR('',#6678,10.);
#1910=VECTOR('',#6681,10.);
#1911=VECTOR('',#6682,10.);
#1912=VECTOR('',#6685,10.);
#1913=VECTOR('',#6686,10.);
#1914=VECTOR('',#6687,10.);
#1915=VECTOR('',#6688,10.);
#1916=VECTOR('',#6691,10.);
#1917=VECTOR('',#6692,10.);
#1918=VECTOR('',#6693,10.);
#1919=VECTOR('',#6696,10.);
#1920=VECTOR('',#6697,10.);
#1921=VECTOR('',#6698,10.);
#1922=VECTOR('',#6701,10.);
#1923=VECTOR('',#6702,10.);
#1924=VECTOR('',#6703,10.);
#1925=VECTOR('',#6706,10.);
#1926=VECTOR('',#6707,10.);
#1927=VECTOR('',#6708,10.);
#1928=VECTOR('',#6711,10.);
#1929=VECTOR('',#6712,10.);
#1930=VECTOR('',#6713,10.);
#1931=VECTOR('',#6716,10.);
#1932=VECTOR('',#6717,10.);
#1933=VECTOR('',#6718,10.);
#1934=VECTOR('',#6721,10.);
#1935=VECTOR('',#6722,10.);
#1936=VECTOR('',#6727,10.);
#1937=VECTOR('',#6728,10.);
#1938=VECTOR('',#6729,10.);
#1939=VECTOR('',#6730,10.);
#1940=VECTOR('',#6733,10.);
#1941=VECTOR('',#6734,10.);
#1942=VECTOR('',#6735,10.);
#1943=VECTOR('',#6738,10.);
#1944=VECTOR('',#6739,10.);
#1945=VECTOR('',#6740,10.);
#1946=VECTOR('',#6743,10.);
#1947=VECTOR('',#6744,10.);
#1948=VECTOR('',#6745,10.);
#1949=VECTOR('',#6748,10.);
#1950=VECTOR('',#6749,10.);
#1951=VECTOR('',#6750,10.);
#1952=VECTOR('',#6753,10.);
#1953=VECTOR('',#6754,10.);
#1954=VECTOR('',#6755,10.);
#1955=VECTOR('',#6758,10.);
#1956=VECTOR('',#6759,10.);
#1957=VECTOR('',#6760,10.);
#1958=VECTOR('',#6763,10.);
#1959=VECTOR('',#6764,10.);
#1960=VECTOR('',#6765,10.);
#1961=VECTOR('',#6768,10.);
#1962=VECTOR('',#6769,10.);
#1963=VECTOR('',#6770,10.);
#1964=VECTOR('',#6773,10.);
#1965=VECTOR('',#6774,10.);
#1966=VECTOR('',#6775,10.);
#1967=VECTOR('',#6778,10.);
#1968=VECTOR('',#6779,10.);
#1969=VECTOR('',#6780,10.);
#1970=VECTOR('',#6783,10.);
#1971=VECTOR('',#6784,10.);
#1972=VECTOR('',#6787,10.);
#1973=VECTOR('',#6788,10.);
#1974=VECTOR('',#6789,10.);
#1975=VECTOR('',#6790,10.);
#1976=VECTOR('',#6791,10.);
#1977=VECTOR('',#6792,10.);
#1978=VECTOR('',#6793,10.);
#1979=VECTOR('',#6794,10.);
#1980=VECTOR('',#6797,10.);
#1981=VECTOR('',#6798,10.);
#1982=VECTOR('',#6799,10.);
#1983=VECTOR('',#6800,10.);
#1984=VECTOR('',#6801,10.);
#1985=VECTOR('',#6802,10.);
#1986=VECTOR('',#6803,10.);
#1987=VECTOR('',#6804,10.);
#1988=VECTOR('',#6805,10.);
#1989=VECTOR('',#6806,10.);
#1990=VECTOR('',#6807,10.);
#1991=VECTOR('',#6810,10.);
#1992=VECTOR('',#6811,10.);
#1993=VECTOR('',#6812,10.);
#1994=VECTOR('',#6817,10.);
#1995=VECTOR('',#6818,10.);
#1996=VECTOR('',#6819,10.);
#1997=VECTOR('',#6820,10.);
#1998=VECTOR('',#6823,10.);
#1999=VECTOR('',#6824,10.);
#2000=VECTOR('',#6825,10.);
#2001=VECTOR('',#6828,10.);
#2002=VECTOR('',#6829,10.);
#2003=VECTOR('',#6830,10.);
#2004=VECTOR('',#6833,10.);
#2005=VECTOR('',#6834,10.);
#2006=VECTOR('',#6835,10.);
#2007=VECTOR('',#6838,10.);
#2008=VECTOR('',#6839,10.);
#2009=VECTOR('',#6840,10.);
#2010=VECTOR('',#6843,10.);
#2011=VECTOR('',#6844,10.);
#2012=VECTOR('',#6845,10.);
#2013=VECTOR('',#6848,10.);
#2014=VECTOR('',#6849,10.);
#2015=VECTOR('',#6850,10.);
#2016=VECTOR('',#6853,10.);
#2017=VECTOR('',#6854,10.);
#2018=VECTOR('',#6855,10.);
#2019=VECTOR('',#6858,10.);
#2020=VECTOR('',#6859,10.);
#2021=VECTOR('',#6860,10.);
#2022=VECTOR('',#6863,10.);
#2023=VECTOR('',#6864,10.);
#2024=VECTOR('',#6865,10.);
#2025=VECTOR('',#6868,10.);
#2026=VECTOR('',#6869,10.);
#2027=VECTOR('',#6870,10.);
#2028=VECTOR('',#6873,10.);
#2029=VECTOR('',#6874,10.);
#2030=VECTOR('',#6889,10.);
#2031=VECTOR('',#6892,10.);
#2032=VECTOR('',#6897,10.);
#2033=VECTOR('',#6900,10.);
#2034=VECTOR('',#6905,10.);
#2035=VECTOR('',#6908,10.);
#2036=VECTOR('',#6913,10.);
#2037=VECTOR('',#6916,10.);
#2038=VECTOR('',#6935,10.);
#2039=VECTOR('',#6938,10.);
#2040=VECTOR('',#6941,10.);
#2041=VECTOR('',#6942,10.);
#2042=VECTOR('',#6945,10.);
#2043=VECTOR('',#6950,10.);
#2044=VECTOR('',#6951,10.);
#2045=VECTOR('',#6960,10.);
#2046=VECTOR('',#6963,10.);
#2047=VECTOR('',#6966,10.);
#2048=VECTOR('',#6969,10.);
#2049=VECTOR('',#6972,10.);
#2050=VECTOR('',#6975,10.);
#2051=VECTOR('',#6978,10.);
#2052=VECTOR('',#6981,10.);
#2053=VECTOR('',#6984,10.);
#2054=VECTOR('',#6987,10.);
#2055=VECTOR('',#6990,10.);
#2056=VECTOR('',#6993,10.);
#2057=VECTOR('',#6996,10.);
#2058=VECTOR('',#6999,10.);
#2059=VECTOR('',#7002,10.);
#2060=VECTOR('',#7005,10.);
#2061=VECTOR('',#7008,10.);
#2062=VECTOR('',#7011,10.);
#2063=VECTOR('',#7014,10.);
#2064=VECTOR('',#7017,10.);
#2065=VECTOR('',#7020,10.);
#2066=VECTOR('',#7023,10.);
#2067=VECTOR('',#7026,10.);
#2068=VECTOR('',#7029,10.);
#2069=VECTOR('',#7032,10.);
#2070=VECTOR('',#7035,10.);
#2071=VECTOR('',#7038,10.);
#2072=VECTOR('',#7041,10.);
#2073=VECTOR('',#7044,10.);
#2074=VECTOR('',#7047,10.);
#2075=VECTOR('',#7050,10.);
#2076=VECTOR('',#7053,10.);
#2077=VECTOR('',#7056,10.);
#2078=VECTOR('',#7059,10.);
#2079=VECTOR('',#7062,10.);
#2080=VECTOR('',#7065,10.);
#2081=VECTOR('',#7068,10.);
#2082=VECTOR('',#7071,10.);
#2083=VECTOR('',#7074,10.);
#2084=VECTOR('',#7077,10.);
#2085=VECTOR('',#7080,10.);
#2086=VECTOR('',#7083,10.);
#2087=VECTOR('',#7086,10.);
#2088=VECTOR('',#7089,10.);
#2089=VECTOR('',#7092,10.);
#2090=VECTOR('',#7095,10.);
#2091=VECTOR('',#7098,10.);
#2092=VECTOR('',#7101,10.);
#2093=VECTOR('',#7104,10.);
#2094=VECTOR('',#7107,10.);
#2095=VECTOR('',#7110,10.);
#2096=VECTOR('',#7113,10.);
#2097=VECTOR('',#7116,10.);
#2098=VECTOR('',#7119,10.);
#2099=VECTOR('',#7122,10.);
#2100=VECTOR('',#7125,10.);
#2101=VECTOR('',#7128,10.);
#2102=VECTOR('',#7131,10.);
#2103=VECTOR('',#7134,10.);
#2104=VECTOR('',#7137,10.);
#2105=VECTOR('',#7140,10.);
#2106=VECTOR('',#7143,10.);
#2107=VECTOR('',#7146,10.);
#2108=VECTOR('',#7149,10.);
#2109=VECTOR('',#7158,10.);
#2110=VECTOR('',#7161,10.);
#2111=VECTOR('',#7162,10.);
#2112=VECTOR('',#7163,10.);
#2113=VECTOR('',#7164,10.);
#2114=VECTOR('',#7165,10.);
#2115=VECTOR('',#7168,10.);
#2116=VECTOR('',#7171,10.);
#2117=VECTOR('',#7174,10.);
#2118=VECTOR('',#7177,10.);
#2119=VECTOR('',#7180,10.);
#2120=VECTOR('',#7183,10.);
#2121=VECTOR('',#7186,10.);
#2122=VECTOR('',#7189,10.);
#2123=VECTOR('',#7192,10.);
#2124=VECTOR('',#7195,10.);
#2125=VECTOR('',#7198,10.);
#2126=VECTOR('',#7201,10.);
#2127=VECTOR('',#7204,10.);
#2128=VECTOR('',#7207,10.);
#2129=VECTOR('',#7210,10.);
#2130=VECTOR('',#7213,10.);
#2131=VECTOR('',#7216,10.);
#2132=VECTOR('',#7219,10.);
#2133=VECTOR('',#7222,10.);
#2134=VECTOR('',#7225,10.);
#2135=VECTOR('',#7228,10.);
#2136=VECTOR('',#7231,10.);
#2137=VECTOR('',#7234,10.);
#2138=VECTOR('',#7237,10.);
#2139=VECTOR('',#7240,10.);
#2140=VECTOR('',#7243,10.);
#2141=VECTOR('',#7246,10.);
#2142=VECTOR('',#7249,10.);
#2143=VECTOR('',#7252,10.);
#2144=VECTOR('',#7255,10.);
#2145=VECTOR('',#7258,10.);
#2146=VECTOR('',#7261,10.);
#2147=VECTOR('',#7264,10.);
#2148=VECTOR('',#7267,10.);
#2149=VECTOR('',#7270,10.);
#2150=VECTOR('',#7273,10.);
#2151=VECTOR('',#7276,10.);
#2152=VECTOR('',#7279,10.);
#2153=VECTOR('',#7282,10.);
#2154=VECTOR('',#7285,10.);
#2155=VECTOR('',#7288,10.);
#2156=VECTOR('',#7291,10.);
#2157=VECTOR('',#7294,10.);
#2158=VECTOR('',#7297,10.);
#2159=VECTOR('',#7300,10.);
#2160=VECTOR('',#7303,10.);
#2161=VECTOR('',#7306,10.);
#2162=VECTOR('',#7309,10.);
#2163=VECTOR('',#7312,10.);
#2164=VECTOR('',#7315,10.);
#2165=VECTOR('',#7318,10.);
#2166=VECTOR('',#7321,10.);
#2167=VECTOR('',#7324,10.);
#2168=VECTOR('',#7327,10.);
#2169=VECTOR('',#7330,10.);
#2170=VECTOR('',#7333,10.);
#2171=VECTOR('',#7336,10.);
#2172=VECTOR('',#7339,10.);
#2173=VECTOR('',#7342,10.);
#2174=VECTOR('',#7345,10.);
#2175=VECTOR('',#7348,10.);
#2176=VECTOR('',#7351,10.);
#2177=VECTOR('',#7354,10.);
#2178=VECTOR('',#7357,10.);
#2179=VECTOR('',#7368,10.);
#2180=VECTOR('',#7371,10.);
#2181=VECTOR('',#7372,10.);
#2182=VECTOR('',#7377,10.);
#2183=VECTOR('',#7378,10.);
#2184=VECTOR('',#7381,10.);
#2185=VECTOR('',#7384,10.);
#2186=VECTOR('',#7391,10.);
#2187=VECTOR('',#7392,10.);
#2188=VECTOR('',#7395,10.);
#2189=VECTOR('',#7398,10.);
#2190=VECTOR('',#7401,10.);
#2191=VECTOR('',#7404,10.);
#2192=VECTOR('',#7407,10.);
#2193=VECTOR('',#7410,10.);
#2194=VECTOR('',#7415,10.);
#2195=VECTOR('',#7416,10.);
#2196=VECTOR('',#7419,10.);
#2197=VECTOR('',#7422,10.);
#2198=VECTOR('',#7425,10.);
#2199=VECTOR('',#7428,10.);
#2200=VECTOR('',#7431,10.);
#2201=VECTOR('',#7434,10.);
#2202=VECTOR('',#7439,10.);
#2203=VECTOR('',#7440,10.);
#2204=VECTOR('',#7443,10.);
#2205=VECTOR('',#7446,10.);
#2206=VECTOR('',#7449,10.);
#2207=VECTOR('',#7452,10.);
#2208=VECTOR('',#7455,10.);
#2209=VECTOR('',#7458,10.);
#2210=VECTOR('',#7463,10.);
#2211=VECTOR('',#7464,10.);
#2212=VECTOR('',#7467,10.);
#2213=VECTOR('',#7470,10.);
#2214=VECTOR('',#7473,10.);
#2215=VECTOR('',#7476,10.);
#2216=VECTOR('',#7479,10.);
#2217=VECTOR('',#7482,10.);
#2218=VECTOR('',#7487,10.);
#2219=VECTOR('',#7488,10.);
#2220=VECTOR('',#7491,10.);
#2221=VECTOR('',#7494,10.);
#2222=VECTOR('',#7497,10.);
#2223=VECTOR('',#7500,10.);
#2224=VECTOR('',#7503,10.);
#2225=VECTOR('',#7506,10.);
#2226=VECTOR('',#7511,10.);
#2227=VECTOR('',#7512,10.);
#2228=VECTOR('',#7515,10.);
#2229=VECTOR('',#7518,10.);
#2230=VECTOR('',#7521,10.);
#2231=VECTOR('',#7524,10.);
#2232=VECTOR('',#7527,10.);
#2233=VECTOR('',#7530,10.);
#2234=VECTOR('',#7535,10.);
#2235=VECTOR('',#7536,10.);
#2236=VECTOR('',#7539,10.);
#2237=VECTOR('',#7542,10.);
#2238=VECTOR('',#7545,10.);
#2239=VECTOR('',#7548,10.);
#2240=VECTOR('',#7551,10.);
#2241=VECTOR('',#7554,10.);
#2242=VECTOR('',#7559,10.);
#2243=VECTOR('',#7560,10.);
#2244=VECTOR('',#7563,10.);
#2245=VECTOR('',#7566,10.);
#2246=VECTOR('',#7569,10.);
#2247=VECTOR('',#7572,10.);
#2248=VECTOR('',#7575,10.);
#2249=VECTOR('',#7578,10.);
#2250=VECTOR('',#7583,10.);
#2251=VECTOR('',#7584,10.);
#2252=VECTOR('',#7587,10.);
#2253=VECTOR('',#7590,10.);
#2254=VECTOR('',#7593,10.);
#2255=VECTOR('',#7596,10.);
#2256=VECTOR('',#7599,10.);
#2257=VECTOR('',#7602,10.);
#2258=VECTOR('',#7607,10.);
#2259=VECTOR('',#7608,10.);
#2260=VECTOR('',#7611,10.);
#2261=VECTOR('',#7614,10.);
#2262=VECTOR('',#7617,10.);
#2263=VECTOR('',#7620,10.);
#2264=VECTOR('',#7623,10.);
#2265=VECTOR('',#7626,10.);
#2266=VECTOR('',#7631,10.);
#2267=VECTOR('',#7632,10.);
#2268=VECTOR('',#7635,10.);
#2269=VECTOR('',#7638,10.);
#2270=VECTOR('',#7641,10.);
#2271=VECTOR('',#7644,10.);
#2272=VECTOR('',#7647,10.);
#2273=VECTOR('',#7650,10.);
#2274=VECTOR('',#7655,10.);
#2275=VECTOR('',#7656,10.);
#2276=VECTOR('',#7659,10.);
#2277=VECTOR('',#7662,10.);
#2278=VECTOR('',#7665,10.);
#2279=VECTOR('',#7668,10.);
#2280=VECTOR('',#7671,10.);
#2281=VECTOR('',#7674,10.);
#2282=VECTOR('',#7679,10.);
#2283=VECTOR('',#7680,10.);
#2284=VECTOR('',#7683,10.);
#2285=VECTOR('',#7686,10.);
#2286=VECTOR('',#7689,10.);
#2287=VECTOR('',#7692,10.);
#2288=VECTOR('',#7695,10.);
#2289=VECTOR('',#7698,10.);
#2290=VECTOR('',#7703,10.);
#2291=VECTOR('',#7704,10.);
#2292=VECTOR('',#7707,10.);
#2293=VECTOR('',#7710,10.);
#2294=VECTOR('',#7713,10.);
#2295=VECTOR('',#7716,10.);
#2296=VECTOR('',#7719,10.);
#2297=VECTOR('',#7722,10.);
#2298=VECTOR('',#7727,10.);
#2299=VECTOR('',#7728,10.);
#2300=VECTOR('',#7731,10.);
#2301=VECTOR('',#7734,10.);
#2302=VECTOR('',#7737,10.);
#2303=VECTOR('',#7740,10.);
#2304=VECTOR('',#7743,10.);
#2305=VECTOR('',#7746,10.);
#2306=VECTOR('',#7751,10.);
#2307=VECTOR('',#7752,10.);
#2308=VECTOR('',#7755,10.);
#2309=VECTOR('',#7758,10.);
#2310=VECTOR('',#7761,10.);
#2311=VECTOR('',#7764,10.);
#2312=VECTOR('',#7767,10.);
#2313=VECTOR('',#7770,10.);
#2314=VECTOR('',#7775,1.45);
#2315=VECTOR('',#7778,1.45);
#2316=VECTOR('',#7781,1.45);
#2317=VECTOR('',#7784,1.45);
#2318=VECTOR('',#7787,10.);
#2319=VECTOR('',#7788,10.);
#2320=VECTOR('',#7789,10.);
#2321=VECTOR('',#7790,10.);
#2322=VECTOR('',#7793,10.);
#2323=VECTOR('',#7794,10.);
#2324=VECTOR('',#7795,10.);
#2325=VECTOR('',#7798,10.);
#2326=VECTOR('',#7799,10.);
#2327=VECTOR('',#7800,10.);
#2328=VECTOR('',#7803,10.);
#2329=VECTOR('',#7804,10.);
#2330=VERTEX_POINT('',#7811);
#2331=VERTEX_POINT('',#7812);
#2332=VERTEX_POINT('',#7814);
#2333=VERTEX_POINT('',#7816);
#2334=VERTEX_POINT('',#7820);
#2335=VERTEX_POINT('',#7822);
#2336=VERTEX_POINT('',#7824);
#2337=VERTEX_POINT('',#7826);
#2338=VERTEX_POINT('',#7828);
#2339=VERTEX_POINT('',#7830);
#2340=VERTEX_POINT('',#7834);
#2341=VERTEX_POINT('',#7836);
#2342=VERTEX_POINT('',#7841);
#2343=VERTEX_POINT('',#7843);
#2344=VERTEX_POINT('',#7849);
#2345=VERTEX_POINT('',#7853);
#2346=VERTEX_POINT('',#7859);
#2347=VERTEX_POINT('',#7860);
#2348=VERTEX_POINT('',#7862);
#2349=VERTEX_POINT('',#7864);
#2350=VERTEX_POINT('',#7868);
#2351=VERTEX_POINT('',#7870);
#2352=VERTEX_POINT('',#7872);
#2353=VERTEX_POINT('',#7874);
#2354=VERTEX_POINT('',#7876);
#2355=VERTEX_POINT('',#7878);
#2356=VERTEX_POINT('',#7881);
#2357=VERTEX_POINT('',#7883);
#2358=VERTEX_POINT('',#7885);
#2359=VERTEX_POINT('',#7887);
#2360=VERTEX_POINT('',#7890);
#2361=VERTEX_POINT('',#7894);
#2362=VERTEX_POINT('',#7898);
#2363=VERTEX_POINT('',#7899);
#2364=VERTEX_POINT('',#7904);
#2365=VERTEX_POINT('',#7908);
#2366=VERTEX_POINT('',#7916);
#2367=VERTEX_POINT('',#7918);
#2368=VERTEX_POINT('',#7920);
#2369=VERTEX_POINT('',#7922);
#2370=VERTEX_POINT('',#7933);
#2371=VERTEX_POINT('',#7934);
#2372=VERTEX_POINT('',#7936);
#2373=VERTEX_POINT('',#7938);
#2374=VERTEX_POINT('',#7942);
#2375=VERTEX_POINT('',#7944);
#2376=VERTEX_POINT('',#7948);
#2377=VERTEX_POINT('',#7951);
#2378=VERTEX_POINT('',#7952);
#2379=VERTEX_POINT('',#7954);
#2380=VERTEX_POINT('',#7956);
#2381=VERTEX_POINT('',#7960);
#2382=VERTEX_POINT('',#7966);
#2383=VERTEX_POINT('',#7967);
#2384=VERTEX_POINT('',#7969);
#2385=VERTEX_POINT('',#7971);
#2386=VERTEX_POINT('',#7975);
#2387=VERTEX_POINT('',#7977);
#2388=VERTEX_POINT('',#7984);
#2389=VERTEX_POINT('',#7985);
#2390=VERTEX_POINT('',#7987);
#2391=VERTEX_POINT('',#7989);
#2392=VERTEX_POINT('',#7993);
#2393=VERTEX_POINT('',#7995);
#2394=VERTEX_POINT('',#7999);
#2395=VERTEX_POINT('',#8001);
#2396=VERTEX_POINT('',#8005);
#2397=VERTEX_POINT('',#8007);
#2398=VERTEX_POINT('',#8011);
#2399=VERTEX_POINT('',#8013);
#2400=VERTEX_POINT('',#8017);
#2401=VERTEX_POINT('',#8019);
#2402=VERTEX_POINT('',#8023);
#2403=VERTEX_POINT('',#8025);
#2404=VERTEX_POINT('',#8042);
#2405=VERTEX_POINT('',#8043);
#2406=VERTEX_POINT('',#8049);
#2407=VERTEX_POINT('',#8051);
#2408=VERTEX_POINT('',#8068);
#2409=VERTEX_POINT('',#8074);
#2410=VERTEX_POINT('',#8091);
#2411=VERTEX_POINT('',#8097);
#2412=VERTEX_POINT('',#8114);
#2413=VERTEX_POINT('',#8120);
#2414=VERTEX_POINT('',#8137);
#2415=VERTEX_POINT('',#8143);
#2416=VERTEX_POINT('',#8160);
#2417=VERTEX_POINT('',#8166);
#2418=VERTEX_POINT('',#8183);
#2419=VERTEX_POINT('',#8189);
#2420=VERTEX_POINT('',#8206);
#2421=VERTEX_POINT('',#8212);
#2422=VERTEX_POINT('',#8220);
#2423=VERTEX_POINT('',#8222);
#2424=VERTEX_POINT('',#8226);
#2425=VERTEX_POINT('',#8228);
#2426=VERTEX_POINT('',#8235);
#2427=VERTEX_POINT('',#8236);
#2428=VERTEX_POINT('',#8238);
#2429=VERTEX_POINT('',#8240);
#2430=VERTEX_POINT('',#8253);
#2431=VERTEX_POINT('',#8259);
#2432=VERTEX_POINT('',#8276);
#2433=VERTEX_POINT('',#8282);
#2434=VERTEX_POINT('',#8299);
#2435=VERTEX_POINT('',#8305);
#2436=VERTEX_POINT('',#8322);
#2437=VERTEX_POINT('',#8328);
#2438=VERTEX_POINT('',#8345);
#2439=VERTEX_POINT('',#8351);
#2440=VERTEX_POINT('',#8368);
#2441=VERTEX_POINT('',#8374);
#2442=VERTEX_POINT('',#8391);
#2443=VERTEX_POINT('',#8397);
#2444=VERTEX_POINT('',#8414);
#2445=VERTEX_POINT('',#8420);
#2446=VERTEX_POINT('',#8428);
#2447=VERTEX_POINT('',#8430);
#2448=VERTEX_POINT('',#8447);
#2449=VERTEX_POINT('',#8448);
#2450=VERTEX_POINT('',#8454);
#2451=VERTEX_POINT('',#8456);
#2452=VERTEX_POINT('',#8473);
#2453=VERTEX_POINT('',#8479);
#2454=VERTEX_POINT('',#8496);
#2455=VERTEX_POINT('',#8502);
#2456=VERTEX_POINT('',#8519);
#2457=VERTEX_POINT('',#8525);
#2458=VERTEX_POINT('',#8542);
#2459=VERTEX_POINT('',#8548);
#2460=VERTEX_POINT('',#8565);
#2461=VERTEX_POINT('',#8571);
#2462=VERTEX_POINT('',#8579);
#2463=VERTEX_POINT('',#8581);
#2464=VERTEX_POINT('',#8585);
#2465=VERTEX_POINT('',#8587);
#2466=VERTEX_POINT('',#8594);
#2467=VERTEX_POINT('',#8595);
#2468=VERTEX_POINT('',#8597);
#2469=VERTEX_POINT('',#8599);
#2470=VERTEX_POINT('',#8603);
#2471=VERTEX_POINT('',#8605);
#2472=VERTEX_POINT('',#8618);
#2473=VERTEX_POINT('',#8624);
#2474=VERTEX_POINT('',#8641);
#2475=VERTEX_POINT('',#8647);
#2476=VERTEX_POINT('',#8664);
#2477=VERTEX_POINT('',#8670);
#2478=VERTEX_POINT('',#8687);
#2479=VERTEX_POINT('',#8693);
#2480=VERTEX_POINT('',#8710);
#2481=VERTEX_POINT('',#8716);
#2482=VERTEX_POINT('',#8733);
#2483=VERTEX_POINT('',#8739);
#2484=VERTEX_POINT('',#8756);
#2485=VERTEX_POINT('',#8762);
#2486=VERTEX_POINT('',#8770);
#2487=VERTEX_POINT('',#8772);
#2488=VERTEX_POINT('',#8776);
#2489=VERTEX_POINT('',#8778);
#2490=VERTEX_POINT('',#8786);
#2491=VERTEX_POINT('',#8787);
#2492=VERTEX_POINT('',#8789);
#2493=VERTEX_POINT('',#8791);
#2494=VERTEX_POINT('',#8795);
#2495=VERTEX_POINT('',#8797);
#2496=VERTEX_POINT('',#8804);
#2497=VERTEX_POINT('',#8805);
#2498=VERTEX_POINT('',#8807);
#2499=VERTEX_POINT('',#8809);
#2500=VERTEX_POINT('',#8813);
#2501=VERTEX_POINT('',#8815);
#2502=VERTEX_POINT('',#8819);
#2503=VERTEX_POINT('',#8821);
#2504=VERTEX_POINT('',#8825);
#2505=VERTEX_POINT('',#8827);
#2506=VERTEX_POINT('',#8831);
#2507=VERTEX_POINT('',#8833);
#2508=VERTEX_POINT('',#8837);
#2509=VERTEX_POINT('',#8839);
#2510=VERTEX_POINT('',#8843);
#2511=VERTEX_POINT('',#8845);
#2512=VERTEX_POINT('',#8853);
#2513=VERTEX_POINT('',#8854);
#2514=VERTEX_POINT('',#8856);
#2515=VERTEX_POINT('',#8858);
#2516=VERTEX_POINT('',#8862);
#2517=VERTEX_POINT('',#8864);
#2518=VERTEX_POINT('',#8868);
#2519=VERTEX_POINT('',#8870);
#2520=VERTEX_POINT('',#8874);
#2521=VERTEX_POINT('',#8876);
#2522=VERTEX_POINT('',#8880);
#2523=VERTEX_POINT('',#8882);
#2524=VERTEX_POINT('',#8886);
#2525=VERTEX_POINT('',#8888);
#2526=VERTEX_POINT('',#8892);
#2527=VERTEX_POINT('',#8894);
#2528=VERTEX_POINT('',#8898);
#2529=VERTEX_POINT('',#8900);
#2530=VERTEX_POINT('',#8904);
#2531=VERTEX_POINT('',#8906);
#2532=VERTEX_POINT('',#8910);
#2533=VERTEX_POINT('',#8912);
#2534=VERTEX_POINT('',#8916);
#2535=VERTEX_POINT('',#8918);
#2536=VERTEX_POINT('',#8935);
#2537=VERTEX_POINT('',#8936);
#2538=VERTEX_POINT('',#8942);
#2539=VERTEX_POINT('',#8944);
#2540=VERTEX_POINT('',#8961);
#2541=VERTEX_POINT('',#8967);
#2542=VERTEX_POINT('',#8984);
#2543=VERTEX_POINT('',#8990);
#2544=VERTEX_POINT('',#9007);
#2545=VERTEX_POINT('',#9013);
#2546=VERTEX_POINT('',#9030);
#2547=VERTEX_POINT('',#9036);
#2548=VERTEX_POINT('',#9053);
#2549=VERTEX_POINT('',#9059);
#2550=VERTEX_POINT('',#9076);
#2551=VERTEX_POINT('',#9082);
#2552=VERTEX_POINT('',#9090);
#2553=VERTEX_POINT('',#9092);
#2554=VERTEX_POINT('',#9105);
#2555=VERTEX_POINT('',#9111);
#2556=VERTEX_POINT('',#9128);
#2557=VERTEX_POINT('',#9134);
#2558=VERTEX_POINT('',#9151);
#2559=VERTEX_POINT('',#9157);
#2560=VERTEX_POINT('',#9174);
#2561=VERTEX_POINT('',#9180);
#2562=VERTEX_POINT('',#9197);
#2563=VERTEX_POINT('',#9203);
#2564=VERTEX_POINT('',#9220);
#2565=VERTEX_POINT('',#9226);
#2566=VERTEX_POINT('',#9243);
#2567=VERTEX_POINT('',#9249);
#2568=VERTEX_POINT('',#9266);
#2569=VERTEX_POINT('',#9272);
#2570=VERTEX_POINT('',#9280);
#2571=VERTEX_POINT('',#9282);
#2572=VERTEX_POINT('',#9307);
#2573=VERTEX_POINT('',#9308);
#2574=VERTEX_POINT('',#9310);
#2575=VERTEX_POINT('',#9312);
#2576=VERTEX_POINT('',#9316);
#2577=VERTEX_POINT('',#9318);
#2578=VERTEX_POINT('',#9322);
#2579=VERTEX_POINT('',#9324);
#2580=VERTEX_POINT('',#9328);
#2581=VERTEX_POINT('',#9330);
#2582=VERTEX_POINT('',#9334);
#2583=VERTEX_POINT('',#9336);
#2584=VERTEX_POINT('',#9340);
#2585=VERTEX_POINT('',#9342);
#2586=VERTEX_POINT('',#9346);
#2587=VERTEX_POINT('',#9348);
#2588=VERTEX_POINT('',#9352);
#2589=VERTEX_POINT('',#9354);
#2590=VERTEX_POINT('',#9358);
#2591=VERTEX_POINT('',#9360);
#2592=VERTEX_POINT('',#9364);
#2593=VERTEX_POINT('',#9366);
#2594=VERTEX_POINT('',#9370);
#2595=VERTEX_POINT('',#9372);
#2596=VERTEX_POINT('',#9384);
#2597=VERTEX_POINT('',#9385);
#2598=VERTEX_POINT('',#9387);
#2599=VERTEX_POINT('',#9389);
#2600=VERTEX_POINT('',#9393);
#2601=VERTEX_POINT('',#9395);
#2602=VERTEX_POINT('',#9397);
#2603=VERTEX_POINT('',#9401);
#2604=VERTEX_POINT('',#9403);
#2605=VERTEX_POINT('',#9405);
#2606=VERTEX_POINT('',#9409);
#2607=VERTEX_POINT('',#9411);
#2608=VERTEX_POINT('',#9424);
#2609=VERTEX_POINT('',#9426);
#2610=VERTEX_POINT('',#9430);
#2611=VERTEX_POINT('',#9434);
#2612=VERTEX_POINT('',#9438);
#2613=VERTEX_POINT('',#9442);
#2614=VERTEX_POINT('',#9444);
#2615=VERTEX_POINT('',#9446);
#2616=VERTEX_POINT('',#9447);
#2617=VERTEX_POINT('',#9449);
#2618=VERTEX_POINT('',#9451);
#2619=VERTEX_POINT('',#9453);
#2620=VERTEX_POINT('',#9455);
#2621=VERTEX_POINT('',#9457);
#2622=VERTEX_POINT('',#9459);
#2623=VERTEX_POINT('',#9462);
#2624=VERTEX_POINT('',#9463);
#2625=VERTEX_POINT('',#9465);
#2626=VERTEX_POINT('',#9467);
#2627=VERTEX_POINT('',#9469);
#2628=VERTEX_POINT('',#9471);
#2629=VERTEX_POINT('',#9473);
#2630=VERTEX_POINT('',#9475);
#2631=VERTEX_POINT('',#9478);
#2632=VERTEX_POINT('',#9479);
#2633=VERTEX_POINT('',#9481);
#2634=VERTEX_POINT('',#9483);
#2635=VERTEX_POINT('',#9485);
#2636=VERTEX_POINT('',#9487);
#2637=VERTEX_POINT('',#9489);
#2638=VERTEX_POINT('',#9491);
#2639=VERTEX_POINT('',#9494);
#2640=VERTEX_POINT('',#9495);
#2641=VERTEX_POINT('',#9497);
#2642=VERTEX_POINT('',#9499);
#2643=VERTEX_POINT('',#9501);
#2644=VERTEX_POINT('',#9503);
#2645=VERTEX_POINT('',#9505);
#2646=VERTEX_POINT('',#9507);
#2647=VERTEX_POINT('',#9510);
#2648=VERTEX_POINT('',#9511);
#2649=VERTEX_POINT('',#9513);
#2650=VERTEX_POINT('',#9515);
#2651=VERTEX_POINT('',#9517);
#2652=VERTEX_POINT('',#9519);
#2653=VERTEX_POINT('',#9521);
#2654=VERTEX_POINT('',#9523);
#2655=VERTEX_POINT('',#9526);
#2656=VERTEX_POINT('',#9527);
#2657=VERTEX_POINT('',#9529);
#2658=VERTEX_POINT('',#9531);
#2659=VERTEX_POINT('',#9533);
#2660=VERTEX_POINT('',#9535);
#2661=VERTEX_POINT('',#9537);
#2662=VERTEX_POINT('',#9539);
#2663=VERTEX_POINT('',#9542);
#2664=VERTEX_POINT('',#9543);
#2665=VERTEX_POINT('',#9545);
#2666=VERTEX_POINT('',#9547);
#2667=VERTEX_POINT('',#9549);
#2668=VERTEX_POINT('',#9551);
#2669=VERTEX_POINT('',#9553);
#2670=VERTEX_POINT('',#9555);
#2671=VERTEX_POINT('',#9558);
#2672=VERTEX_POINT('',#9559);
#2673=VERTEX_POINT('',#9561);
#2674=VERTEX_POINT('',#9563);
#2675=VERTEX_POINT('',#9565);
#2676=VERTEX_POINT('',#9567);
#2677=VERTEX_POINT('',#9569);
#2678=VERTEX_POINT('',#9571);
#2679=VERTEX_POINT('',#9574);
#2680=VERTEX_POINT('',#9575);
#2681=VERTEX_POINT('',#9577);
#2682=VERTEX_POINT('',#9579);
#2683=VERTEX_POINT('',#9581);
#2684=VERTEX_POINT('',#9583);
#2685=VERTEX_POINT('',#9585);
#2686=VERTEX_POINT('',#9587);
#2687=VERTEX_POINT('',#9590);
#2688=VERTEX_POINT('',#9591);
#2689=VERTEX_POINT('',#9593);
#2690=VERTEX_POINT('',#9595);
#2691=VERTEX_POINT('',#9597);
#2692=VERTEX_POINT('',#9599);
#2693=VERTEX_POINT('',#9601);
#2694=VERTEX_POINT('',#9603);
#2695=VERTEX_POINT('',#9606);
#2696=VERTEX_POINT('',#9607);
#2697=VERTEX_POINT('',#9609);
#2698=VERTEX_POINT('',#9611);
#2699=VERTEX_POINT('',#9613);
#2700=VERTEX_POINT('',#9615);
#2701=VERTEX_POINT('',#9617);
#2702=VERTEX_POINT('',#9619);
#2703=VERTEX_POINT('',#9622);
#2704=VERTEX_POINT('',#9623);
#2705=VERTEX_POINT('',#9625);
#2706=VERTEX_POINT('',#9627);
#2707=VERTEX_POINT('',#9629);
#2708=VERTEX_POINT('',#9631);
#2709=VERTEX_POINT('',#9633);
#2710=VERTEX_POINT('',#9635);
#2711=VERTEX_POINT('',#9638);
#2712=VERTEX_POINT('',#9639);
#2713=VERTEX_POINT('',#9641);
#2714=VERTEX_POINT('',#9643);
#2715=VERTEX_POINT('',#9645);
#2716=VERTEX_POINT('',#9647);
#2717=VERTEX_POINT('',#9649);
#2718=VERTEX_POINT('',#9651);
#2719=VERTEX_POINT('',#9654);
#2720=VERTEX_POINT('',#9655);
#2721=VERTEX_POINT('',#9657);
#2722=VERTEX_POINT('',#9659);
#2723=VERTEX_POINT('',#9661);
#2724=VERTEX_POINT('',#9663);
#2725=VERTEX_POINT('',#9665);
#2726=VERTEX_POINT('',#9667);
#2727=VERTEX_POINT('',#9670);
#2728=VERTEX_POINT('',#9671);
#2729=VERTEX_POINT('',#9673);
#2730=VERTEX_POINT('',#9675);
#2731=VERTEX_POINT('',#9677);
#2732=VERTEX_POINT('',#9679);
#2733=VERTEX_POINT('',#9681);
#2734=VERTEX_POINT('',#9683);
#2735=VERTEX_POINT('',#9686);
#2736=VERTEX_POINT('',#9687);
#2737=VERTEX_POINT('',#9689);
#2738=VERTEX_POINT('',#9691);
#2739=VERTEX_POINT('',#9693);
#2740=VERTEX_POINT('',#9695);
#2741=VERTEX_POINT('',#9697);
#2742=VERTEX_POINT('',#9699);
#2743=VERTEX_POINT('',#9702);
#2744=VERTEX_POINT('',#9704);
#2745=VERTEX_POINT('',#9707);
#2746=VERTEX_POINT('',#9709);
#2747=VERTEX_POINT('',#9711);
#2748=VERTEX_POINT('',#9714);
#2749=VERTEX_POINT('',#9715);
#2750=VERTEX_POINT('',#9717);
#2751=VERTEX_POINT('',#9719);
#2752=VERTEX_POINT('',#9722);
#2753=VERTEX_POINT('',#9723);
#2754=VERTEX_POINT('',#9725);
#2755=VERTEX_POINT('',#9727);
#2756=VERTEX_POINT('',#9729);
#2757=VERTEX_POINT('',#9731);
#2758=VERTEX_POINT('',#9733);
#2759=VERTEX_POINT('',#9735);
#2760=VERTEX_POINT('',#9738);
#2761=VERTEX_POINT('',#9739);
#2762=VERTEX_POINT('',#9741);
#2763=VERTEX_POINT('',#9743);
#2764=VERTEX_POINT('',#9745);
#2765=VERTEX_POINT('',#9747);
#2766=VERTEX_POINT('',#9749);
#2767=VERTEX_POINT('',#9751);
#2768=VERTEX_POINT('',#9754);
#2769=VERTEX_POINT('',#9755);
#2770=VERTEX_POINT('',#9757);
#2771=VERTEX_POINT('',#9759);
#2772=VERTEX_POINT('',#9761);
#2773=VERTEX_POINT('',#9763);
#2774=VERTEX_POINT('',#9765);
#2775=VERTEX_POINT('',#9767);
#2776=VERTEX_POINT('',#9770);
#2777=VERTEX_POINT('',#9771);
#2778=VERTEX_POINT('',#9773);
#2779=VERTEX_POINT('',#9775);
#2780=VERTEX_POINT('',#9777);
#2781=VERTEX_POINT('',#9779);
#2782=VERTEX_POINT('',#9781);
#2783=VERTEX_POINT('',#9783);
#2784=VERTEX_POINT('',#9786);
#2785=VERTEX_POINT('',#9787);
#2786=VERTEX_POINT('',#9789);
#2787=VERTEX_POINT('',#9791);
#2788=VERTEX_POINT('',#9793);
#2789=VERTEX_POINT('',#9795);
#2790=VERTEX_POINT('',#9797);
#2791=VERTEX_POINT('',#9799);
#2792=VERTEX_POINT('',#9802);
#2793=VERTEX_POINT('',#9803);
#2794=VERTEX_POINT('',#9805);
#2795=VERTEX_POINT('',#9807);
#2796=VERTEX_POINT('',#9809);
#2797=VERTEX_POINT('',#9811);
#2798=VERTEX_POINT('',#9813);
#2799=VERTEX_POINT('',#9815);
#2800=VERTEX_POINT('',#9818);
#2801=VERTEX_POINT('',#9819);
#2802=VERTEX_POINT('',#9821);
#2803=VERTEX_POINT('',#9823);
#2804=VERTEX_POINT('',#9825);
#2805=VERTEX_POINT('',#9827);
#2806=VERTEX_POINT('',#9829);
#2807=VERTEX_POINT('',#9831);
#2808=VERTEX_POINT('',#9834);
#2809=VERTEX_POINT('',#9835);
#2810=VERTEX_POINT('',#9837);
#2811=VERTEX_POINT('',#9839);
#2812=VERTEX_POINT('',#9841);
#2813=VERTEX_POINT('',#9843);
#2814=VERTEX_POINT('',#9845);
#2815=VERTEX_POINT('',#9847);
#2816=VERTEX_POINT('',#9850);
#2817=VERTEX_POINT('',#9851);
#2818=VERTEX_POINT('',#9853);
#2819=VERTEX_POINT('',#9855);
#2820=VERTEX_POINT('',#9857);
#2821=VERTEX_POINT('',#9859);
#2822=VERTEX_POINT('',#9861);
#2823=VERTEX_POINT('',#9863);
#2824=VERTEX_POINT('',#9866);
#2825=VERTEX_POINT('',#9867);
#2826=VERTEX_POINT('',#9869);
#2827=VERTEX_POINT('',#9871);
#2828=VERTEX_POINT('',#9873);
#2829=VERTEX_POINT('',#9875);
#2830=VERTEX_POINT('',#9877);
#2831=VERTEX_POINT('',#9879);
#2832=VERTEX_POINT('',#9882);
#2833=VERTEX_POINT('',#9883);
#2834=VERTEX_POINT('',#9885);
#2835=VERTEX_POINT('',#9887);
#2836=VERTEX_POINT('',#9889);
#2837=VERTEX_POINT('',#9891);
#2838=VERTEX_POINT('',#9893);
#2839=VERTEX_POINT('',#9895);
#2840=VERTEX_POINT('',#9898);
#2841=VERTEX_POINT('',#9899);
#2842=VERTEX_POINT('',#9901);
#2843=VERTEX_POINT('',#9903);
#2844=VERTEX_POINT('',#9905);
#2845=VERTEX_POINT('',#9907);
#2846=VERTEX_POINT('',#9909);
#2847=VERTEX_POINT('',#9911);
#2848=VERTEX_POINT('',#9914);
#2849=VERTEX_POINT('',#9915);
#2850=VERTEX_POINT('',#9917);
#2851=VERTEX_POINT('',#9919);
#2852=VERTEX_POINT('',#9921);
#2853=VERTEX_POINT('',#9923);
#2854=VERTEX_POINT('',#9925);
#2855=VERTEX_POINT('',#9927);
#2856=VERTEX_POINT('',#9930);
#2857=VERTEX_POINT('',#9931);
#2858=VERTEX_POINT('',#9933);
#2859=VERTEX_POINT('',#9935);
#2860=VERTEX_POINT('',#9937);
#2861=VERTEX_POINT('',#9939);
#2862=VERTEX_POINT('',#9941);
#2863=VERTEX_POINT('',#9943);
#2864=VERTEX_POINT('',#9946);
#2865=VERTEX_POINT('',#9947);
#2866=VERTEX_POINT('',#9949);
#2867=VERTEX_POINT('',#9951);
#2868=VERTEX_POINT('',#9953);
#2869=VERTEX_POINT('',#9955);
#2870=VERTEX_POINT('',#9957);
#2871=VERTEX_POINT('',#9959);
#2872=VERTEX_POINT('',#9962);
#2873=VERTEX_POINT('',#9963);
#2874=VERTEX_POINT('',#9965);
#2875=VERTEX_POINT('',#9967);
#2876=VERTEX_POINT('',#9969);
#2877=VERTEX_POINT('',#9971);
#2878=VERTEX_POINT('',#9973);
#2879=VERTEX_POINT('',#9975);
#2880=VERTEX_POINT('',#9978);
#2881=VERTEX_POINT('',#9980);
#2882=VERTEX_POINT('',#9982);
#2883=VERTEX_POINT('',#9984);
#2884=VERTEX_POINT('',#10266);
#2885=VERTEX_POINT('',#10267);
#2886=VERTEX_POINT('',#10269);
#2887=VERTEX_POINT('',#10271);
#2888=VERTEX_POINT('',#10275);
#2889=VERTEX_POINT('',#10277);
#2890=VERTEX_POINT('',#10281);
#2891=VERTEX_POINT('',#10283);
#2892=EDGE_CURVE('',#2330,#2331,#1148,.T.);
#2893=EDGE_CURVE('',#2330,#2332,#1149,.T.);
#2894=EDGE_CURVE('',#2333,#2332,#1150,.T.);
#2895=EDGE_CURVE('',#2333,#2331,#1151,.T.);
#2896=EDGE_CURVE('',#2332,#2334,#1152,.T.);
#2897=EDGE_CURVE('',#2334,#2335,#1153,.T.);
#2898=EDGE_CURVE('',#2335,#2336,#1154,.T.);
#2899=EDGE_CURVE('',#2336,#2337,#1155,.T.);
#2900=EDGE_CURVE('',#2337,#2338,#1156,.T.);
#2901=EDGE_CURVE('',#2338,#2339,#1157,.T.);
#2902=EDGE_CURVE('',#2333,#2339,#1158,.T.);
#2903=EDGE_CURVE('',#2339,#2340,#1159,.T.);
#2904=EDGE_CURVE('',#2341,#2338,#1160,.T.);
#2905=EDGE_CURVE('',#2340,#2341,#1161,.T.);
#2906=EDGE_CURVE('',#2330,#2341,#1162,.T.);
#2907=EDGE_CURVE('',#2337,#2342,#1163,.T.);
#2908=EDGE_CURVE('',#2343,#2342,#1164,.T.);
#2909=EDGE_CURVE('',#2334,#2343,#1165,.T.);
#2910=EDGE_CURVE('',#2340,#2331,#1166,.T.);
#2911=EDGE_CURVE('',#2342,#2344,#1167,.T.);
#2912=EDGE_CURVE('',#2336,#2344,#1168,.T.);
#2913=EDGE_CURVE('',#2335,#2345,#1169,.T.);
#2914=EDGE_CURVE('',#2344,#2345,#1170,.T.);
#2915=EDGE_CURVE('',#2345,#2343,#1171,.T.);
#2916=EDGE_CURVE('',#2346,#2347,#222,.T.);
#2917=EDGE_CURVE('',#2347,#2348,#1172,.T.);
#2918=EDGE_CURVE('',#2348,#2349,#223,.T.);
#2919=EDGE_CURVE('',#2349,#2346,#1173,.T.);
#2920=EDGE_CURVE('',#2350,#2348,#1174,.T.);
#2921=EDGE_CURVE('',#2351,#2350,#224,.T.);
#2922=EDGE_CURVE('',#2352,#2351,#1175,.T.);
#2923=EDGE_CURVE('',#2353,#2352,#225,.T.);
#2924=EDGE_CURVE('',#2354,#2353,#1176,.T.);
#2925=EDGE_CURVE('',#2355,#2354,#226,.T.);
#2926=EDGE_CURVE('',#2349,#2355,#1177,.T.);
#2927=EDGE_CURVE('',#2356,#2356,#227,.T.);
#2928=EDGE_CURVE('',#2357,#2357,#228,.T.);
#2929=EDGE_CURVE('',#2358,#2358,#229,.T.);
#2930=EDGE_CURVE('',#2359,#2359,#230,.T.);
#2931=EDGE_CURVE('',#2360,#2347,#1178,.T.);
#2932=EDGE_CURVE('',#2350,#2360,#1179,.T.);
#2933=EDGE_CURVE('',#2360,#2361,#231,.T.);
#2934=EDGE_CURVE('',#2361,#2351,#1180,.T.);
#2935=EDGE_CURVE('',#2362,#2363,#232,.T.);
#2936=EDGE_CURVE('',#2363,#2353,#1181,.T.);
#2937=EDGE_CURVE('',#2352,#2362,#1182,.T.);
#2938=EDGE_CURVE('',#2364,#2363,#1183,.T.);
#2939=EDGE_CURVE('',#2354,#2364,#1184,.T.);
#2940=EDGE_CURVE('',#2364,#2365,#233,.T.);
#2941=EDGE_CURVE('',#2365,#2355,#1185,.T.);
#2942=EDGE_CURVE('',#2362,#2361,#1186,.T.);
#2943=EDGE_CURVE('',#2346,#2365,#1187,.T.);
#2944=EDGE_CURVE('',#2366,#2366,#234,.T.);
#2945=EDGE_CURVE('',#2367,#2367,#235,.T.);
#2946=EDGE_CURVE('',#2368,#2368,#236,.T.);
#2947=EDGE_CURVE('',#2369,#2369,#237,.T.);
#2948=EDGE_CURVE('',#2359,#2366,#1188,.T.);
#2949=EDGE_CURVE('',#2358,#2367,#1189,.T.);
#2950=EDGE_CURVE('',#2357,#2368,#1190,.T.);
#2951=EDGE_CURVE('',#2356,#2369,#1191,.T.);
#2952=EDGE_CURVE('',#2370,#2371,#1192,.T.);
#2953=EDGE_CURVE('',#2372,#2370,#1193,.T.);
#2954=EDGE_CURVE('',#2373,#2372,#1194,.T.);
#2955=EDGE_CURVE('',#2373,#2371,#1195,.T.);
#2956=EDGE_CURVE('',#2374,#2372,#1196,.T.);
#2957=EDGE_CURVE('',#2374,#2375,#1197,.T.);
#2958=EDGE_CURVE('',#2375,#2373,#1198,.T.);
#2959=EDGE_CURVE('',#2370,#2376,#1199,.T.);
#2960=EDGE_CURVE('',#2376,#2374,#1200,.T.);
#2961=EDGE_CURVE('',#2377,#2378,#1201,.T.);
#2962=EDGE_CURVE('',#2378,#2379,#1202,.T.);
#2963=EDGE_CURVE('',#2379,#2380,#1203,.T.);
#2964=EDGE_CURVE('',#2380,#2377,#1204,.T.);
#2965=EDGE_CURVE('',#2371,#2381,#1205,.T.);
#2966=EDGE_CURVE('',#2376,#2381,#1206,.T.);
#2967=EDGE_CURVE('',#2381,#2375,#1207,.T.);
#2968=EDGE_CURVE('',#2382,#2383,#1208,.T.);
#2969=EDGE_CURVE('',#2382,#2384,#1209,.T.);
#2970=EDGE_CURVE('',#2384,#2385,#1210,.T.);
#2971=EDGE_CURVE('',#2383,#2385,#1211,.T.);
#2972=EDGE_CURVE('',#2386,#2382,#1212,.T.);
#2973=EDGE_CURVE('',#2386,#2387,#1213,.T.);
#2974=EDGE_CURVE('',#2387,#2384,#1214,.T.);
#2975=EDGE_CURVE('',#2383,#2386,#1215,.T.);
#2976=EDGE_CURVE('',#2385,#2387,#1216,.T.);
#2977=EDGE_CURVE('',#2388,#2389,#1217,.T.);
#2978=EDGE_CURVE('',#2388,#2390,#1218,.T.);
#2979=EDGE_CURVE('',#2390,#2391,#1219,.T.);
#2980=EDGE_CURVE('',#2389,#2391,#1220,.T.);
#2981=EDGE_CURVE('',#2392,#2388,#1221,.T.);
#2982=EDGE_CURVE('',#2392,#2393,#1222,.T.);
#2983=EDGE_CURVE('',#2393,#2390,#1223,.T.);
#2984=EDGE_CURVE('',#2394,#2392,#1224,.T.);
#2985=EDGE_CURVE('',#2394,#2395,#1225,.T.);
#2986=EDGE_CURVE('',#2395,#2393,#1226,.T.);
#2987=EDGE_CURVE('',#2396,#2394,#1227,.T.);
#2988=EDGE_CURVE('',#2396,#2397,#1228,.T.);
#2989=EDGE_CURVE('',#2397,#2395,#1229,.T.);
#2990=EDGE_CURVE('',#2398,#2396,#1230,.T.);
#2991=EDGE_CURVE('',#2398,#2399,#1231,.T.);
#2992=EDGE_CURVE('',#2399,#2397,#1232,.T.);
#2993=EDGE_CURVE('',#2400,#2398,#1233,.T.);
#2994=EDGE_CURVE('',#2400,#2401,#1234,.T.);
#2995=EDGE_CURVE('',#2401,#2399,#1235,.T.);
#2996=EDGE_CURVE('',#2402,#2400,#1236,.T.);
#2997=EDGE_CURVE('',#2402,#2403,#1237,.T.);
#2998=EDGE_CURVE('',#2403,#2401,#1238,.T.);
#2999=EDGE_CURVE('',#2389,#2402,#1239,.T.);
#3000=EDGE_CURVE('',#2391,#2403,#1240,.T.);
#3001=EDGE_CURVE('',#2404,#2405,#17,.T.);
#3002=EDGE_CURVE('',#2404,#2406,#1241,.T.);
#3003=EDGE_CURVE('',#2406,#2407,#18,.T.);
#3004=EDGE_CURVE('',#2405,#2407,#1242,.T.);
#3005=EDGE_CURVE('',#2408,#2404,#19,.T.);
#3006=EDGE_CURVE('',#2408,#2409,#1243,.T.);
#3007=EDGE_CURVE('',#2409,#2406,#20,.T.);
#3008=EDGE_CURVE('',#2410,#2408,#21,.T.);
#3009=EDGE_CURVE('',#2410,#2411,#1244,.T.);
#3010=EDGE_CURVE('',#2411,#2409,#22,.T.);
#3011=EDGE_CURVE('',#2412,#2410,#23,.T.);
#3012=EDGE_CURVE('',#2412,#2413,#1245,.T.);
#3013=EDGE_CURVE('',#2413,#2411,#24,.T.);
#3014=EDGE_CURVE('',#2414,#2412,#25,.T.);
#3015=EDGE_CURVE('',#2414,#2415,#1246,.T.);
#3016=EDGE_CURVE('',#2415,#2413,#26,.T.);
#3017=EDGE_CURVE('',#2416,#2414,#27,.T.);
#3018=EDGE_CURVE('',#2416,#2417,#1247,.T.);
#3019=EDGE_CURVE('',#2417,#2415,#28,.T.);
#3020=EDGE_CURVE('',#2418,#2416,#29,.T.);
#3021=EDGE_CURVE('',#2418,#2419,#1248,.T.);
#3022=EDGE_CURVE('',#2419,#2417,#30,.T.);
#3023=EDGE_CURVE('',#2420,#2418,#31,.T.);
#3024=EDGE_CURVE('',#2420,#2421,#1249,.T.);
#3025=EDGE_CURVE('',#2421,#2419,#32,.T.);
#3026=EDGE_CURVE('',#2422,#2420,#1250,.T.);
#3027=EDGE_CURVE('',#2422,#2423,#1251,.T.);
#3028=EDGE_CURVE('',#2423,#2421,#1252,.T.);
#3029=EDGE_CURVE('',#2424,#2422,#1253,.T.);
#3030=EDGE_CURVE('',#2424,#2425,#1254,.T.);
#3031=EDGE_CURVE('',#2425,#2423,#1255,.T.);
#3032=EDGE_CURVE('',#2405,#2424,#1256,.T.);
#3033=EDGE_CURVE('',#2407,#2425,#1257,.T.);
#3034=EDGE_CURVE('',#2426,#2427,#1258,.T.);
#3035=EDGE_CURVE('',#2426,#2428,#1259,.T.);
#3036=EDGE_CURVE('',#2428,#2429,#1260,.T.);
#3037=EDGE_CURVE('',#2427,#2429,#1261,.T.);
#3038=EDGE_CURVE('',#2430,#2426,#33,.T.);
#3039=EDGE_CURVE('',#2430,#2431,#1262,.T.);
#3040=EDGE_CURVE('',#2431,#2428,#34,.T.);
#3041=EDGE_CURVE('',#2432,#2430,#35,.T.);
#3042=EDGE_CURVE('',#2432,#2433,#1263,.T.);
#3043=EDGE_CURVE('',#2433,#2431,#36,.T.);
#3044=EDGE_CURVE('',#2434,#2432,#37,.T.);
#3045=EDGE_CURVE('',#2434,#2435,#1264,.T.);
#3046=EDGE_CURVE('',#2435,#2433,#38,.T.);
#3047=EDGE_CURVE('',#2436,#2434,#39,.T.);
#3048=EDGE_CURVE('',#2436,#2437,#1265,.T.);
#3049=EDGE_CURVE('',#2437,#2435,#40,.T.);
#3050=EDGE_CURVE('',#2438,#2436,#41,.T.);
#3051=EDGE_CURVE('',#2438,#2439,#1266,.T.);
#3052=EDGE_CURVE('',#2439,#2437,#42,.T.);
#3053=EDGE_CURVE('',#2440,#2438,#43,.T.);
#3054=EDGE_CURVE('',#2440,#2441,#1267,.T.);
#3055=EDGE_CURVE('',#2441,#2439,#44,.T.);
#3056=EDGE_CURVE('',#2442,#2440,#45,.T.);
#3057=EDGE_CURVE('',#2442,#2443,#1268,.T.);
#3058=EDGE_CURVE('',#2443,#2441,#46,.T.);
#3059=EDGE_CURVE('',#2444,#2442,#47,.T.);
#3060=EDGE_CURVE('',#2444,#2445,#1269,.T.);
#3061=EDGE_CURVE('',#2445,#2443,#48,.T.);
#3062=EDGE_CURVE('',#2446,#2444,#1270,.T.);
#3063=EDGE_CURVE('',#2446,#2447,#1271,.T.);
#3064=EDGE_CURVE('',#2447,#2445,#1272,.T.);
#3065=EDGE_CURVE('',#2427,#2446,#1273,.T.);
#3066=EDGE_CURVE('',#2429,#2447,#1274,.T.);
#3067=EDGE_CURVE('',#2448,#2449,#49,.T.);
#3068=EDGE_CURVE('',#2448,#2450,#1275,.T.);
#3069=EDGE_CURVE('',#2450,#2451,#50,.T.);
#3070=EDGE_CURVE('',#2449,#2451,#1276,.T.);
#3071=EDGE_CURVE('',#2452,#2448,#51,.T.);
#3072=EDGE_CURVE('',#2452,#2453,#1277,.T.);
#3073=EDGE_CURVE('',#2453,#2450,#52,.T.);
#3074=EDGE_CURVE('',#2454,#2452,#53,.T.);
#3075=EDGE_CURVE('',#2454,#2455,#1278,.T.);
#3076=EDGE_CURVE('',#2455,#2453,#54,.T.);
#3077=EDGE_CURVE('',#2456,#2454,#55,.T.);
#3078=EDGE_CURVE('',#2456,#2457,#1279,.T.);
#3079=EDGE_CURVE('',#2457,#2455,#56,.T.);
#3080=EDGE_CURVE('',#2458,#2456,#57,.T.);
#3081=EDGE_CURVE('',#2458,#2459,#1280,.T.);
#3082=EDGE_CURVE('',#2459,#2457,#58,.T.);
#3083=EDGE_CURVE('',#2460,#2458,#59,.T.);
#3084=EDGE_CURVE('',#2460,#2461,#1281,.T.);
#3085=EDGE_CURVE('',#2461,#2459,#60,.T.);
#3086=EDGE_CURVE('',#2462,#2460,#1282,.T.);
#3087=EDGE_CURVE('',#2462,#2463,#1283,.T.);
#3088=EDGE_CURVE('',#2463,#2461,#1284,.T.);
#3089=EDGE_CURVE('',#2464,#2462,#1285,.T.);
#3090=EDGE_CURVE('',#2464,#2465,#1286,.T.);
#3091=EDGE_CURVE('',#2465,#2463,#1287,.T.);
#3092=EDGE_CURVE('',#2449,#2464,#1288,.T.);
#3093=EDGE_CURVE('',#2451,#2465,#1289,.T.);
#3094=EDGE_CURVE('',#2466,#2467,#1290,.T.);
#3095=EDGE_CURVE('',#2466,#2468,#1291,.T.);
#3096=EDGE_CURVE('',#2468,#2469,#1292,.T.);
#3097=EDGE_CURVE('',#2467,#2469,#1293,.T.);
#3098=EDGE_CURVE('',#2470,#2466,#1294,.T.);
#3099=EDGE_CURVE('',#2470,#2471,#1295,.T.);
#3100=EDGE_CURVE('',#2471,#2468,#1296,.T.);
#3101=EDGE_CURVE('',#2472,#2470,#61,.T.);
#3102=EDGE_CURVE('',#2472,#2473,#1297,.T.);
#3103=EDGE_CURVE('',#2473,#2471,#62,.T.);
#3104=EDGE_CURVE('',#2474,#2472,#63,.T.);
#3105=EDGE_CURVE('',#2474,#2475,#1298,.T.);
#3106=EDGE_CURVE('',#2475,#2473,#64,.T.);
#3107=EDGE_CURVE('',#2476,#2474,#65,.T.);
#3108=EDGE_CURVE('',#2476,#2477,#1299,.T.);
#3109=EDGE_CURVE('',#2477,#2475,#66,.T.);
#3110=EDGE_CURVE('',#2478,#2476,#67,.T.);
#3111=EDGE_CURVE('',#2478,#2479,#1300,.T.);
#3112=EDGE_CURVE('',#2479,#2477,#68,.T.);
#3113=EDGE_CURVE('',#2480,#2478,#69,.T.);
#3114=EDGE_CURVE('',#2480,#2481,#1301,.T.);
#3115=EDGE_CURVE('',#2481,#2479,#70,.T.);
#3116=EDGE_CURVE('',#2482,#2480,#71,.T.);
#3117=EDGE_CURVE('',#2482,#2483,#1302,.T.);
#3118=EDGE_CURVE('',#2483,#2481,#72,.T.);
#3119=EDGE_CURVE('',#2484,#2482,#73,.T.);
#3120=EDGE_CURVE('',#2484,#2485,#1303,.T.);
#3121=EDGE_CURVE('',#2485,#2483,#74,.T.);
#3122=EDGE_CURVE('',#2486,#2484,#1304,.T.);
#3123=EDGE_CURVE('',#2486,#2487,#1305,.T.);
#3124=EDGE_CURVE('',#2487,#2485,#1306,.T.);
#3125=EDGE_CURVE('',#2488,#2486,#1307,.T.);
#3126=EDGE_CURVE('',#2488,#2489,#1308,.T.);
#3127=EDGE_CURVE('',#2489,#2487,#1309,.T.);
#3128=EDGE_CURVE('',#2467,#2488,#1310,.T.);
#3129=EDGE_CURVE('',#2469,#2489,#1311,.T.);
#3130=EDGE_CURVE('',#2490,#2491,#1312,.T.);
#3131=EDGE_CURVE('',#2490,#2492,#1313,.T.);
#3132=EDGE_CURVE('',#2492,#2493,#1314,.T.);
#3133=EDGE_CURVE('',#2491,#2493,#1315,.T.);
#3134=EDGE_CURVE('',#2494,#2490,#1316,.T.);
#3135=EDGE_CURVE('',#2494,#2495,#1317,.T.);
#3136=EDGE_CURVE('',#2495,#2492,#1318,.T.);
#3137=EDGE_CURVE('',#2491,#2494,#1319,.T.);
#3138=EDGE_CURVE('',#2493,#2495,#1320,.T.);
#3139=EDGE_CURVE('',#2496,#2497,#1321,.T.);
#3140=EDGE_CURVE('',#2496,#2498,#1322,.T.);
#3141=EDGE_CURVE('',#2498,#2499,#1323,.T.);
#3142=EDGE_CURVE('',#2497,#2499,#1324,.T.);
#3143=EDGE_CURVE('',#2500,#2496,#1325,.T.);
#3144=EDGE_CURVE('',#2500,#2501,#1326,.T.);
#3145=EDGE_CURVE('',#2501,#2498,#1327,.T.);
#3146=EDGE_CURVE('',#2502,#2500,#1328,.T.);
#3147=EDGE_CURVE('',#2502,#2503,#1329,.T.);
#3148=EDGE_CURVE('',#2503,#2501,#1330,.T.);
#3149=EDGE_CURVE('',#2504,#2502,#1331,.T.);
#3150=EDGE_CURVE('',#2504,#2505,#1332,.T.);
#3151=EDGE_CURVE('',#2505,#2503,#1333,.T.);
#3152=EDGE_CURVE('',#2506,#2504,#1334,.T.);
#3153=EDGE_CURVE('',#2506,#2507,#1335,.T.);
#3154=EDGE_CURVE('',#2507,#2505,#1336,.T.);
#3155=EDGE_CURVE('',#2508,#2506,#1337,.T.);
#3156=EDGE_CURVE('',#2508,#2509,#1338,.T.);
#3157=EDGE_CURVE('',#2509,#2507,#1339,.T.);
#3158=EDGE_CURVE('',#2510,#2508,#1340,.T.);
#3159=EDGE_CURVE('',#2510,#2511,#1341,.T.);
#3160=EDGE_CURVE('',#2511,#2509,#1342,.T.);
#3161=EDGE_CURVE('',#2497,#2510,#1343,.T.);
#3162=EDGE_CURVE('',#2499,#2511,#1344,.T.);
#3163=EDGE_CURVE('',#2512,#2513,#1345,.T.);
#3164=EDGE_CURVE('',#2512,#2514,#1346,.T.);
#3165=EDGE_CURVE('',#2514,#2515,#1347,.T.);
#3166=EDGE_CURVE('',#2513,#2515,#1348,.T.);
#3167=EDGE_CURVE('',#2516,#2512,#1349,.T.);
#3168=EDGE_CURVE('',#2516,#2517,#1350,.T.);
#3169=EDGE_CURVE('',#2517,#2514,#1351,.T.);
#3170=EDGE_CURVE('',#2518,#2516,#1352,.T.);
#3171=EDGE_CURVE('',#2518,#2519,#1353,.T.);
#3172=EDGE_CURVE('',#2519,#2517,#1354,.T.);
#3173=EDGE_CURVE('',#2520,#2518,#1355,.T.);
#3174=EDGE_CURVE('',#2520,#2521,#1356,.T.);
#3175=EDGE_CURVE('',#2521,#2519,#1357,.T.);
#3176=EDGE_CURVE('',#2522,#2520,#1358,.T.);
#3177=EDGE_CURVE('',#2522,#2523,#1359,.T.);
#3178=EDGE_CURVE('',#2523,#2521,#1360,.T.);
#3179=EDGE_CURVE('',#2524,#2522,#1361,.T.);
#3180=EDGE_CURVE('',#2524,#2525,#1362,.T.);
#3181=EDGE_CURVE('',#2525,#2523,#1363,.T.);
#3182=EDGE_CURVE('',#2526,#2524,#1364,.T.);
#3183=EDGE_CURVE('',#2526,#2527,#1365,.T.);
#3184=EDGE_CURVE('',#2527,#2525,#1366,.T.);
#3185=EDGE_CURVE('',#2528,#2526,#1367,.T.);
#3186=EDGE_CURVE('',#2528,#2529,#1368,.T.);
#3187=EDGE_CURVE('',#2529,#2527,#1369,.T.);
#3188=EDGE_CURVE('',#2530,#2528,#1370,.T.);
#3189=EDGE_CURVE('',#2530,#2531,#1371,.T.);
#3190=EDGE_CURVE('',#2531,#2529,#1372,.T.);
#3191=EDGE_CURVE('',#2532,#2530,#1373,.T.);
#3192=EDGE_CURVE('',#2532,#2533,#1374,.T.);
#3193=EDGE_CURVE('',#2533,#2531,#1375,.T.);
#3194=EDGE_CURVE('',#2534,#2532,#1376,.T.);
#3195=EDGE_CURVE('',#2534,#2535,#1377,.T.);
#3196=EDGE_CURVE('',#2535,#2533,#1378,.T.);
#3197=EDGE_CURVE('',#2513,#2534,#1379,.T.);
#3198=EDGE_CURVE('',#2515,#2535,#1380,.T.);
#3199=EDGE_CURVE('',#2536,#2537,#75,.T.);
#3200=EDGE_CURVE('',#2536,#2538,#1381,.T.);
#3201=EDGE_CURVE('',#2538,#2539,#76,.T.);
#3202=EDGE_CURVE('',#2537,#2539,#1382,.T.);
#3203=EDGE_CURVE('',#2540,#2536,#77,.T.);
#3204=EDGE_CURVE('',#2540,#2541,#1383,.T.);
#3205=EDGE_CURVE('',#2541,#2538,#78,.T.);
#3206=EDGE_CURVE('',#2542,#2540,#79,.T.);
#3207=EDGE_CURVE('',#2542,#2543,#1384,.T.);
#3208=EDGE_CURVE('',#2543,#2541,#80,.T.);
#3209=EDGE_CURVE('',#2544,#2542,#81,.T.);
#3210=EDGE_CURVE('',#2544,#2545,#1385,.T.);
#3211=EDGE_CURVE('',#2545,#2543,#82,.T.);
#3212=EDGE_CURVE('',#2546,#2544,#83,.T.);
#3213=EDGE_CURVE('',#2546,#2547,#1386,.T.);
#3214=EDGE_CURVE('',#2547,#2545,#84,.T.);
#3215=EDGE_CURVE('',#2548,#2546,#85,.T.);
#3216=EDGE_CURVE('',#2548,#2549,#1387,.T.);
#3217=EDGE_CURVE('',#2549,#2547,#86,.T.);
#3218=EDGE_CURVE('',#2550,#2548,#87,.T.);
#3219=EDGE_CURVE('',#2550,#2551,#1388,.T.);
#3220=EDGE_CURVE('',#2551,#2549,#88,.T.);
#3221=EDGE_CURVE('',#2552,#2550,#1389,.T.);
#3222=EDGE_CURVE('',#2552,#2553,#1390,.T.);
#3223=EDGE_CURVE('',#2553,#2551,#1391,.T.);
#3224=EDGE_CURVE('',#2554,#2552,#89,.T.);
#3225=EDGE_CURVE('',#2554,#2555,#1392,.T.);
#3226=EDGE_CURVE('',#2555,#2553,#90,.T.);
#3227=EDGE_CURVE('',#2556,#2554,#91,.T.);
#3228=EDGE_CURVE('',#2556,#2557,#1393,.T.);
#3229=EDGE_CURVE('',#2557,#2555,#92,.T.);
#3230=EDGE_CURVE('',#2558,#2556,#93,.T.);
#3231=EDGE_CURVE('',#2558,#2559,#1394,.T.);
#3232=EDGE_CURVE('',#2559,#2557,#94,.T.);
#3233=EDGE_CURVE('',#2560,#2558,#95,.T.);
#3234=EDGE_CURVE('',#2560,#2561,#1395,.T.);
#3235=EDGE_CURVE('',#2561,#2559,#96,.T.);
#3236=EDGE_CURVE('',#2562,#2560,#97,.T.);
#3237=EDGE_CURVE('',#2562,#2563,#1396,.T.);
#3238=EDGE_CURVE('',#2563,#2561,#98,.T.);
#3239=EDGE_CURVE('',#2564,#2562,#99,.T.);
#3240=EDGE_CURVE('',#2564,#2565,#1397,.T.);
#3241=EDGE_CURVE('',#2565,#2563,#100,.T.);
#3242=EDGE_CURVE('',#2566,#2564,#101,.T.);
#3243=EDGE_CURVE('',#2566,#2567,#1398,.T.);
#3244=EDGE_CURVE('',#2567,#2565,#102,.T.);
#3245=EDGE_CURVE('',#2568,#2566,#103,.T.);
#3246=EDGE_CURVE('',#2568,#2569,#1399,.T.);
#3247=EDGE_CURVE('',#2569,#2567,#104,.T.);
#3248=EDGE_CURVE('',#2570,#2568,#1400,.T.);
#3249=EDGE_CURVE('',#2570,#2571,#1401,.T.);
#3250=EDGE_CURVE('',#2571,#2569,#1402,.T.);
#3251=EDGE_CURVE('',#2537,#2570,#105,.T.);
#3252=EDGE_CURVE('',#2539,#2571,#106,.T.);
#3253=EDGE_CURVE('',#2572,#2573,#1403,.T.);
#3254=EDGE_CURVE('',#2572,#2574,#1404,.T.);
#3255=EDGE_CURVE('',#2574,#2575,#1405,.T.);
#3256=EDGE_CURVE('',#2573,#2575,#1406,.T.);
#3257=EDGE_CURVE('',#2576,#2572,#1407,.T.);
#3258=EDGE_CURVE('',#2576,#2577,#1408,.T.);
#3259=EDGE_CURVE('',#2577,#2574,#1409,.T.);
#3260=EDGE_CURVE('',#2578,#2576,#1410,.T.);
#3261=EDGE_CURVE('',#2578,#2579,#1411,.T.);
#3262=EDGE_CURVE('',#2579,#2577,#1412,.T.);
#3263=EDGE_CURVE('',#2580,#2578,#1413,.T.);
#3264=EDGE_CURVE('',#2580,#2581,#1414,.T.);
#3265=EDGE_CURVE('',#2581,#2579,#1415,.T.);
#3266=EDGE_CURVE('',#2582,#2580,#1416,.T.);
#3267=EDGE_CURVE('',#2582,#2583,#1417,.T.);
#3268=EDGE_CURVE('',#2583,#2581,#1418,.T.);
#3269=EDGE_CURVE('',#2584,#2582,#1419,.T.);
#3270=EDGE_CURVE('',#2584,#2585,#1420,.T.);
#3271=EDGE_CURVE('',#2585,#2583,#1421,.T.);
#3272=EDGE_CURVE('',#2586,#2584,#1422,.T.);
#3273=EDGE_CURVE('',#2586,#2587,#1423,.T.);
#3274=EDGE_CURVE('',#2587,#2585,#1424,.T.);
#3275=EDGE_CURVE('',#2588,#2586,#1425,.T.);
#3276=EDGE_CURVE('',#2588,#2589,#1426,.T.);
#3277=EDGE_CURVE('',#2589,#2587,#1427,.T.);
#3278=EDGE_CURVE('',#2590,#2588,#1428,.T.);
#3279=EDGE_CURVE('',#2590,#2591,#1429,.T.);
#3280=EDGE_CURVE('',#2591,#2589,#1430,.T.);
#3281=EDGE_CURVE('',#2592,#2590,#1431,.T.);
#3282=EDGE_CURVE('',#2592,#2593,#1432,.T.);
#3283=EDGE_CURVE('',#2593,#2591,#1433,.T.);
#3284=EDGE_CURVE('',#2594,#2592,#1434,.T.);
#3285=EDGE_CURVE('',#2594,#2595,#1435,.T.);
#3286=EDGE_CURVE('',#2595,#2593,#1436,.T.);
#3287=EDGE_CURVE('',#2573,#2594,#1437,.T.);
#3288=EDGE_CURVE('',#2575,#2595,#1438,.T.);
#3289=EDGE_CURVE('',#2596,#2597,#238,.T.);
#3290=EDGE_CURVE('',#2597,#2598,#1439,.T.);
#3291=EDGE_CURVE('',#2598,#2599,#239,.T.);
#3292=EDGE_CURVE('',#2599,#2596,#1440,.T.);
#3293=EDGE_CURVE('',#2600,#2596,#240,.T.);
#3294=EDGE_CURVE('',#2596,#2601,#1441,.T.);
#3295=EDGE_CURVE('',#2601,#2602,#241,.T.);
#3296=EDGE_CURVE('',#2602,#2600,#1442,.T.);
#3297=EDGE_CURVE('',#2603,#2601,#242,.T.);
#3298=EDGE_CURVE('',#2601,#2604,#1443,.T.);
#3299=EDGE_CURVE('',#2604,#2605,#243,.T.);
#3300=EDGE_CURVE('',#2605,#2603,#1444,.T.);
#3301=EDGE_CURVE('',#2599,#2606,#244,.T.);
#3302=EDGE_CURVE('',#2606,#2607,#1445,.T.);
#3303=EDGE_CURVE('',#2607,#2604,#245,.T.);
#3304=EDGE_CURVE('',#2604,#2599,#1446,.T.);
#3305=EDGE_CURVE('',#2607,#2605,#246,.T.);
#3306=EDGE_CURVE('',#2603,#2602,#247,.T.);
#3307=EDGE_CURVE('',#2600,#2597,#248,.T.);
#3308=EDGE_CURVE('',#2598,#2606,#249,.T.);
#3309=EDGE_CURVE('',#2603,#2608,#1447,.T.);
#3310=EDGE_CURVE('',#2608,#2609,#250,.T.);
#3311=EDGE_CURVE('',#2609,#2602,#1448,.T.);
#3312=EDGE_CURVE('',#2610,#2605,#1449,.T.);
#3313=EDGE_CURVE('',#2610,#2608,#1450,.T.);
#3314=EDGE_CURVE('',#2607,#2611,#1451,.T.);
#3315=EDGE_CURVE('',#2611,#2610,#251,.T.);
#3316=EDGE_CURVE('',#2612,#2606,#1452,.T.);
#3317=EDGE_CURVE('',#2611,#2612,#1453,.T.);
#3318=EDGE_CURVE('',#2613,#2613,#252,.T.);
#3319=EDGE_CURVE('',#2614,#2614,#253,.T.);
#3320=EDGE_CURVE('',#2615,#2616,#254,.T.);
#3321=EDGE_CURVE('',#2616,#2617,#1454,.T.);
#3322=EDGE_CURVE('',#2617,#2618,#255,.T.);
#3323=EDGE_CURVE('',#2618,#2619,#1455,.T.);
#3324=EDGE_CURVE('',#2619,#2620,#256,.T.);
#3325=EDGE_CURVE('',#2620,#2621,#1456,.T.);
#3326=EDGE_CURVE('',#2621,#2622,#257,.T.);
#3327=EDGE_CURVE('',#2622,#2615,#1457,.T.);
#3328=EDGE_CURVE('',#2623,#2624,#258,.T.);
#3329=EDGE_CURVE('',#2624,#2625,#1458,.T.);
#3330=EDGE_CURVE('',#2625,#2626,#259,.T.);
#3331=EDGE_CURVE('',#2626,#2627,#1459,.T.);
#3332=EDGE_CURVE('',#2627,#2628,#260,.T.);
#3333=EDGE_CURVE('',#2628,#2629,#1460,.T.);
#3334=EDGE_CURVE('',#2629,#2630,#261,.T.);
#3335=EDGE_CURVE('',#2630,#2623,#1461,.T.);
#3336=EDGE_CURVE('',#2631,#2632,#262,.T.);
#3337=EDGE_CURVE('',#2632,#2633,#1462,.T.);
#3338=EDGE_CURVE('',#2633,#2634,#263,.T.);
#3339=EDGE_CURVE('',#2634,#2635,#1463,.T.);
#3340=EDGE_CURVE('',#2635,#2636,#264,.T.);
#3341=EDGE_CURVE('',#2636,#2637,#1464,.T.);
#3342=EDGE_CURVE('',#2637,#2638,#265,.T.);
#3343=EDGE_CURVE('',#2638,#2631,#1465,.T.);
#3344=EDGE_CURVE('',#2639,#2640,#266,.T.);
#3345=EDGE_CURVE('',#2640,#2641,#1466,.T.);
#3346=EDGE_CURVE('',#2641,#2642,#267,.T.);
#3347=EDGE_CURVE('',#2642,#2643,#1467,.T.);
#3348=EDGE_CURVE('',#2643,#2644,#268,.T.);
#3349=EDGE_CURVE('',#2644,#2645,#1468,.T.);
#3350=EDGE_CURVE('',#2645,#2646,#269,.T.);
#3351=EDGE_CURVE('',#2646,#2639,#1469,.T.);
#3352=EDGE_CURVE('',#2647,#2648,#270,.T.);
#3353=EDGE_CURVE('',#2648,#2649,#1470,.T.);
#3354=EDGE_CURVE('',#2649,#2650,#271,.T.);
#3355=EDGE_CURVE('',#2650,#2651,#1471,.T.);
#3356=EDGE_CURVE('',#2651,#2652,#272,.T.);
#3357=EDGE_CURVE('',#2652,#2653,#1472,.T.);
#3358=EDGE_CURVE('',#2653,#2654,#273,.T.);
#3359=EDGE_CURVE('',#2654,#2647,#1473,.T.);
#3360=EDGE_CURVE('',#2655,#2656,#274,.T.);
#3361=EDGE_CURVE('',#2656,#2657,#1474,.T.);
#3362=EDGE_CURVE('',#2657,#2658,#275,.T.);
#3363=EDGE_CURVE('',#2658,#2659,#1475,.T.);
#3364=EDGE_CURVE('',#2659,#2660,#276,.T.);
#3365=EDGE_CURVE('',#2660,#2661,#1476,.T.);
#3366=EDGE_CURVE('',#2661,#2662,#277,.T.);
#3367=EDGE_CURVE('',#2662,#2655,#1477,.T.);
#3368=EDGE_CURVE('',#2663,#2664,#278,.T.);
#3369=EDGE_CURVE('',#2664,#2665,#1478,.T.);
#3370=EDGE_CURVE('',#2665,#2666,#279,.T.);
#3371=EDGE_CURVE('',#2666,#2667,#1479,.T.);
#3372=EDGE_CURVE('',#2667,#2668,#280,.T.);
#3373=EDGE_CURVE('',#2668,#2669,#1480,.T.);
#3374=EDGE_CURVE('',#2669,#2670,#281,.T.);
#3375=EDGE_CURVE('',#2670,#2663,#1481,.T.);
#3376=EDGE_CURVE('',#2671,#2672,#282,.T.);
#3377=EDGE_CURVE('',#2672,#2673,#1482,.T.);
#3378=EDGE_CURVE('',#2673,#2674,#283,.T.);
#3379=EDGE_CURVE('',#2674,#2675,#1483,.T.);
#3380=EDGE_CURVE('',#2675,#2676,#284,.T.);
#3381=EDGE_CURVE('',#2676,#2677,#1484,.T.);
#3382=EDGE_CURVE('',#2677,#2678,#285,.T.);
#3383=EDGE_CURVE('',#2678,#2671,#1485,.T.);
#3384=EDGE_CURVE('',#2679,#2680,#286,.T.);
#3385=EDGE_CURVE('',#2680,#2681,#1486,.T.);
#3386=EDGE_CURVE('',#2681,#2682,#287,.T.);
#3387=EDGE_CURVE('',#2682,#2683,#1487,.T.);
#3388=EDGE_CURVE('',#2683,#2684,#288,.T.);
#3389=EDGE_CURVE('',#2684,#2685,#1488,.T.);
#3390=EDGE_CURVE('',#2685,#2686,#289,.T.);
#3391=EDGE_CURVE('',#2686,#2679,#1489,.T.);
#3392=EDGE_CURVE('',#2687,#2688,#290,.T.);
#3393=EDGE_CURVE('',#2688,#2689,#1490,.T.);
#3394=EDGE_CURVE('',#2689,#2690,#291,.T.);
#3395=EDGE_CURVE('',#2690,#2691,#1491,.T.);
#3396=EDGE_CURVE('',#2691,#2692,#292,.T.);
#3397=EDGE_CURVE('',#2692,#2693,#1492,.T.);
#3398=EDGE_CURVE('',#2693,#2694,#293,.T.);
#3399=EDGE_CURVE('',#2694,#2687,#1493,.T.);
#3400=EDGE_CURVE('',#2695,#2696,#294,.T.);
#3401=EDGE_CURVE('',#2696,#2697,#1494,.T.);
#3402=EDGE_CURVE('',#2697,#2698,#295,.T.);
#3403=EDGE_CURVE('',#2698,#2699,#1495,.T.);
#3404=EDGE_CURVE('',#2699,#2700,#296,.T.);
#3405=EDGE_CURVE('',#2700,#2701,#1496,.T.);
#3406=EDGE_CURVE('',#2701,#2702,#297,.T.);
#3407=EDGE_CURVE('',#2702,#2695,#1497,.T.);
#3408=EDGE_CURVE('',#2703,#2704,#298,.T.);
#3409=EDGE_CURVE('',#2704,#2705,#1498,.T.);
#3410=EDGE_CURVE('',#2705,#2706,#299,.T.);
#3411=EDGE_CURVE('',#2706,#2707,#1499,.T.);
#3412=EDGE_CURVE('',#2707,#2708,#300,.T.);
#3413=EDGE_CURVE('',#2708,#2709,#1500,.T.);
#3414=EDGE_CURVE('',#2709,#2710,#301,.T.);
#3415=EDGE_CURVE('',#2710,#2703,#1501,.T.);
#3416=EDGE_CURVE('',#2711,#2712,#302,.T.);
#3417=EDGE_CURVE('',#2712,#2713,#1502,.T.);
#3418=EDGE_CURVE('',#2713,#2714,#303,.T.);
#3419=EDGE_CURVE('',#2714,#2715,#1503,.T.);
#3420=EDGE_CURVE('',#2715,#2716,#304,.T.);
#3421=EDGE_CURVE('',#2716,#2717,#1504,.T.);
#3422=EDGE_CURVE('',#2717,#2718,#305,.T.);
#3423=EDGE_CURVE('',#2718,#2711,#1505,.T.);
#3424=EDGE_CURVE('',#2719,#2720,#306,.T.);
#3425=EDGE_CURVE('',#2720,#2721,#1506,.T.);
#3426=EDGE_CURVE('',#2721,#2722,#307,.T.);
#3427=EDGE_CURVE('',#2722,#2723,#1507,.T.);
#3428=EDGE_CURVE('',#2723,#2724,#308,.T.);
#3429=EDGE_CURVE('',#2724,#2725,#1508,.T.);
#3430=EDGE_CURVE('',#2725,#2726,#309,.T.);
#3431=EDGE_CURVE('',#2726,#2719,#1509,.T.);
#3432=EDGE_CURVE('',#2727,#2728,#310,.T.);
#3433=EDGE_CURVE('',#2728,#2729,#1510,.T.);
#3434=EDGE_CURVE('',#2729,#2730,#311,.T.);
#3435=EDGE_CURVE('',#2730,#2731,#1511,.T.);
#3436=EDGE_CURVE('',#2731,#2732,#312,.T.);
#3437=EDGE_CURVE('',#2732,#2733,#1512,.T.);
#3438=EDGE_CURVE('',#2733,#2734,#313,.T.);
#3439=EDGE_CURVE('',#2734,#2727,#1513,.T.);
#3440=EDGE_CURVE('',#2735,#2736,#314,.T.);
#3441=EDGE_CURVE('',#2736,#2737,#1514,.T.);
#3442=EDGE_CURVE('',#2737,#2738,#315,.T.);
#3443=EDGE_CURVE('',#2738,#2739,#1515,.T.);
#3444=EDGE_CURVE('',#2739,#2740,#316,.T.);
#3445=EDGE_CURVE('',#2740,#2741,#1516,.T.);
#3446=EDGE_CURVE('',#2741,#2742,#317,.T.);
#3447=EDGE_CURVE('',#2742,#2735,#1517,.T.);
#3448=EDGE_CURVE('',#2743,#2743,#318,.T.);
#3449=EDGE_CURVE('',#2744,#2744,#319,.T.);
#3450=EDGE_CURVE('',#2745,#2612,#320,.T.);
#3451=EDGE_CURVE('',#2745,#2746,#1518,.T.);
#3452=EDGE_CURVE('',#2747,#2746,#321,.T.);
#3453=EDGE_CURVE('',#2747,#2609,#1519,.T.);
#3454=EDGE_CURVE('',#2748,#2749,#1520,.T.);
#3455=EDGE_CURVE('',#2749,#2750,#1521,.T.);
#3456=EDGE_CURVE('',#2750,#2751,#1522,.T.);
#3457=EDGE_CURVE('',#2751,#2748,#1523,.T.);
#3458=EDGE_CURVE('',#2752,#2753,#322,.T.);
#3459=EDGE_CURVE('',#2754,#2752,#1524,.T.);
#3460=EDGE_CURVE('',#2755,#2754,#323,.T.);
#3461=EDGE_CURVE('',#2756,#2755,#1525,.T.);
#3462=EDGE_CURVE('',#2757,#2756,#324,.T.);
#3463=EDGE_CURVE('',#2758,#2757,#1526,.T.);
#3464=EDGE_CURVE('',#2759,#2758,#325,.T.);
#3465=EDGE_CURVE('',#2753,#2759,#1527,.T.);
#3466=EDGE_CURVE('',#2760,#2761,#326,.T.);
#3467=EDGE_CURVE('',#2762,#2760,#1528,.T.);
#3468=EDGE_CURVE('',#2763,#2762,#327,.T.);
#3469=EDGE_CURVE('',#2764,#2763,#1529,.T.);
#3470=EDGE_CURVE('',#2765,#2764,#328,.T.);
#3471=EDGE_CURVE('',#2766,#2765,#1530,.T.);
#3472=EDGE_CURVE('',#2767,#2766,#329,.T.);
#3473=EDGE_CURVE('',#2761,#2767,#1531,.T.);
#3474=EDGE_CURVE('',#2768,#2769,#330,.T.);
#3475=EDGE_CURVE('',#2770,#2768,#1532,.T.);
#3476=EDGE_CURVE('',#2771,#2770,#331,.T.);
#3477=EDGE_CURVE('',#2772,#2771,#1533,.T.);
#3478=EDGE_CURVE('',#2773,#2772,#332,.T.);
#3479=EDGE_CURVE('',#2774,#2773,#1534,.T.);
#3480=EDGE_CURVE('',#2775,#2774,#333,.T.);
#3481=EDGE_CURVE('',#2769,#2775,#1535,.T.);
#3482=EDGE_CURVE('',#2776,#2777,#334,.T.);
#3483=EDGE_CURVE('',#2778,#2776,#1536,.T.);
#3484=EDGE_CURVE('',#2779,#2778,#335,.T.);
#3485=EDGE_CURVE('',#2780,#2779,#1537,.T.);
#3486=EDGE_CURVE('',#2781,#2780,#336,.T.);
#3487=EDGE_CURVE('',#2782,#2781,#1538,.T.);
#3488=EDGE_CURVE('',#2783,#2782,#337,.T.);
#3489=EDGE_CURVE('',#2777,#2783,#1539,.T.);
#3490=EDGE_CURVE('',#2784,#2785,#338,.T.);
#3491=EDGE_CURVE('',#2786,#2784,#1540,.T.);
#3492=EDGE_CURVE('',#2787,#2786,#339,.T.);
#3493=EDGE_CURVE('',#2788,#2787,#1541,.T.);
#3494=EDGE_CURVE('',#2789,#2788,#340,.T.);
#3495=EDGE_CURVE('',#2790,#2789,#1542,.T.);
#3496=EDGE_CURVE('',#2791,#2790,#341,.T.);
#3497=EDGE_CURVE('',#2785,#2791,#1543,.T.);
#3498=EDGE_CURVE('',#2792,#2793,#342,.T.);
#3499=EDGE_CURVE('',#2794,#2792,#1544,.T.);
#3500=EDGE_CURVE('',#2795,#2794,#343,.T.);
#3501=EDGE_CURVE('',#2796,#2795,#1545,.T.);
#3502=EDGE_CURVE('',#2797,#2796,#344,.T.);
#3503=EDGE_CURVE('',#2798,#2797,#1546,.T.);
#3504=EDGE_CURVE('',#2799,#2798,#345,.T.);
#3505=EDGE_CURVE('',#2793,#2799,#1547,.T.);
#3506=EDGE_CURVE('',#2800,#2801,#346,.T.);
#3507=EDGE_CURVE('',#2802,#2800,#1548,.T.);
#3508=EDGE_CURVE('',#2803,#2802,#347,.T.);
#3509=EDGE_CURVE('',#2804,#2803,#1549,.T.);
#3510=EDGE_CURVE('',#2805,#2804,#348,.T.);
#3511=EDGE_CURVE('',#2806,#2805,#1550,.T.);
#3512=EDGE_CURVE('',#2807,#2806,#349,.T.);
#3513=EDGE_CURVE('',#2801,#2807,#1551,.T.);
#3514=EDGE_CURVE('',#2808,#2809,#350,.T.);
#3515=EDGE_CURVE('',#2810,#2808,#1552,.T.);
#3516=EDGE_CURVE('',#2811,#2810,#351,.T.);
#3517=EDGE_CURVE('',#2812,#2811,#1553,.T.);
#3518=EDGE_CURVE('',#2813,#2812,#352,.T.);
#3519=EDGE_CURVE('',#2814,#2813,#1554,.T.);
#3520=EDGE_CURVE('',#2815,#2814,#353,.T.);
#3521=EDGE_CURVE('',#2809,#2815,#1555,.T.);
#3522=EDGE_CURVE('',#2816,#2817,#354,.T.);
#3523=EDGE_CURVE('',#2818,#2816,#1556,.T.);
#3524=EDGE_CURVE('',#2819,#2818,#355,.T.);
#3525=EDGE_CURVE('',#2820,#2819,#1557,.T.);
#3526=EDGE_CURVE('',#2821,#2820,#356,.T.);
#3527=EDGE_CURVE('',#2822,#2821,#1558,.T.);
#3528=EDGE_CURVE('',#2823,#2822,#357,.T.);
#3529=EDGE_CURVE('',#2817,#2823,#1559,.T.);
#3530=EDGE_CURVE('',#2824,#2825,#358,.T.);
#3531=EDGE_CURVE('',#2826,#2824,#1560,.T.);
#3532=EDGE_CURVE('',#2827,#2826,#359,.T.);
#3533=EDGE_CURVE('',#2828,#2827,#1561,.T.);
#3534=EDGE_CURVE('',#2829,#2828,#360,.T.);
#3535=EDGE_CURVE('',#2830,#2829,#1562,.T.);
#3536=EDGE_CURVE('',#2831,#2830,#361,.T.);
#3537=EDGE_CURVE('',#2825,#2831,#1563,.T.);
#3538=EDGE_CURVE('',#2832,#2833,#362,.T.);
#3539=EDGE_CURVE('',#2834,#2832,#1564,.T.);
#3540=EDGE_CURVE('',#2835,#2834,#363,.T.);
#3541=EDGE_CURVE('',#2836,#2835,#1565,.T.);
#3542=EDGE_CURVE('',#2837,#2836,#364,.T.);
#3543=EDGE_CURVE('',#2838,#2837,#1566,.T.);
#3544=EDGE_CURVE('',#2839,#2838,#365,.T.);
#3545=EDGE_CURVE('',#2833,#2839,#1567,.T.);
#3546=EDGE_CURVE('',#2840,#2841,#366,.T.);
#3547=EDGE_CURVE('',#2842,#2840,#1568,.T.);
#3548=EDGE_CURVE('',#2843,#2842,#367,.T.);
#3549=EDGE_CURVE('',#2844,#2843,#1569,.T.);
#3550=EDGE_CURVE('',#2845,#2844,#368,.T.);
#3551=EDGE_CURVE('',#2846,#2845,#1570,.T.);
#3552=EDGE_CURVE('',#2847,#2846,#369,.T.);
#3553=EDGE_CURVE('',#2841,#2847,#1571,.T.);
#3554=EDGE_CURVE('',#2848,#2849,#370,.T.);
#3555=EDGE_CURVE('',#2850,#2848,#1572,.T.);
#3556=EDGE_CURVE('',#2851,#2850,#371,.T.);
#3557=EDGE_CURVE('',#2852,#2851,#1573,.T.);
#3558=EDGE_CURVE('',#2853,#2852,#372,.T.);
#3559=EDGE_CURVE('',#2854,#2853,#1574,.T.);
#3560=EDGE_CURVE('',#2855,#2854,#373,.T.);
#3561=EDGE_CURVE('',#2849,#2855,#1575,.T.);
#3562=EDGE_CURVE('',#2856,#2857,#374,.T.);
#3563=EDGE_CURVE('',#2858,#2856,#1576,.T.);
#3564=EDGE_CURVE('',#2859,#2858,#375,.T.);
#3565=EDGE_CURVE('',#2860,#2859,#1577,.T.);
#3566=EDGE_CURVE('',#2861,#2860,#376,.T.);
#3567=EDGE_CURVE('',#2862,#2861,#1578,.T.);
#3568=EDGE_CURVE('',#2863,#2862,#377,.T.);
#3569=EDGE_CURVE('',#2857,#2863,#1579,.T.);
#3570=EDGE_CURVE('',#2864,#2865,#378,.T.);
#3571=EDGE_CURVE('',#2866,#2864,#1580,.T.);
#3572=EDGE_CURVE('',#2867,#2866,#379,.T.);
#3573=EDGE_CURVE('',#2868,#2867,#1581,.T.);
#3574=EDGE_CURVE('',#2869,#2868,#380,.T.);
#3575=EDGE_CURVE('',#2870,#2869,#1582,.T.);
#3576=EDGE_CURVE('',#2871,#2870,#381,.T.);
#3577=EDGE_CURVE('',#2865,#2871,#1583,.T.);
#3578=EDGE_CURVE('',#2872,#2873,#382,.T.);
#3579=EDGE_CURVE('',#2874,#2872,#1584,.T.);
#3580=EDGE_CURVE('',#2875,#2874,#383,.T.);
#3581=EDGE_CURVE('',#2876,#2875,#1585,.T.);
#3582=EDGE_CURVE('',#2877,#2876,#384,.T.);
#3583=EDGE_CURVE('',#2878,#2877,#1586,.T.);
#3584=EDGE_CURVE('',#2879,#2878,#385,.T.);
#3585=EDGE_CURVE('',#2873,#2879,#1587,.T.);
#3586=EDGE_CURVE('',#2880,#2880,#386,.T.);
#3587=EDGE_CURVE('',#2881,#2881,#387,.T.);
#3588=EDGE_CURVE('',#2882,#2882,#388,.T.);
#3589=EDGE_CURVE('',#2883,#2883,#389,.T.);
#3590=EDGE_CURVE('',#2598,#2745,#1588,.T.);
#3591=EDGE_CURVE('',#2600,#2747,#1589,.T.);
#3592=EDGE_CURVE('',#2746,#2597,#1590,.T.);
#3593=EDGE_CURVE('',#2380,#2750,#1591,.T.);
#3594=EDGE_CURVE('',#2379,#2751,#1592,.T.);
#3595=EDGE_CURVE('',#2378,#2748,#1593,.T.);
#3596=EDGE_CURVE('',#2377,#2749,#1594,.T.);
#3597=EDGE_CURVE('',#2752,#2615,#1595,.T.);
#3598=EDGE_CURVE('',#2754,#2622,#1596,.T.);
#3599=EDGE_CURVE('',#2755,#2621,#1597,.T.);
#3600=EDGE_CURVE('',#2756,#2620,#1598,.T.);
#3601=EDGE_CURVE('',#2757,#2619,#1599,.T.);
#3602=EDGE_CURVE('',#2758,#2618,#1600,.T.);
#3603=EDGE_CURVE('',#2759,#2617,#1601,.T.);
#3604=EDGE_CURVE('',#2753,#2616,#1602,.T.);
#3605=EDGE_CURVE('',#2760,#2623,#1603,.T.);
#3606=EDGE_CURVE('',#2762,#2630,#1604,.T.);
#3607=EDGE_CURVE('',#2763,#2629,#1605,.T.);
#3608=EDGE_CURVE('',#2764,#2628,#1606,.T.);
#3609=EDGE_CURVE('',#2765,#2627,#1607,.T.);
#3610=EDGE_CURVE('',#2766,#2626,#1608,.T.);
#3611=EDGE_CURVE('',#2767,#2625,#1609,.T.);
#3612=EDGE_CURVE('',#2761,#2624,#1610,.T.);
#3613=EDGE_CURVE('',#2768,#2631,#1611,.T.);
#3614=EDGE_CURVE('',#2770,#2638,#1612,.T.);
#3615=EDGE_CURVE('',#2771,#2637,#1613,.T.);
#3616=EDGE_CURVE('',#2772,#2636,#1614,.T.);
#3617=EDGE_CURVE('',#2773,#2635,#1615,.T.);
#3618=EDGE_CURVE('',#2774,#2634,#1616,.T.);
#3619=EDGE_CURVE('',#2775,#2633,#1617,.T.);
#3620=EDGE_CURVE('',#2769,#2632,#1618,.T.);
#3621=EDGE_CURVE('',#2776,#2639,#1619,.T.);
#3622=EDGE_CURVE('',#2778,#2646,#1620,.T.);
#3623=EDGE_CURVE('',#2779,#2645,#1621,.T.);
#3624=EDGE_CURVE('',#2780,#2644,#1622,.T.);
#3625=EDGE_CURVE('',#2781,#2643,#1623,.T.);
#3626=EDGE_CURVE('',#2782,#2642,#1624,.T.);
#3627=EDGE_CURVE('',#2783,#2641,#1625,.T.);
#3628=EDGE_CURVE('',#2777,#2640,#1626,.T.);
#3629=EDGE_CURVE('',#2784,#2647,#1627,.T.);
#3630=EDGE_CURVE('',#2786,#2654,#1628,.T.);
#3631=EDGE_CURVE('',#2787,#2653,#1629,.T.);
#3632=EDGE_CURVE('',#2788,#2652,#1630,.T.);
#3633=EDGE_CURVE('',#2789,#2651,#1631,.T.);
#3634=EDGE_CURVE('',#2790,#2650,#1632,.T.);
#3635=EDGE_CURVE('',#2791,#2649,#1633,.T.);
#3636=EDGE_CURVE('',#2785,#2648,#1634,.T.);
#3637=EDGE_CURVE('',#2792,#2655,#1635,.T.);
#3638=EDGE_CURVE('',#2794,#2662,#1636,.T.);
#3639=EDGE_CURVE('',#2795,#2661,#1637,.T.);
#3640=EDGE_CURVE('',#2796,#2660,#1638,.T.);
#3641=EDGE_CURVE('',#2797,#2659,#1639,.T.);
#3642=EDGE_CURVE('',#2798,#2658,#1640,.T.);
#3643=EDGE_CURVE('',#2799,#2657,#1641,.T.);
#3644=EDGE_CURVE('',#2793,#2656,#1642,.T.);
#3645=EDGE_CURVE('',#2800,#2663,#1643,.T.);
#3646=EDGE_CURVE('',#2802,#2670,#1644,.T.);
#3647=EDGE_CURVE('',#2803,#2669,#1645,.T.);
#3648=EDGE_CURVE('',#2804,#2668,#1646,.T.);
#3649=EDGE_CURVE('',#2805,#2667,#1647,.T.);
#3650=EDGE_CURVE('',#2806,#2666,#1648,.T.);
#3651=EDGE_CURVE('',#2807,#2665,#1649,.T.);
#3652=EDGE_CURVE('',#2801,#2664,#1650,.T.);
#3653=EDGE_CURVE('',#2808,#2671,#1651,.T.);
#3654=EDGE_CURVE('',#2810,#2678,#1652,.T.);
#3655=EDGE_CURVE('',#2811,#2677,#1653,.T.);
#3656=EDGE_CURVE('',#2812,#2676,#1654,.T.);
#3657=EDGE_CURVE('',#2813,#2675,#1655,.T.);
#3658=EDGE_CURVE('',#2814,#2674,#1656,.T.);
#3659=EDGE_CURVE('',#2815,#2673,#1657,.T.);
#3660=EDGE_CURVE('',#2809,#2672,#1658,.T.);
#3661=EDGE_CURVE('',#2816,#2679,#1659,.T.);
#3662=EDGE_CURVE('',#2818,#2686,#1660,.T.);
#3663=EDGE_CURVE('',#2819,#2685,#1661,.T.);
#3664=EDGE_CURVE('',#2820,#2684,#1662,.T.);
#3665=EDGE_CURVE('',#2821,#2683,#1663,.T.);
#3666=EDGE_CURVE('',#2822,#2682,#1664,.T.);
#3667=EDGE_CURVE('',#2823,#2681,#1665,.T.);
#3668=EDGE_CURVE('',#2817,#2680,#1666,.T.);
#3669=EDGE_CURVE('',#2824,#2687,#1667,.T.);
#3670=EDGE_CURVE('',#2826,#2694,#1668,.T.);
#3671=EDGE_CURVE('',#2827,#2693,#1669,.T.);
#3672=EDGE_CURVE('',#2828,#2692,#1670,.T.);
#3673=EDGE_CURVE('',#2829,#2691,#1671,.T.);
#3674=EDGE_CURVE('',#2830,#2690,#1672,.T.);
#3675=EDGE_CURVE('',#2831,#2689,#1673,.T.);
#3676=EDGE_CURVE('',#2825,#2688,#1674,.T.);
#3677=EDGE_CURVE('',#2832,#2695,#1675,.T.);
#3678=EDGE_CURVE('',#2834,#2702,#1676,.T.);
#3679=EDGE_CURVE('',#2835,#2701,#1677,.T.);
#3680=EDGE_CURVE('',#2836,#2700,#1678,.T.);
#3681=EDGE_CURVE('',#2837,#2699,#1679,.T.);
#3682=EDGE_CURVE('',#2838,#2698,#1680,.T.);
#3683=EDGE_CURVE('',#2839,#2697,#1681,.T.);
#3684=EDGE_CURVE('',#2833,#2696,#1682,.T.);
#3685=EDGE_CURVE('',#2840,#2703,#1683,.T.);
#3686=EDGE_CURVE('',#2842,#2710,#1684,.T.);
#3687=EDGE_CURVE('',#2843,#2709,#1685,.T.);
#3688=EDGE_CURVE('',#2844,#2708,#1686,.T.);
#3689=EDGE_CURVE('',#2845,#2707,#1687,.T.);
#3690=EDGE_CURVE('',#2846,#2706,#1688,.T.);
#3691=EDGE_CURVE('',#2847,#2705,#1689,.T.);
#3692=EDGE_CURVE('',#2841,#2704,#1690,.T.);
#3693=EDGE_CURVE('',#2848,#2711,#1691,.T.);
#3694=EDGE_CURVE('',#2850,#2718,#1692,.T.);
#3695=EDGE_CURVE('',#2851,#2717,#1693,.T.);
#3696=EDGE_CURVE('',#2852,#2716,#1694,.T.);
#3697=EDGE_CURVE('',#2853,#2715,#1695,.T.);
#3698=EDGE_CURVE('',#2854,#2714,#1696,.T.);
#3699=EDGE_CURVE('',#2855,#2713,#1697,.T.);
#3700=EDGE_CURVE('',#2849,#2712,#1698,.T.);
#3701=EDGE_CURVE('',#2856,#2719,#1699,.T.);
#3702=EDGE_CURVE('',#2858,#2726,#1700,.T.);
#3703=EDGE_CURVE('',#2859,#2725,#1701,.T.);
#3704=EDGE_CURVE('',#2860,#2724,#1702,.T.);
#3705=EDGE_CURVE('',#2861,#2723,#1703,.T.);
#3706=EDGE_CURVE('',#2862,#2722,#1704,.T.);
#3707=EDGE_CURVE('',#2863,#2721,#1705,.T.);
#3708=EDGE_CURVE('',#2857,#2720,#1706,.T.);
#3709=EDGE_CURVE('',#2864,#2727,#1707,.T.);
#3710=EDGE_CURVE('',#2866,#2734,#1708,.T.);
#3711=EDGE_CURVE('',#2867,#2733,#1709,.T.);
#3712=EDGE_CURVE('',#2868,#2732,#1710,.T.);
#3713=EDGE_CURVE('',#2869,#2731,#1711,.T.);
#3714=EDGE_CURVE('',#2870,#2730,#1712,.T.);
#3715=EDGE_CURVE('',#2871,#2729,#1713,.T.);
#3716=EDGE_CURVE('',#2865,#2728,#1714,.T.);
#3717=EDGE_CURVE('',#2872,#2735,#1715,.T.);
#3718=EDGE_CURVE('',#2874,#2742,#1716,.T.);
#3719=EDGE_CURVE('',#2875,#2741,#1717,.T.);
#3720=EDGE_CURVE('',#2876,#2740,#1718,.T.);
#3721=EDGE_CURVE('',#2877,#2739,#1719,.T.);
#3722=EDGE_CURVE('',#2878,#2738,#1720,.T.);
#3723=EDGE_CURVE('',#2879,#2737,#1721,.T.);
#3724=EDGE_CURVE('',#2873,#2736,#1722,.T.);
#3725=EDGE_CURVE('',#2883,#2613,#1723,.T.);
#3726=EDGE_CURVE('',#2882,#2614,#1724,.T.);
#3727=EDGE_CURVE('',#2881,#2743,#1725,.T.);
#3728=EDGE_CURVE('',#2880,#2744,#1726,.T.);
#3729=EDGE_CURVE('',#2884,#2885,#1727,.T.);
#3730=EDGE_CURVE('',#2885,#2886,#1728,.T.);
#3731=EDGE_CURVE('',#2887,#2886,#1729,.T.);
#3732=EDGE_CURVE('',#2884,#2887,#1730,.T.);
#3733=EDGE_CURVE('',#2888,#2884,#1731,.T.);
#3734=EDGE_CURVE('',#2889,#2887,#1732,.T.);
#3735=EDGE_CURVE('',#2888,#2889,#1733,.T.);
#3736=EDGE_CURVE('',#2890,#2888,#1734,.T.);
#3737=EDGE_CURVE('',#2891,#2889,#1735,.T.);
#3738=EDGE_CURVE('',#2890,#2891,#1736,.T.);
#3739=EDGE_CURVE('',#2885,#2890,#1737,.T.);
#3740=EDGE_CURVE('',#2886,#2891,#1738,.T.);
#3741=ORIENTED_EDGE('',*,*,#2892,.F.);
#3742=ORIENTED_EDGE('',*,*,#2893,.T.);
#3743=ORIENTED_EDGE('',*,*,#2894,.F.);
#3744=ORIENTED_EDGE('',*,*,#2895,.T.);
#3745=ORIENTED_EDGE('',*,*,#2894,.T.);
#3746=ORIENTED_EDGE('',*,*,#2896,.T.);
#3747=ORIENTED_EDGE('',*,*,#2897,.T.);
#3748=ORIENTED_EDGE('',*,*,#2898,.T.);
#3749=ORIENTED_EDGE('',*,*,#2899,.T.);
#3750=ORIENTED_EDGE('',*,*,#2900,.T.);
#3751=ORIENTED_EDGE('',*,*,#2901,.T.);
#3752=ORIENTED_EDGE('',*,*,#2902,.F.);
#3753=ORIENTED_EDGE('',*,*,#2903,.F.);
#3754=ORIENTED_EDGE('',*,*,#2901,.F.);
#3755=ORIENTED_EDGE('',*,*,#2904,.F.);
#3756=ORIENTED_EDGE('',*,*,#2905,.F.);
#3757=ORIENTED_EDGE('',*,*,#2906,.T.);
#3758=ORIENTED_EDGE('',*,*,#2904,.T.);
#3759=ORIENTED_EDGE('',*,*,#2900,.F.);
#3760=ORIENTED_EDGE('',*,*,#2907,.T.);
#3761=ORIENTED_EDGE('',*,*,#2908,.F.);
#3762=ORIENTED_EDGE('',*,*,#2909,.F.);
#3763=ORIENTED_EDGE('',*,*,#2896,.F.);
#3764=ORIENTED_EDGE('',*,*,#2893,.F.);
#3765=ORIENTED_EDGE('',*,*,#2892,.T.);
#3766=ORIENTED_EDGE('',*,*,#2910,.F.);
#3767=ORIENTED_EDGE('',*,*,#2905,.T.);
#3768=ORIENTED_EDGE('',*,*,#2906,.F.);
#3769=ORIENTED_EDGE('',*,*,#2911,.F.);
#3770=ORIENTED_EDGE('',*,*,#2907,.F.);
#3771=ORIENTED_EDGE('',*,*,#2899,.F.);
#3772=ORIENTED_EDGE('',*,*,#2912,.T.);
#3773=ORIENTED_EDGE('',*,*,#2912,.F.);
#3774=ORIENTED_EDGE('',*,*,#2898,.F.);
#3775=ORIENTED_EDGE('',*,*,#2913,.T.);
#3776=ORIENTED_EDGE('',*,*,#2914,.F.);
#3777=ORIENTED_EDGE('',*,*,#2913,.F.);
#3778=ORIENTED_EDGE('',*,*,#2897,.F.);
#3779=ORIENTED_EDGE('',*,*,#2909,.T.);
#3780=ORIENTED_EDGE('',*,*,#2915,.F.);
#3781=ORIENTED_EDGE('',*,*,#2916,.T.);
#3782=ORIENTED_EDGE('',*,*,#2917,.T.);
#3783=ORIENTED_EDGE('',*,*,#2918,.T.);
#3784=ORIENTED_EDGE('',*,*,#2919,.T.);
#3785=ORIENTED_EDGE('',*,*,#2918,.F.);
#3786=ORIENTED_EDGE('',*,*,#2920,.F.);
#3787=ORIENTED_EDGE('',*,*,#2921,.F.);
#3788=ORIENTED_EDGE('',*,*,#2922,.F.);
#3789=ORIENTED_EDGE('',*,*,#2923,.F.);
#3790=ORIENTED_EDGE('',*,*,#2924,.F.);
#3791=ORIENTED_EDGE('',*,*,#2925,.F.);
#3792=ORIENTED_EDGE('',*,*,#2926,.F.);
#3793=ORIENTED_EDGE('',*,*,#2927,.T.);
#3794=ORIENTED_EDGE('',*,*,#2928,.T.);
#3795=ORIENTED_EDGE('',*,*,#2929,.T.);
#3796=ORIENTED_EDGE('',*,*,#2930,.T.);
#3797=ORIENTED_EDGE('',*,*,#2917,.F.);
#3798=ORIENTED_EDGE('',*,*,#2931,.F.);
#3799=ORIENTED_EDGE('',*,*,#2932,.F.);
#3800=ORIENTED_EDGE('',*,*,#2920,.T.);
#3801=ORIENTED_EDGE('',*,*,#2933,.T.);
#3802=ORIENTED_EDGE('',*,*,#2934,.T.);
#3803=ORIENTED_EDGE('',*,*,#2921,.T.);
#3804=ORIENTED_EDGE('',*,*,#2932,.T.);
#3805=ORIENTED_EDGE('',*,*,#2935,.T.);
#3806=ORIENTED_EDGE('',*,*,#2936,.T.);
#3807=ORIENTED_EDGE('',*,*,#2923,.T.);
#3808=ORIENTED_EDGE('',*,*,#2937,.T.);
#3809=ORIENTED_EDGE('',*,*,#2936,.F.);
#3810=ORIENTED_EDGE('',*,*,#2938,.F.);
#3811=ORIENTED_EDGE('',*,*,#2939,.F.);
#3812=ORIENTED_EDGE('',*,*,#2924,.T.);
#3813=ORIENTED_EDGE('',*,*,#2910,.T.);
#3814=ORIENTED_EDGE('',*,*,#2895,.F.);
#3815=ORIENTED_EDGE('',*,*,#2902,.T.);
#3816=ORIENTED_EDGE('',*,*,#2903,.T.);
#3817=ORIENTED_EDGE('',*,*,#2940,.T.);
#3818=ORIENTED_EDGE('',*,*,#2941,.T.);
#3819=ORIENTED_EDGE('',*,*,#2925,.T.);
#3820=ORIENTED_EDGE('',*,*,#2939,.T.);
#3821=ORIENTED_EDGE('',*,*,#2934,.F.);
#3822=ORIENTED_EDGE('',*,*,#2942,.F.);
#3823=ORIENTED_EDGE('',*,*,#2937,.F.);
#3824=ORIENTED_EDGE('',*,*,#2922,.T.);
#3825=ORIENTED_EDGE('',*,*,#2919,.F.);
#3826=ORIENTED_EDGE('',*,*,#2926,.T.);
#3827=ORIENTED_EDGE('',*,*,#2941,.F.);
#3828=ORIENTED_EDGE('',*,*,#2943,.F.);
#3829=ORIENTED_EDGE('',*,*,#2916,.F.);
#3830=ORIENTED_EDGE('',*,*,#2943,.T.);
#3831=ORIENTED_EDGE('',*,*,#2940,.F.);
#3832=ORIENTED_EDGE('',*,*,#2938,.T.);
#3833=ORIENTED_EDGE('',*,*,#2935,.F.);
#3834=ORIENTED_EDGE('',*,*,#2942,.T.);
#3835=ORIENTED_EDGE('',*,*,#2933,.F.);
#3836=ORIENTED_EDGE('',*,*,#2931,.T.);
#3837=ORIENTED_EDGE('',*,*,#2911,.T.);
#3838=ORIENTED_EDGE('',*,*,#2914,.T.);
#3839=ORIENTED_EDGE('',*,*,#2915,.T.);
#3840=ORIENTED_EDGE('',*,*,#2908,.T.);
#3841=ORIENTED_EDGE('',*,*,#2944,.T.);
#3842=ORIENTED_EDGE('',*,*,#2945,.T.);
#3843=ORIENTED_EDGE('',*,*,#2946,.T.);
#3844=ORIENTED_EDGE('',*,*,#2947,.T.);
#3845=ORIENTED_EDGE('',*,*,#2930,.F.);
#3846=ORIENTED_EDGE('',*,*,#2948,.T.);
#3847=ORIENTED_EDGE('',*,*,#2944,.F.);
#3848=ORIENTED_EDGE('',*,*,#2948,.F.);
#3849=ORIENTED_EDGE('',*,*,#2929,.F.);
#3850=ORIENTED_EDGE('',*,*,#2949,.T.);
#3851=ORIENTED_EDGE('',*,*,#2945,.F.);
#3852=ORIENTED_EDGE('',*,*,#2949,.F.);
#3853=ORIENTED_EDGE('',*,*,#2928,.F.);
#3854=ORIENTED_EDGE('',*,*,#2950,.T.);
#3855=ORIENTED_EDGE('',*,*,#2946,.F.);
#3856=ORIENTED_EDGE('',*,*,#2950,.F.);
#3857=ORIENTED_EDGE('',*,*,#2927,.F.);
#3858=ORIENTED_EDGE('',*,*,#2951,.T.);
#3859=ORIENTED_EDGE('',*,*,#2947,.F.);
#3860=ORIENTED_EDGE('',*,*,#2951,.F.);
#3861=ORIENTED_EDGE('',*,*,#2952,.F.);
#3862=ORIENTED_EDGE('',*,*,#2953,.F.);
#3863=ORIENTED_EDGE('',*,*,#2954,.F.);
#3864=ORIENTED_EDGE('',*,*,#2955,.T.);
#3865=ORIENTED_EDGE('',*,*,#2954,.T.);
#3866=ORIENTED_EDGE('',*,*,#2956,.F.);
#3867=ORIENTED_EDGE('',*,*,#2957,.T.);
#3868=ORIENTED_EDGE('',*,*,#2958,.T.);
#3869=ORIENTED_EDGE('',*,*,#2953,.T.);
#3870=ORIENTED_EDGE('',*,*,#2959,.T.);
#3871=ORIENTED_EDGE('',*,*,#2960,.T.);
#3872=ORIENTED_EDGE('',*,*,#2956,.T.);
#3873=ORIENTED_EDGE('',*,*,#2961,.T.);
#3874=ORIENTED_EDGE('',*,*,#2962,.T.);
#3875=ORIENTED_EDGE('',*,*,#2963,.T.);
#3876=ORIENTED_EDGE('',*,*,#2964,.T.);
#3877=ORIENTED_EDGE('',*,*,#2952,.T.);
#3878=ORIENTED_EDGE('',*,*,#2965,.T.);
#3879=ORIENTED_EDGE('',*,*,#2966,.F.);
#3880=ORIENTED_EDGE('',*,*,#2959,.F.);
#3881=ORIENTED_EDGE('',*,*,#2966,.T.);
#3882=ORIENTED_EDGE('',*,*,#2967,.T.);
#3883=ORIENTED_EDGE('',*,*,#2957,.F.);
#3884=ORIENTED_EDGE('',*,*,#2960,.F.);
#3885=ORIENTED_EDGE('',*,*,#2968,.F.);
#3886=ORIENTED_EDGE('',*,*,#2969,.T.);
#3887=ORIENTED_EDGE('',*,*,#2970,.T.);
#3888=ORIENTED_EDGE('',*,*,#2971,.F.);
#3889=ORIENTED_EDGE('',*,*,#2972,.F.);
#3890=ORIENTED_EDGE('',*,*,#2973,.T.);
#3891=ORIENTED_EDGE('',*,*,#2974,.T.);
#3892=ORIENTED_EDGE('',*,*,#2969,.F.);
#3893=ORIENTED_EDGE('',*,*,#2975,.F.);
#3894=ORIENTED_EDGE('',*,*,#2971,.T.);
#3895=ORIENTED_EDGE('',*,*,#2976,.T.);
#3896=ORIENTED_EDGE('',*,*,#2973,.F.);
#3897=ORIENTED_EDGE('',*,*,#2977,.F.);
#3898=ORIENTED_EDGE('',*,*,#2978,.T.);
#3899=ORIENTED_EDGE('',*,*,#2979,.T.);
#3900=ORIENTED_EDGE('',*,*,#2980,.F.);
#3901=ORIENTED_EDGE('',*,*,#2981,.F.);
#3902=ORIENTED_EDGE('',*,*,#2982,.T.);
#3903=ORIENTED_EDGE('',*,*,#2983,.T.);
#3904=ORIENTED_EDGE('',*,*,#2978,.F.);
#3905=ORIENTED_EDGE('',*,*,#2984,.F.);
#3906=ORIENTED_EDGE('',*,*,#2985,.T.);
#3907=ORIENTED_EDGE('',*,*,#2986,.T.);
#3908=ORIENTED_EDGE('',*,*,#2982,.F.);
#3909=ORIENTED_EDGE('',*,*,#2987,.F.);
#3910=ORIENTED_EDGE('',*,*,#2988,.T.);
#3911=ORIENTED_EDGE('',*,*,#2989,.T.);
#3912=ORIENTED_EDGE('',*,*,#2985,.F.);
#3913=ORIENTED_EDGE('',*,*,#2990,.F.);
#3914=ORIENTED_EDGE('',*,*,#2991,.T.);
#3915=ORIENTED_EDGE('',*,*,#2992,.T.);
#3916=ORIENTED_EDGE('',*,*,#2988,.F.);
#3917=ORIENTED_EDGE('',*,*,#2993,.F.);
#3918=ORIENTED_EDGE('',*,*,#2994,.T.);
#3919=ORIENTED_EDGE('',*,*,#2995,.T.);
#3920=ORIENTED_EDGE('',*,*,#2991,.F.);
#3921=ORIENTED_EDGE('',*,*,#2996,.F.);
#3922=ORIENTED_EDGE('',*,*,#2997,.T.);
#3923=ORIENTED_EDGE('',*,*,#2998,.T.);
#3924=ORIENTED_EDGE('',*,*,#2994,.F.);
#3925=ORIENTED_EDGE('',*,*,#2999,.F.);
#3926=ORIENTED_EDGE('',*,*,#2980,.T.);
#3927=ORIENTED_EDGE('',*,*,#3000,.T.);
#3928=ORIENTED_EDGE('',*,*,#2997,.F.);
#3929=ORIENTED_EDGE('',*,*,#3000,.F.);
#3930=ORIENTED_EDGE('',*,*,#2979,.F.);
#3931=ORIENTED_EDGE('',*,*,#2983,.F.);
#3932=ORIENTED_EDGE('',*,*,#2986,.F.);
#3933=ORIENTED_EDGE('',*,*,#2989,.F.);
#3934=ORIENTED_EDGE('',*,*,#2992,.F.);
#3935=ORIENTED_EDGE('',*,*,#2995,.F.);
#3936=ORIENTED_EDGE('',*,*,#2998,.F.);
#3937=ORIENTED_EDGE('',*,*,#2976,.F.);
#3938=ORIENTED_EDGE('',*,*,#2970,.F.);
#3939=ORIENTED_EDGE('',*,*,#2974,.F.);
#3940=ORIENTED_EDGE('',*,*,#3001,.F.);
#3941=ORIENTED_EDGE('',*,*,#3002,.T.);
#3942=ORIENTED_EDGE('',*,*,#3003,.T.);
#3943=ORIENTED_EDGE('',*,*,#3004,.F.);
#3944=ORIENTED_EDGE('',*,*,#3005,.F.);
#3945=ORIENTED_EDGE('',*,*,#3006,.T.);
#3946=ORIENTED_EDGE('',*,*,#3007,.T.);
#3947=ORIENTED_EDGE('',*,*,#3002,.F.);
#3948=ORIENTED_EDGE('',*,*,#3008,.F.);
#3949=ORIENTED_EDGE('',*,*,#3009,.T.);
#3950=ORIENTED_EDGE('',*,*,#3010,.T.);
#3951=ORIENTED_EDGE('',*,*,#3006,.F.);
#3952=ORIENTED_EDGE('',*,*,#3011,.F.);
#3953=ORIENTED_EDGE('',*,*,#3012,.T.);
#3954=ORIENTED_EDGE('',*,*,#3013,.T.);
#3955=ORIENTED_EDGE('',*,*,#3009,.F.);
#3956=ORIENTED_EDGE('',*,*,#3014,.F.);
#3957=ORIENTED_EDGE('',*,*,#3015,.T.);
#3958=ORIENTED_EDGE('',*,*,#3016,.T.);
#3959=ORIENTED_EDGE('',*,*,#3012,.F.);
#3960=ORIENTED_EDGE('',*,*,#3017,.F.);
#3961=ORIENTED_EDGE('',*,*,#3018,.T.);
#3962=ORIENTED_EDGE('',*,*,#3019,.T.);
#3963=ORIENTED_EDGE('',*,*,#3015,.F.);
#3964=ORIENTED_EDGE('',*,*,#3020,.F.);
#3965=ORIENTED_EDGE('',*,*,#3021,.T.);
#3966=ORIENTED_EDGE('',*,*,#3022,.T.);
#3967=ORIENTED_EDGE('',*,*,#3018,.F.);
#3968=ORIENTED_EDGE('',*,*,#3023,.F.);
#3969=ORIENTED_EDGE('',*,*,#3024,.T.);
#3970=ORIENTED_EDGE('',*,*,#3025,.T.);
#3971=ORIENTED_EDGE('',*,*,#3021,.F.);
#3972=ORIENTED_EDGE('',*,*,#3026,.F.);
#3973=ORIENTED_EDGE('',*,*,#3027,.T.);
#3974=ORIENTED_EDGE('',*,*,#3028,.T.);
#3975=ORIENTED_EDGE('',*,*,#3024,.F.);
#3976=ORIENTED_EDGE('',*,*,#3029,.F.);
#3977=ORIENTED_EDGE('',*,*,#3030,.T.);
#3978=ORIENTED_EDGE('',*,*,#3031,.T.);
#3979=ORIENTED_EDGE('',*,*,#3027,.F.);
#3980=ORIENTED_EDGE('',*,*,#3032,.F.);
#3981=ORIENTED_EDGE('',*,*,#3004,.T.);
#3982=ORIENTED_EDGE('',*,*,#3033,.T.);
#3983=ORIENTED_EDGE('',*,*,#3030,.F.);
#3984=ORIENTED_EDGE('',*,*,#3034,.F.);
#3985=ORIENTED_EDGE('',*,*,#3035,.T.);
#3986=ORIENTED_EDGE('',*,*,#3036,.T.);
#3987=ORIENTED_EDGE('',*,*,#3037,.F.);
#3988=ORIENTED_EDGE('',*,*,#3038,.F.);
#3989=ORIENTED_EDGE('',*,*,#3039,.T.);
#3990=ORIENTED_EDGE('',*,*,#3040,.T.);
#3991=ORIENTED_EDGE('',*,*,#3035,.F.);
#3992=ORIENTED_EDGE('',*,*,#3041,.F.);
#3993=ORIENTED_EDGE('',*,*,#3042,.T.);
#3994=ORIENTED_EDGE('',*,*,#3043,.T.);
#3995=ORIENTED_EDGE('',*,*,#3039,.F.);
#3996=ORIENTED_EDGE('',*,*,#3044,.F.);
#3997=ORIENTED_EDGE('',*,*,#3045,.T.);
#3998=ORIENTED_EDGE('',*,*,#3046,.T.);
#3999=ORIENTED_EDGE('',*,*,#3042,.F.);
#4000=ORIENTED_EDGE('',*,*,#3047,.F.);
#4001=ORIENTED_EDGE('',*,*,#3048,.T.);
#4002=ORIENTED_EDGE('',*,*,#3049,.T.);
#4003=ORIENTED_EDGE('',*,*,#3045,.F.);
#4004=ORIENTED_EDGE('',*,*,#3050,.F.);
#4005=ORIENTED_EDGE('',*,*,#3051,.T.);
#4006=ORIENTED_EDGE('',*,*,#3052,.T.);
#4007=ORIENTED_EDGE('',*,*,#3048,.F.);
#4008=ORIENTED_EDGE('',*,*,#3053,.F.);
#4009=ORIENTED_EDGE('',*,*,#3054,.T.);
#4010=ORIENTED_EDGE('',*,*,#3055,.T.);
#4011=ORIENTED_EDGE('',*,*,#3051,.F.);
#4012=ORIENTED_EDGE('',*,*,#3056,.F.);
#4013=ORIENTED_EDGE('',*,*,#3057,.T.);
#4014=ORIENTED_EDGE('',*,*,#3058,.T.);
#4015=ORIENTED_EDGE('',*,*,#3054,.F.);
#4016=ORIENTED_EDGE('',*,*,#3059,.F.);
#4017=ORIENTED_EDGE('',*,*,#3060,.T.);
#4018=ORIENTED_EDGE('',*,*,#3061,.T.);
#4019=ORIENTED_EDGE('',*,*,#3057,.F.);
#4020=ORIENTED_EDGE('',*,*,#3062,.F.);
#4021=ORIENTED_EDGE('',*,*,#3063,.T.);
#4022=ORIENTED_EDGE('',*,*,#3064,.T.);
#4023=ORIENTED_EDGE('',*,*,#3060,.F.);
#4024=ORIENTED_EDGE('',*,*,#3065,.F.);
#4025=ORIENTED_EDGE('',*,*,#3037,.T.);
#4026=ORIENTED_EDGE('',*,*,#3066,.T.);
#4027=ORIENTED_EDGE('',*,*,#3063,.F.);
#4028=ORIENTED_EDGE('',*,*,#3066,.F.);
#4029=ORIENTED_EDGE('',*,*,#3036,.F.);
#4030=ORIENTED_EDGE('',*,*,#3040,.F.);
#4031=ORIENTED_EDGE('',*,*,#3043,.F.);
#4032=ORIENTED_EDGE('',*,*,#3046,.F.);
#4033=ORIENTED_EDGE('',*,*,#3049,.F.);
#4034=ORIENTED_EDGE('',*,*,#3052,.F.);
#4035=ORIENTED_EDGE('',*,*,#3055,.F.);
#4036=ORIENTED_EDGE('',*,*,#3058,.F.);
#4037=ORIENTED_EDGE('',*,*,#3061,.F.);
#4038=ORIENTED_EDGE('',*,*,#3064,.F.);
#4039=ORIENTED_EDGE('',*,*,#3033,.F.);
#4040=ORIENTED_EDGE('',*,*,#3003,.F.);
#4041=ORIENTED_EDGE('',*,*,#3007,.F.);
#4042=ORIENTED_EDGE('',*,*,#3010,.F.);
#4043=ORIENTED_EDGE('',*,*,#3013,.F.);
#4044=ORIENTED_EDGE('',*,*,#3016,.F.);
#4045=ORIENTED_EDGE('',*,*,#3019,.F.);
#4046=ORIENTED_EDGE('',*,*,#3022,.F.);
#4047=ORIENTED_EDGE('',*,*,#3025,.F.);
#4048=ORIENTED_EDGE('',*,*,#3028,.F.);
#4049=ORIENTED_EDGE('',*,*,#3031,.F.);
#4050=ORIENTED_EDGE('',*,*,#3067,.F.);
#4051=ORIENTED_EDGE('',*,*,#3068,.T.);
#4052=ORIENTED_EDGE('',*,*,#3069,.T.);
#4053=ORIENTED_EDGE('',*,*,#3070,.F.);
#4054=ORIENTED_EDGE('',*,*,#3071,.F.);
#4055=ORIENTED_EDGE('',*,*,#3072,.T.);
#4056=ORIENTED_EDGE('',*,*,#3073,.T.);
#4057=ORIENTED_EDGE('',*,*,#3068,.F.);
#4058=ORIENTED_EDGE('',*,*,#3074,.F.);
#4059=ORIENTED_EDGE('',*,*,#3075,.T.);
#4060=ORIENTED_EDGE('',*,*,#3076,.T.);
#4061=ORIENTED_EDGE('',*,*,#3072,.F.);
#4062=ORIENTED_EDGE('',*,*,#3077,.F.);
#4063=ORIENTED_EDGE('',*,*,#3078,.T.);
#4064=ORIENTED_EDGE('',*,*,#3079,.T.);
#4065=ORIENTED_EDGE('',*,*,#3075,.F.);
#4066=ORIENTED_EDGE('',*,*,#3080,.F.);
#4067=ORIENTED_EDGE('',*,*,#3081,.T.);
#4068=ORIENTED_EDGE('',*,*,#3082,.T.);
#4069=ORIENTED_EDGE('',*,*,#3078,.F.);
#4070=ORIENTED_EDGE('',*,*,#3083,.F.);
#4071=ORIENTED_EDGE('',*,*,#3084,.T.);
#4072=ORIENTED_EDGE('',*,*,#3085,.T.);
#4073=ORIENTED_EDGE('',*,*,#3081,.F.);
#4074=ORIENTED_EDGE('',*,*,#3086,.F.);
#4075=ORIENTED_EDGE('',*,*,#3087,.T.);
#4076=ORIENTED_EDGE('',*,*,#3088,.T.);
#4077=ORIENTED_EDGE('',*,*,#3084,.F.);
#4078=ORIENTED_EDGE('',*,*,#3089,.F.);
#4079=ORIENTED_EDGE('',*,*,#3090,.T.);
#4080=ORIENTED_EDGE('',*,*,#3091,.T.);
#4081=ORIENTED_EDGE('',*,*,#3087,.F.);
#4082=ORIENTED_EDGE('',*,*,#3092,.F.);
#4083=ORIENTED_EDGE('',*,*,#3070,.T.);
#4084=ORIENTED_EDGE('',*,*,#3093,.T.);
#4085=ORIENTED_EDGE('',*,*,#3090,.F.);
#4086=ORIENTED_EDGE('',*,*,#3094,.F.);
#4087=ORIENTED_EDGE('',*,*,#3095,.T.);
#4088=ORIENTED_EDGE('',*,*,#3096,.T.);
#4089=ORIENTED_EDGE('',*,*,#3097,.F.);
#4090=ORIENTED_EDGE('',*,*,#3098,.F.);
#4091=ORIENTED_EDGE('',*,*,#3099,.T.);
#4092=ORIENTED_EDGE('',*,*,#3100,.T.);
#4093=ORIENTED_EDGE('',*,*,#3095,.F.);
#4094=ORIENTED_EDGE('',*,*,#3101,.F.);
#4095=ORIENTED_EDGE('',*,*,#3102,.T.);
#4096=ORIENTED_EDGE('',*,*,#3103,.T.);
#4097=ORIENTED_EDGE('',*,*,#3099,.F.);
#4098=ORIENTED_EDGE('',*,*,#3104,.F.);
#4099=ORIENTED_EDGE('',*,*,#3105,.T.);
#4100=ORIENTED_EDGE('',*,*,#3106,.T.);
#4101=ORIENTED_EDGE('',*,*,#3102,.F.);
#4102=ORIENTED_EDGE('',*,*,#3107,.F.);
#4103=ORIENTED_EDGE('',*,*,#3108,.T.);
#4104=ORIENTED_EDGE('',*,*,#3109,.T.);
#4105=ORIENTED_EDGE('',*,*,#3105,.F.);
#4106=ORIENTED_EDGE('',*,*,#3110,.F.);
#4107=ORIENTED_EDGE('',*,*,#3111,.T.);
#4108=ORIENTED_EDGE('',*,*,#3112,.T.);
#4109=ORIENTED_EDGE('',*,*,#3108,.F.);
#4110=ORIENTED_EDGE('',*,*,#3113,.F.);
#4111=ORIENTED_EDGE('',*,*,#3114,.T.);
#4112=ORIENTED_EDGE('',*,*,#3115,.T.);
#4113=ORIENTED_EDGE('',*,*,#3111,.F.);
#4114=ORIENTED_EDGE('',*,*,#3116,.F.);
#4115=ORIENTED_EDGE('',*,*,#3117,.T.);
#4116=ORIENTED_EDGE('',*,*,#3118,.T.);
#4117=ORIENTED_EDGE('',*,*,#3114,.F.);
#4118=ORIENTED_EDGE('',*,*,#3119,.F.);
#4119=ORIENTED_EDGE('',*,*,#3120,.T.);
#4120=ORIENTED_EDGE('',*,*,#3121,.T.);
#4121=ORIENTED_EDGE('',*,*,#3117,.F.);
#4122=ORIENTED_EDGE('',*,*,#3122,.F.);
#4123=ORIENTED_EDGE('',*,*,#3123,.T.);
#4124=ORIENTED_EDGE('',*,*,#3124,.T.);
#4125=ORIENTED_EDGE('',*,*,#3120,.F.);
#4126=ORIENTED_EDGE('',*,*,#3125,.F.);
#4127=ORIENTED_EDGE('',*,*,#3126,.T.);
#4128=ORIENTED_EDGE('',*,*,#3127,.T.);
#4129=ORIENTED_EDGE('',*,*,#3123,.F.);
#4130=ORIENTED_EDGE('',*,*,#3128,.F.);
#4131=ORIENTED_EDGE('',*,*,#3097,.T.);
#4132=ORIENTED_EDGE('',*,*,#3129,.T.);
#4133=ORIENTED_EDGE('',*,*,#3126,.F.);
#4134=ORIENTED_EDGE('',*,*,#3129,.F.);
#4135=ORIENTED_EDGE('',*,*,#3096,.F.);
#4136=ORIENTED_EDGE('',*,*,#3100,.F.);
#4137=ORIENTED_EDGE('',*,*,#3103,.F.);
#4138=ORIENTED_EDGE('',*,*,#3106,.F.);
#4139=ORIENTED_EDGE('',*,*,#3109,.F.);
#4140=ORIENTED_EDGE('',*,*,#3112,.F.);
#4141=ORIENTED_EDGE('',*,*,#3115,.F.);
#4142=ORIENTED_EDGE('',*,*,#3118,.F.);
#4143=ORIENTED_EDGE('',*,*,#3121,.F.);
#4144=ORIENTED_EDGE('',*,*,#3124,.F.);
#4145=ORIENTED_EDGE('',*,*,#3127,.F.);
#4146=ORIENTED_EDGE('',*,*,#3093,.F.);
#4147=ORIENTED_EDGE('',*,*,#3069,.F.);
#4148=ORIENTED_EDGE('',*,*,#3073,.F.);
#4149=ORIENTED_EDGE('',*,*,#3076,.F.);
#4150=ORIENTED_EDGE('',*,*,#3079,.F.);
#4151=ORIENTED_EDGE('',*,*,#3082,.F.);
#4152=ORIENTED_EDGE('',*,*,#3085,.F.);
#4153=ORIENTED_EDGE('',*,*,#3088,.F.);
#4154=ORIENTED_EDGE('',*,*,#3091,.F.);
#4155=ORIENTED_EDGE('',*,*,#3130,.F.);
#4156=ORIENTED_EDGE('',*,*,#3131,.T.);
#4157=ORIENTED_EDGE('',*,*,#3132,.T.);
#4158=ORIENTED_EDGE('',*,*,#3133,.F.);
#4159=ORIENTED_EDGE('',*,*,#3134,.F.);
#4160=ORIENTED_EDGE('',*,*,#3135,.T.);
#4161=ORIENTED_EDGE('',*,*,#3136,.T.);
#4162=ORIENTED_EDGE('',*,*,#3131,.F.);
#4163=ORIENTED_EDGE('',*,*,#3137,.F.);
#4164=ORIENTED_EDGE('',*,*,#3133,.T.);
#4165=ORIENTED_EDGE('',*,*,#3138,.T.);
#4166=ORIENTED_EDGE('',*,*,#3135,.F.);
#4167=ORIENTED_EDGE('',*,*,#3139,.F.);
#4168=ORIENTED_EDGE('',*,*,#3140,.T.);
#4169=ORIENTED_EDGE('',*,*,#3141,.T.);
#4170=ORIENTED_EDGE('',*,*,#3142,.F.);
#4171=ORIENTED_EDGE('',*,*,#3143,.F.);
#4172=ORIENTED_EDGE('',*,*,#3144,.T.);
#4173=ORIENTED_EDGE('',*,*,#3145,.T.);
#4174=ORIENTED_EDGE('',*,*,#3140,.F.);
#4175=ORIENTED_EDGE('',*,*,#3146,.F.);
#4176=ORIENTED_EDGE('',*,*,#3147,.T.);
#4177=ORIENTED_EDGE('',*,*,#3148,.T.);
#4178=ORIENTED_EDGE('',*,*,#3144,.F.);
#4179=ORIENTED_EDGE('',*,*,#3149,.F.);
#4180=ORIENTED_EDGE('',*,*,#3150,.T.);
#4181=ORIENTED_EDGE('',*,*,#3151,.T.);
#4182=ORIENTED_EDGE('',*,*,#3147,.F.);
#4183=ORIENTED_EDGE('',*,*,#3152,.F.);
#4184=ORIENTED_EDGE('',*,*,#3153,.T.);
#4185=ORIENTED_EDGE('',*,*,#3154,.T.);
#4186=ORIENTED_EDGE('',*,*,#3150,.F.);
#4187=ORIENTED_EDGE('',*,*,#3155,.F.);
#4188=ORIENTED_EDGE('',*,*,#3156,.T.);
#4189=ORIENTED_EDGE('',*,*,#3157,.T.);
#4190=ORIENTED_EDGE('',*,*,#3153,.F.);
#4191=ORIENTED_EDGE('',*,*,#3158,.F.);
#4192=ORIENTED_EDGE('',*,*,#3159,.T.);
#4193=ORIENTED_EDGE('',*,*,#3160,.T.);
#4194=ORIENTED_EDGE('',*,*,#3156,.F.);
#4195=ORIENTED_EDGE('',*,*,#3161,.F.);
#4196=ORIENTED_EDGE('',*,*,#3142,.T.);
#4197=ORIENTED_EDGE('',*,*,#3162,.T.);
#4198=ORIENTED_EDGE('',*,*,#3159,.F.);
#4199=ORIENTED_EDGE('',*,*,#3162,.F.);
#4200=ORIENTED_EDGE('',*,*,#3141,.F.);
#4201=ORIENTED_EDGE('',*,*,#3145,.F.);
#4202=ORIENTED_EDGE('',*,*,#3148,.F.);
#4203=ORIENTED_EDGE('',*,*,#3151,.F.);
#4204=ORIENTED_EDGE('',*,*,#3154,.F.);
#4205=ORIENTED_EDGE('',*,*,#3157,.F.);
#4206=ORIENTED_EDGE('',*,*,#3160,.F.);
#4207=ORIENTED_EDGE('',*,*,#3138,.F.);
#4208=ORIENTED_EDGE('',*,*,#3132,.F.);
#4209=ORIENTED_EDGE('',*,*,#3136,.F.);
#4210=ORIENTED_EDGE('',*,*,#3163,.F.);
#4211=ORIENTED_EDGE('',*,*,#3164,.T.);
#4212=ORIENTED_EDGE('',*,*,#3165,.T.);
#4213=ORIENTED_EDGE('',*,*,#3166,.F.);
#4214=ORIENTED_EDGE('',*,*,#3167,.F.);
#4215=ORIENTED_EDGE('',*,*,#3168,.T.);
#4216=ORIENTED_EDGE('',*,*,#3169,.T.);
#4217=ORIENTED_EDGE('',*,*,#3164,.F.);
#4218=ORIENTED_EDGE('',*,*,#3170,.F.);
#4219=ORIENTED_EDGE('',*,*,#3171,.T.);
#4220=ORIENTED_EDGE('',*,*,#3172,.T.);
#4221=ORIENTED_EDGE('',*,*,#3168,.F.);
#4222=ORIENTED_EDGE('',*,*,#3173,.F.);
#4223=ORIENTED_EDGE('',*,*,#3174,.T.);
#4224=ORIENTED_EDGE('',*,*,#3175,.T.);
#4225=ORIENTED_EDGE('',*,*,#3171,.F.);
#4226=ORIENTED_EDGE('',*,*,#3176,.F.);
#4227=ORIENTED_EDGE('',*,*,#3177,.T.);
#4228=ORIENTED_EDGE('',*,*,#3178,.T.);
#4229=ORIENTED_EDGE('',*,*,#3174,.F.);
#4230=ORIENTED_EDGE('',*,*,#3179,.F.);
#4231=ORIENTED_EDGE('',*,*,#3180,.T.);
#4232=ORIENTED_EDGE('',*,*,#3181,.T.);
#4233=ORIENTED_EDGE('',*,*,#3177,.F.);
#4234=ORIENTED_EDGE('',*,*,#3182,.F.);
#4235=ORIENTED_EDGE('',*,*,#3183,.T.);
#4236=ORIENTED_EDGE('',*,*,#3184,.T.);
#4237=ORIENTED_EDGE('',*,*,#3180,.F.);
#4238=ORIENTED_EDGE('',*,*,#3185,.F.);
#4239=ORIENTED_EDGE('',*,*,#3186,.T.);
#4240=ORIENTED_EDGE('',*,*,#3187,.T.);
#4241=ORIENTED_EDGE('',*,*,#3183,.F.);
#4242=ORIENTED_EDGE('',*,*,#3188,.F.);
#4243=ORIENTED_EDGE('',*,*,#3189,.T.);
#4244=ORIENTED_EDGE('',*,*,#3190,.T.);
#4245=ORIENTED_EDGE('',*,*,#3186,.F.);
#4246=ORIENTED_EDGE('',*,*,#3191,.F.);
#4247=ORIENTED_EDGE('',*,*,#3192,.T.);
#4248=ORIENTED_EDGE('',*,*,#3193,.T.);
#4249=ORIENTED_EDGE('',*,*,#3189,.F.);
#4250=ORIENTED_EDGE('',*,*,#3194,.F.);
#4251=ORIENTED_EDGE('',*,*,#3195,.T.);
#4252=ORIENTED_EDGE('',*,*,#3196,.T.);
#4253=ORIENTED_EDGE('',*,*,#3192,.F.);
#4254=ORIENTED_EDGE('',*,*,#3197,.F.);
#4255=ORIENTED_EDGE('',*,*,#3166,.T.);
#4256=ORIENTED_EDGE('',*,*,#3198,.T.);
#4257=ORIENTED_EDGE('',*,*,#3195,.F.);
#4258=ORIENTED_EDGE('',*,*,#3198,.F.);
#4259=ORIENTED_EDGE('',*,*,#3165,.F.);
#4260=ORIENTED_EDGE('',*,*,#3169,.F.);
#4261=ORIENTED_EDGE('',*,*,#3172,.F.);
#4262=ORIENTED_EDGE('',*,*,#3175,.F.);
#4263=ORIENTED_EDGE('',*,*,#3178,.F.);
#4264=ORIENTED_EDGE('',*,*,#3181,.F.);
#4265=ORIENTED_EDGE('',*,*,#3184,.F.);
#4266=ORIENTED_EDGE('',*,*,#3187,.F.);
#4267=ORIENTED_EDGE('',*,*,#3190,.F.);
#4268=ORIENTED_EDGE('',*,*,#3193,.F.);
#4269=ORIENTED_EDGE('',*,*,#3196,.F.);
#4270=ORIENTED_EDGE('',*,*,#3199,.F.);
#4271=ORIENTED_EDGE('',*,*,#3200,.T.);
#4272=ORIENTED_EDGE('',*,*,#3201,.T.);
#4273=ORIENTED_EDGE('',*,*,#3202,.F.);
#4274=ORIENTED_EDGE('',*,*,#3203,.F.);
#4275=ORIENTED_EDGE('',*,*,#3204,.T.);
#4276=ORIENTED_EDGE('',*,*,#3205,.T.);
#4277=ORIENTED_EDGE('',*,*,#3200,.F.);
#4278=ORIENTED_EDGE('',*,*,#3206,.F.);
#4279=ORIENTED_EDGE('',*,*,#3207,.T.);
#4280=ORIENTED_EDGE('',*,*,#3208,.T.);
#4281=ORIENTED_EDGE('',*,*,#3204,.F.);
#4282=ORIENTED_EDGE('',*,*,#3209,.F.);
#4283=ORIENTED_EDGE('',*,*,#3210,.T.);
#4284=ORIENTED_EDGE('',*,*,#3211,.T.);
#4285=ORIENTED_EDGE('',*,*,#3207,.F.);
#4286=ORIENTED_EDGE('',*,*,#3212,.F.);
#4287=ORIENTED_EDGE('',*,*,#3213,.T.);
#4288=ORIENTED_EDGE('',*,*,#3214,.T.);
#4289=ORIENTED_EDGE('',*,*,#3210,.F.);
#4290=ORIENTED_EDGE('',*,*,#3215,.F.);
#4291=ORIENTED_EDGE('',*,*,#3216,.T.);
#4292=ORIENTED_EDGE('',*,*,#3217,.T.);
#4293=ORIENTED_EDGE('',*,*,#3213,.F.);
#4294=ORIENTED_EDGE('',*,*,#3218,.F.);
#4295=ORIENTED_EDGE('',*,*,#3219,.T.);
#4296=ORIENTED_EDGE('',*,*,#3220,.T.);
#4297=ORIENTED_EDGE('',*,*,#3216,.F.);
#4298=ORIENTED_EDGE('',*,*,#3221,.F.);
#4299=ORIENTED_EDGE('',*,*,#3222,.T.);
#4300=ORIENTED_EDGE('',*,*,#3223,.T.);
#4301=ORIENTED_EDGE('',*,*,#3219,.F.);
#4302=ORIENTED_EDGE('',*,*,#3224,.F.);
#4303=ORIENTED_EDGE('',*,*,#3225,.T.);
#4304=ORIENTED_EDGE('',*,*,#3226,.T.);
#4305=ORIENTED_EDGE('',*,*,#3222,.F.);
#4306=ORIENTED_EDGE('',*,*,#3227,.F.);
#4307=ORIENTED_EDGE('',*,*,#3228,.T.);
#4308=ORIENTED_EDGE('',*,*,#3229,.T.);
#4309=ORIENTED_EDGE('',*,*,#3225,.F.);
#4310=ORIENTED_EDGE('',*,*,#3230,.F.);
#4311=ORIENTED_EDGE('',*,*,#3231,.T.);
#4312=ORIENTED_EDGE('',*,*,#3232,.T.);
#4313=ORIENTED_EDGE('',*,*,#3228,.F.);
#4314=ORIENTED_EDGE('',*,*,#3233,.F.);
#4315=ORIENTED_EDGE('',*,*,#3234,.T.);
#4316=ORIENTED_EDGE('',*,*,#3235,.T.);
#4317=ORIENTED_EDGE('',*,*,#3231,.F.);
#4318=ORIENTED_EDGE('',*,*,#3236,.F.);
#4319=ORIENTED_EDGE('',*,*,#3237,.T.);
#4320=ORIENTED_EDGE('',*,*,#3238,.T.);
#4321=ORIENTED_EDGE('',*,*,#3234,.F.);
#4322=ORIENTED_EDGE('',*,*,#3239,.F.);
#4323=ORIENTED_EDGE('',*,*,#3240,.T.);
#4324=ORIENTED_EDGE('',*,*,#3241,.T.);
#4325=ORIENTED_EDGE('',*,*,#3237,.F.);
#4326=ORIENTED_EDGE('',*,*,#3242,.F.);
#4327=ORIENTED_EDGE('',*,*,#3243,.T.);
#4328=ORIENTED_EDGE('',*,*,#3244,.T.);
#4329=ORIENTED_EDGE('',*,*,#3240,.F.);
#4330=ORIENTED_EDGE('',*,*,#3245,.F.);
#4331=ORIENTED_EDGE('',*,*,#3246,.T.);
#4332=ORIENTED_EDGE('',*,*,#3247,.T.);
#4333=ORIENTED_EDGE('',*,*,#3243,.F.);
#4334=ORIENTED_EDGE('',*,*,#3248,.F.);
#4335=ORIENTED_EDGE('',*,*,#3249,.T.);
#4336=ORIENTED_EDGE('',*,*,#3250,.T.);
#4337=ORIENTED_EDGE('',*,*,#3246,.F.);
#4338=ORIENTED_EDGE('',*,*,#3251,.F.);
#4339=ORIENTED_EDGE('',*,*,#3202,.T.);
#4340=ORIENTED_EDGE('',*,*,#3252,.T.);
#4341=ORIENTED_EDGE('',*,*,#3249,.F.);
#4342=ORIENTED_EDGE('',*,*,#3252,.F.);
#4343=ORIENTED_EDGE('',*,*,#3201,.F.);
#4344=ORIENTED_EDGE('',*,*,#3205,.F.);
#4345=ORIENTED_EDGE('',*,*,#3208,.F.);
#4346=ORIENTED_EDGE('',*,*,#3211,.F.);
#4347=ORIENTED_EDGE('',*,*,#3214,.F.);
#4348=ORIENTED_EDGE('',*,*,#3217,.F.);
#4349=ORIENTED_EDGE('',*,*,#3220,.F.);
#4350=ORIENTED_EDGE('',*,*,#3223,.F.);
#4351=ORIENTED_EDGE('',*,*,#3226,.F.);
#4352=ORIENTED_EDGE('',*,*,#3229,.F.);
#4353=ORIENTED_EDGE('',*,*,#3232,.F.);
#4354=ORIENTED_EDGE('',*,*,#3235,.F.);
#4355=ORIENTED_EDGE('',*,*,#3238,.F.);
#4356=ORIENTED_EDGE('',*,*,#3241,.F.);
#4357=ORIENTED_EDGE('',*,*,#3244,.F.);
#4358=ORIENTED_EDGE('',*,*,#3247,.F.);
#4359=ORIENTED_EDGE('',*,*,#3250,.F.);
#4360=ORIENTED_EDGE('',*,*,#3253,.F.);
#4361=ORIENTED_EDGE('',*,*,#3254,.T.);
#4362=ORIENTED_EDGE('',*,*,#3255,.T.);
#4363=ORIENTED_EDGE('',*,*,#3256,.F.);
#4364=ORIENTED_EDGE('',*,*,#3257,.F.);
#4365=ORIENTED_EDGE('',*,*,#3258,.T.);
#4366=ORIENTED_EDGE('',*,*,#3259,.T.);
#4367=ORIENTED_EDGE('',*,*,#3254,.F.);
#4368=ORIENTED_EDGE('',*,*,#3260,.F.);
#4369=ORIENTED_EDGE('',*,*,#3261,.T.);
#4370=ORIENTED_EDGE('',*,*,#3262,.T.);
#4371=ORIENTED_EDGE('',*,*,#3258,.F.);
#4372=ORIENTED_EDGE('',*,*,#3263,.F.);
#4373=ORIENTED_EDGE('',*,*,#3264,.T.);
#4374=ORIENTED_EDGE('',*,*,#3265,.T.);
#4375=ORIENTED_EDGE('',*,*,#3261,.F.);
#4376=ORIENTED_EDGE('',*,*,#3266,.F.);
#4377=ORIENTED_EDGE('',*,*,#3267,.T.);
#4378=ORIENTED_EDGE('',*,*,#3268,.T.);
#4379=ORIENTED_EDGE('',*,*,#3264,.F.);
#4380=ORIENTED_EDGE('',*,*,#3269,.F.);
#4381=ORIENTED_EDGE('',*,*,#3270,.T.);
#4382=ORIENTED_EDGE('',*,*,#3271,.T.);
#4383=ORIENTED_EDGE('',*,*,#3267,.F.);
#4384=ORIENTED_EDGE('',*,*,#3272,.F.);
#4385=ORIENTED_EDGE('',*,*,#3273,.T.);
#4386=ORIENTED_EDGE('',*,*,#3274,.T.);
#4387=ORIENTED_EDGE('',*,*,#3270,.F.);
#4388=ORIENTED_EDGE('',*,*,#3275,.F.);
#4389=ORIENTED_EDGE('',*,*,#3276,.T.);
#4390=ORIENTED_EDGE('',*,*,#3277,.T.);
#4391=ORIENTED_EDGE('',*,*,#3273,.F.);
#4392=ORIENTED_EDGE('',*,*,#3278,.F.);
#4393=ORIENTED_EDGE('',*,*,#3279,.T.);
#4394=ORIENTED_EDGE('',*,*,#3280,.T.);
#4395=ORIENTED_EDGE('',*,*,#3276,.F.);
#4396=ORIENTED_EDGE('',*,*,#3281,.F.);
#4397=ORIENTED_EDGE('',*,*,#3282,.T.);
#4398=ORIENTED_EDGE('',*,*,#3283,.T.);
#4399=ORIENTED_EDGE('',*,*,#3279,.F.);
#4400=ORIENTED_EDGE('',*,*,#3284,.F.);
#4401=ORIENTED_EDGE('',*,*,#3285,.T.);
#4402=ORIENTED_EDGE('',*,*,#3286,.T.);
#4403=ORIENTED_EDGE('',*,*,#3282,.F.);
#4404=ORIENTED_EDGE('',*,*,#3287,.F.);
#4405=ORIENTED_EDGE('',*,*,#3256,.T.);
#4406=ORIENTED_EDGE('',*,*,#3288,.T.);
#4407=ORIENTED_EDGE('',*,*,#3285,.F.);
#4408=ORIENTED_EDGE('',*,*,#3288,.F.);
#4409=ORIENTED_EDGE('',*,*,#3255,.F.);
#4410=ORIENTED_EDGE('',*,*,#3259,.F.);
#4411=ORIENTED_EDGE('',*,*,#3262,.F.);
#4412=ORIENTED_EDGE('',*,*,#3265,.F.);
#4413=ORIENTED_EDGE('',*,*,#3268,.F.);
#4414=ORIENTED_EDGE('',*,*,#3271,.F.);
#4415=ORIENTED_EDGE('',*,*,#3274,.F.);
#4416=ORIENTED_EDGE('',*,*,#3277,.F.);
#4417=ORIENTED_EDGE('',*,*,#3280,.F.);
#4418=ORIENTED_EDGE('',*,*,#3283,.F.);
#4419=ORIENTED_EDGE('',*,*,#3286,.F.);
#4420=ORIENTED_EDGE('',*,*,#3130,.T.);
#4421=ORIENTED_EDGE('',*,*,#3137,.T.);
#4422=ORIENTED_EDGE('',*,*,#3134,.T.);
#4423=ORIENTED_EDGE('',*,*,#3067,.T.);
#4424=ORIENTED_EDGE('',*,*,#3092,.T.);
#4425=ORIENTED_EDGE('',*,*,#3089,.T.);
#4426=ORIENTED_EDGE('',*,*,#3086,.T.);
#4427=ORIENTED_EDGE('',*,*,#3083,.T.);
#4428=ORIENTED_EDGE('',*,*,#3080,.T.);
#4429=ORIENTED_EDGE('',*,*,#3077,.T.);
#4430=ORIENTED_EDGE('',*,*,#3074,.T.);
#4431=ORIENTED_EDGE('',*,*,#3071,.T.);
#4432=ORIENTED_EDGE('',*,*,#3001,.T.);
#4433=ORIENTED_EDGE('',*,*,#3032,.T.);
#4434=ORIENTED_EDGE('',*,*,#3029,.T.);
#4435=ORIENTED_EDGE('',*,*,#3026,.T.);
#4436=ORIENTED_EDGE('',*,*,#3023,.T.);
#4437=ORIENTED_EDGE('',*,*,#3020,.T.);
#4438=ORIENTED_EDGE('',*,*,#3017,.T.);
#4439=ORIENTED_EDGE('',*,*,#3014,.T.);
#4440=ORIENTED_EDGE('',*,*,#3011,.T.);
#4441=ORIENTED_EDGE('',*,*,#3008,.T.);
#4442=ORIENTED_EDGE('',*,*,#3005,.T.);
#4443=ORIENTED_EDGE('',*,*,#2968,.T.);
#4444=ORIENTED_EDGE('',*,*,#2975,.T.);
#4445=ORIENTED_EDGE('',*,*,#2972,.T.);
#4446=ORIENTED_EDGE('',*,*,#3289,.T.);
#4447=ORIENTED_EDGE('',*,*,#3290,.T.);
#4448=ORIENTED_EDGE('',*,*,#3291,.T.);
#4449=ORIENTED_EDGE('',*,*,#3292,.T.);
#4450=ORIENTED_EDGE('',*,*,#3293,.T.);
#4451=ORIENTED_EDGE('',*,*,#3294,.T.);
#4452=ORIENTED_EDGE('',*,*,#3295,.T.);
#4453=ORIENTED_EDGE('',*,*,#3296,.T.);
#4454=ORIENTED_EDGE('',*,*,#3297,.T.);
#4455=ORIENTED_EDGE('',*,*,#3298,.T.);
#4456=ORIENTED_EDGE('',*,*,#3299,.T.);
#4457=ORIENTED_EDGE('',*,*,#3300,.T.);
#4458=ORIENTED_EDGE('',*,*,#3301,.T.);
#4459=ORIENTED_EDGE('',*,*,#3302,.T.);
#4460=ORIENTED_EDGE('',*,*,#3303,.T.);
#4461=ORIENTED_EDGE('',*,*,#3304,.T.);
#4462=ORIENTED_EDGE('',*,*,#3303,.F.);
#4463=ORIENTED_EDGE('',*,*,#3305,.T.);
#4464=ORIENTED_EDGE('',*,*,#3299,.F.);
#4465=ORIENTED_EDGE('',*,*,#3297,.F.);
#4466=ORIENTED_EDGE('',*,*,#3306,.T.);
#4467=ORIENTED_EDGE('',*,*,#3295,.F.);
#4468=ORIENTED_EDGE('',*,*,#3293,.F.);
#4469=ORIENTED_EDGE('',*,*,#3307,.T.);
#4470=ORIENTED_EDGE('',*,*,#3289,.F.);
#4471=ORIENTED_EDGE('',*,*,#3291,.F.);
#4472=ORIENTED_EDGE('',*,*,#3308,.T.);
#4473=ORIENTED_EDGE('',*,*,#3301,.F.);
#4474=ORIENTED_EDGE('',*,*,#3306,.F.);
#4475=ORIENTED_EDGE('',*,*,#3309,.T.);
#4476=ORIENTED_EDGE('',*,*,#3310,.T.);
#4477=ORIENTED_EDGE('',*,*,#3311,.T.);
#4478=ORIENTED_EDGE('',*,*,#3300,.F.);
#4479=ORIENTED_EDGE('',*,*,#3312,.F.);
#4480=ORIENTED_EDGE('',*,*,#3313,.T.);
#4481=ORIENTED_EDGE('',*,*,#3309,.F.);
#4482=ORIENTED_EDGE('',*,*,#3305,.F.);
#4483=ORIENTED_EDGE('',*,*,#3314,.T.);
#4484=ORIENTED_EDGE('',*,*,#3315,.T.);
#4485=ORIENTED_EDGE('',*,*,#3312,.T.);
#4486=ORIENTED_EDGE('',*,*,#3302,.F.);
#4487=ORIENTED_EDGE('',*,*,#3316,.F.);
#4488=ORIENTED_EDGE('',*,*,#3317,.F.);
#4489=ORIENTED_EDGE('',*,*,#3314,.F.);
#4490=ORIENTED_EDGE('',*,*,#3292,.F.);
#4491=ORIENTED_EDGE('',*,*,#3304,.F.);
#4492=ORIENTED_EDGE('',*,*,#3298,.F.);
#4493=ORIENTED_EDGE('',*,*,#3294,.F.);
#4494=ORIENTED_EDGE('',*,*,#3318,.T.);
#4495=ORIENTED_EDGE('',*,*,#3319,.T.);
#4496=ORIENTED_EDGE('',*,*,#3320,.T.);
#4497=ORIENTED_EDGE('',*,*,#3321,.T.);
#4498=ORIENTED_EDGE('',*,*,#3322,.T.);
#4499=ORIENTED_EDGE('',*,*,#3323,.T.);
#4500=ORIENTED_EDGE('',*,*,#3324,.T.);
#4501=ORIENTED_EDGE('',*,*,#3325,.T.);
#4502=ORIENTED_EDGE('',*,*,#3326,.T.);
#4503=ORIENTED_EDGE('',*,*,#3327,.T.);
#4504=ORIENTED_EDGE('',*,*,#3328,.T.);
#4505=ORIENTED_EDGE('',*,*,#3329,.T.);
#4506=ORIENTED_EDGE('',*,*,#3330,.T.);
#4507=ORIENTED_EDGE('',*,*,#3331,.T.);
#4508=ORIENTED_EDGE('',*,*,#3332,.T.);
#4509=ORIENTED_EDGE('',*,*,#3333,.T.);
#4510=ORIENTED_EDGE('',*,*,#3334,.T.);
#4511=ORIENTED_EDGE('',*,*,#3335,.T.);
#4512=ORIENTED_EDGE('',*,*,#3336,.T.);
#4513=ORIENTED_EDGE('',*,*,#3337,.T.);
#4514=ORIENTED_EDGE('',*,*,#3338,.T.);
#4515=ORIENTED_EDGE('',*,*,#3339,.T.);
#4516=ORIENTED_EDGE('',*,*,#3340,.T.);
#4517=ORIENTED_EDGE('',*,*,#3341,.T.);
#4518=ORIENTED_EDGE('',*,*,#3342,.T.);
#4519=ORIENTED_EDGE('',*,*,#3343,.T.);
#4520=ORIENTED_EDGE('',*,*,#3344,.T.);
#4521=ORIENTED_EDGE('',*,*,#3345,.T.);
#4522=ORIENTED_EDGE('',*,*,#3346,.T.);
#4523=ORIENTED_EDGE('',*,*,#3347,.T.);
#4524=ORIENTED_EDGE('',*,*,#3348,.T.);
#4525=ORIENTED_EDGE('',*,*,#3349,.T.);
#4526=ORIENTED_EDGE('',*,*,#3350,.T.);
#4527=ORIENTED_EDGE('',*,*,#3351,.T.);
#4528=ORIENTED_EDGE('',*,*,#3352,.T.);
#4529=ORIENTED_EDGE('',*,*,#3353,.T.);
#4530=ORIENTED_EDGE('',*,*,#3354,.T.);
#4531=ORIENTED_EDGE('',*,*,#3355,.T.);
#4532=ORIENTED_EDGE('',*,*,#3356,.T.);
#4533=ORIENTED_EDGE('',*,*,#3357,.T.);
#4534=ORIENTED_EDGE('',*,*,#3358,.T.);
#4535=ORIENTED_EDGE('',*,*,#3359,.T.);
#4536=ORIENTED_EDGE('',*,*,#3360,.T.);
#4537=ORIENTED_EDGE('',*,*,#3361,.T.);
#4538=ORIENTED_EDGE('',*,*,#3362,.T.);
#4539=ORIENTED_EDGE('',*,*,#3363,.T.);
#4540=ORIENTED_EDGE('',*,*,#3364,.T.);
#4541=ORIENTED_EDGE('',*,*,#3365,.T.);
#4542=ORIENTED_EDGE('',*,*,#3366,.T.);
#4543=ORIENTED_EDGE('',*,*,#3367,.T.);
#4544=ORIENTED_EDGE('',*,*,#3368,.T.);
#4545=ORIENTED_EDGE('',*,*,#3369,.T.);
#4546=ORIENTED_EDGE('',*,*,#3370,.T.);
#4547=ORIENTED_EDGE('',*,*,#3371,.T.);
#4548=ORIENTED_EDGE('',*,*,#3372,.T.);
#4549=ORIENTED_EDGE('',*,*,#3373,.T.);
#4550=ORIENTED_EDGE('',*,*,#3374,.T.);
#4551=ORIENTED_EDGE('',*,*,#3375,.T.);
#4552=ORIENTED_EDGE('',*,*,#3376,.T.);
#4553=ORIENTED_EDGE('',*,*,#3377,.T.);
#4554=ORIENTED_EDGE('',*,*,#3378,.T.);
#4555=ORIENTED_EDGE('',*,*,#3379,.T.);
#4556=ORIENTED_EDGE('',*,*,#3380,.T.);
#4557=ORIENTED_EDGE('',*,*,#3381,.T.);
#4558=ORIENTED_EDGE('',*,*,#3382,.T.);
#4559=ORIENTED_EDGE('',*,*,#3383,.T.);
#4560=ORIENTED_EDGE('',*,*,#3384,.T.);
#4561=ORIENTED_EDGE('',*,*,#3385,.T.);
#4562=ORIENTED_EDGE('',*,*,#3386,.T.);
#4563=ORIENTED_EDGE('',*,*,#3387,.T.);
#4564=ORIENTED_EDGE('',*,*,#3388,.T.);
#4565=ORIENTED_EDGE('',*,*,#3389,.T.);
#4566=ORIENTED_EDGE('',*,*,#3390,.T.);
#4567=ORIENTED_EDGE('',*,*,#3391,.T.);
#4568=ORIENTED_EDGE('',*,*,#3392,.T.);
#4569=ORIENTED_EDGE('',*,*,#3393,.T.);
#4570=ORIENTED_EDGE('',*,*,#3394,.T.);
#4571=ORIENTED_EDGE('',*,*,#3395,.T.);
#4572=ORIENTED_EDGE('',*,*,#3396,.T.);
#4573=ORIENTED_EDGE('',*,*,#3397,.T.);
#4574=ORIENTED_EDGE('',*,*,#3398,.T.);
#4575=ORIENTED_EDGE('',*,*,#3399,.T.);
#4576=ORIENTED_EDGE('',*,*,#3400,.T.);
#4577=ORIENTED_EDGE('',*,*,#3401,.T.);
#4578=ORIENTED_EDGE('',*,*,#3402,.T.);
#4579=ORIENTED_EDGE('',*,*,#3403,.T.);
#4580=ORIENTED_EDGE('',*,*,#3404,.T.);
#4581=ORIENTED_EDGE('',*,*,#3405,.T.);
#4582=ORIENTED_EDGE('',*,*,#3406,.T.);
#4583=ORIENTED_EDGE('',*,*,#3407,.T.);
#4584=ORIENTED_EDGE('',*,*,#3408,.T.);
#4585=ORIENTED_EDGE('',*,*,#3409,.T.);
#4586=ORIENTED_EDGE('',*,*,#3410,.T.);
#4587=ORIENTED_EDGE('',*,*,#3411,.T.);
#4588=ORIENTED_EDGE('',*,*,#3412,.T.);
#4589=ORIENTED_EDGE('',*,*,#3413,.T.);
#4590=ORIENTED_EDGE('',*,*,#3414,.T.);
#4591=ORIENTED_EDGE('',*,*,#3415,.T.);
#4592=ORIENTED_EDGE('',*,*,#3416,.T.);
#4593=ORIENTED_EDGE('',*,*,#3417,.T.);
#4594=ORIENTED_EDGE('',*,*,#3418,.T.);
#4595=ORIENTED_EDGE('',*,*,#3419,.T.);
#4596=ORIENTED_EDGE('',*,*,#3420,.T.);
#4597=ORIENTED_EDGE('',*,*,#3421,.T.);
#4598=ORIENTED_EDGE('',*,*,#3422,.T.);
#4599=ORIENTED_EDGE('',*,*,#3423,.T.);
#4600=ORIENTED_EDGE('',*,*,#3424,.T.);
#4601=ORIENTED_EDGE('',*,*,#3425,.T.);
#4602=ORIENTED_EDGE('',*,*,#3426,.T.);
#4603=ORIENTED_EDGE('',*,*,#3427,.T.);
#4604=ORIENTED_EDGE('',*,*,#3428,.T.);
#4605=ORIENTED_EDGE('',*,*,#3429,.T.);
#4606=ORIENTED_EDGE('',*,*,#3430,.T.);
#4607=ORIENTED_EDGE('',*,*,#3431,.T.);
#4608=ORIENTED_EDGE('',*,*,#3432,.T.);
#4609=ORIENTED_EDGE('',*,*,#3433,.T.);
#4610=ORIENTED_EDGE('',*,*,#3434,.T.);
#4611=ORIENTED_EDGE('',*,*,#3435,.T.);
#4612=ORIENTED_EDGE('',*,*,#3436,.T.);
#4613=ORIENTED_EDGE('',*,*,#3437,.T.);
#4614=ORIENTED_EDGE('',*,*,#3438,.T.);
#4615=ORIENTED_EDGE('',*,*,#3439,.T.);
#4616=ORIENTED_EDGE('',*,*,#3440,.T.);
#4617=ORIENTED_EDGE('',*,*,#3441,.T.);
#4618=ORIENTED_EDGE('',*,*,#3442,.T.);
#4619=ORIENTED_EDGE('',*,*,#3443,.T.);
#4620=ORIENTED_EDGE('',*,*,#3444,.T.);
#4621=ORIENTED_EDGE('',*,*,#3445,.T.);
#4622=ORIENTED_EDGE('',*,*,#3446,.T.);
#4623=ORIENTED_EDGE('',*,*,#3447,.T.);
#4624=ORIENTED_EDGE('',*,*,#3448,.T.);
#4625=ORIENTED_EDGE('',*,*,#3449,.T.);
#4626=ORIENTED_EDGE('',*,*,#2958,.F.);
#4627=ORIENTED_EDGE('',*,*,#2967,.F.);
#4628=ORIENTED_EDGE('',*,*,#2965,.F.);
#4629=ORIENTED_EDGE('',*,*,#2955,.F.);
#4630=ORIENTED_EDGE('',*,*,#3253,.T.);
#4631=ORIENTED_EDGE('',*,*,#3287,.T.);
#4632=ORIENTED_EDGE('',*,*,#3284,.T.);
#4633=ORIENTED_EDGE('',*,*,#3281,.T.);
#4634=ORIENTED_EDGE('',*,*,#3278,.T.);
#4635=ORIENTED_EDGE('',*,*,#3275,.T.);
#4636=ORIENTED_EDGE('',*,*,#3272,.T.);
#4637=ORIENTED_EDGE('',*,*,#3269,.T.);
#4638=ORIENTED_EDGE('',*,*,#3266,.T.);
#4639=ORIENTED_EDGE('',*,*,#3263,.T.);
#4640=ORIENTED_EDGE('',*,*,#3260,.T.);
#4641=ORIENTED_EDGE('',*,*,#3257,.T.);
#4642=ORIENTED_EDGE('',*,*,#3199,.T.);
#4643=ORIENTED_EDGE('',*,*,#3251,.T.);
#4644=ORIENTED_EDGE('',*,*,#3248,.T.);
#4645=ORIENTED_EDGE('',*,*,#3245,.T.);
#4646=ORIENTED_EDGE('',*,*,#3242,.T.);
#4647=ORIENTED_EDGE('',*,*,#3239,.T.);
#4648=ORIENTED_EDGE('',*,*,#3236,.T.);
#4649=ORIENTED_EDGE('',*,*,#3233,.T.);
#4650=ORIENTED_EDGE('',*,*,#3230,.T.);
#4651=ORIENTED_EDGE('',*,*,#3227,.T.);
#4652=ORIENTED_EDGE('',*,*,#3224,.T.);
#4653=ORIENTED_EDGE('',*,*,#3221,.T.);
#4654=ORIENTED_EDGE('',*,*,#3218,.T.);
#4655=ORIENTED_EDGE('',*,*,#3215,.T.);
#4656=ORIENTED_EDGE('',*,*,#3212,.T.);
#4657=ORIENTED_EDGE('',*,*,#3209,.T.);
#4658=ORIENTED_EDGE('',*,*,#3206,.T.);
#4659=ORIENTED_EDGE('',*,*,#3203,.T.);
#4660=ORIENTED_EDGE('',*,*,#3163,.T.);
#4661=ORIENTED_EDGE('',*,*,#3197,.T.);
#4662=ORIENTED_EDGE('',*,*,#3194,.T.);
#4663=ORIENTED_EDGE('',*,*,#3191,.T.);
#4664=ORIENTED_EDGE('',*,*,#3188,.T.);
#4665=ORIENTED_EDGE('',*,*,#3185,.T.);
#4666=ORIENTED_EDGE('',*,*,#3182,.T.);
#4667=ORIENTED_EDGE('',*,*,#3179,.T.);
#4668=ORIENTED_EDGE('',*,*,#3176,.T.);
#4669=ORIENTED_EDGE('',*,*,#3173,.T.);
#4670=ORIENTED_EDGE('',*,*,#3170,.T.);
#4671=ORIENTED_EDGE('',*,*,#3167,.T.);
#4672=ORIENTED_EDGE('',*,*,#3139,.T.);
#4673=ORIENTED_EDGE('',*,*,#3161,.T.);
#4674=ORIENTED_EDGE('',*,*,#3158,.T.);
#4675=ORIENTED_EDGE('',*,*,#3155,.T.);
#4676=ORIENTED_EDGE('',*,*,#3152,.T.);
#4677=ORIENTED_EDGE('',*,*,#3149,.T.);
#4678=ORIENTED_EDGE('',*,*,#3146,.T.);
#4679=ORIENTED_EDGE('',*,*,#3143,.T.);
#4680=ORIENTED_EDGE('',*,*,#3094,.T.);
#4681=ORIENTED_EDGE('',*,*,#3128,.T.);
#4682=ORIENTED_EDGE('',*,*,#3125,.T.);
#4683=ORIENTED_EDGE('',*,*,#3122,.T.);
#4684=ORIENTED_EDGE('',*,*,#3119,.T.);
#4685=ORIENTED_EDGE('',*,*,#3116,.T.);
#4686=ORIENTED_EDGE('',*,*,#3113,.T.);
#4687=ORIENTED_EDGE('',*,*,#3110,.T.);
#4688=ORIENTED_EDGE('',*,*,#3107,.T.);
#4689=ORIENTED_EDGE('',*,*,#3104,.T.);
#4690=ORIENTED_EDGE('',*,*,#3101,.T.);
#4691=ORIENTED_EDGE('',*,*,#3098,.T.);
#4692=ORIENTED_EDGE('',*,*,#3034,.T.);
#4693=ORIENTED_EDGE('',*,*,#3065,.T.);
#4694=ORIENTED_EDGE('',*,*,#3062,.T.);
#4695=ORIENTED_EDGE('',*,*,#3059,.T.);
#4696=ORIENTED_EDGE('',*,*,#3056,.T.);
#4697=ORIENTED_EDGE('',*,*,#3053,.T.);
#4698=ORIENTED_EDGE('',*,*,#3050,.T.);
#4699=ORIENTED_EDGE('',*,*,#3047,.T.);
#4700=ORIENTED_EDGE('',*,*,#3044,.T.);
#4701=ORIENTED_EDGE('',*,*,#3041,.T.);
#4702=ORIENTED_EDGE('',*,*,#3038,.T.);
#4703=ORIENTED_EDGE('',*,*,#2977,.T.);
#4704=ORIENTED_EDGE('',*,*,#2999,.T.);
#4705=ORIENTED_EDGE('',*,*,#2996,.T.);
#4706=ORIENTED_EDGE('',*,*,#2993,.T.);
#4707=ORIENTED_EDGE('',*,*,#2990,.T.);
#4708=ORIENTED_EDGE('',*,*,#2987,.T.);
#4709=ORIENTED_EDGE('',*,*,#2984,.T.);
#4710=ORIENTED_EDGE('',*,*,#2981,.T.);
#4711=ORIENTED_EDGE('',*,*,#3315,.F.);
#4712=ORIENTED_EDGE('',*,*,#3317,.T.);
#4713=ORIENTED_EDGE('',*,*,#3450,.F.);
#4714=ORIENTED_EDGE('',*,*,#3451,.T.);
#4715=ORIENTED_EDGE('',*,*,#3452,.F.);
#4716=ORIENTED_EDGE('',*,*,#3453,.T.);
#4717=ORIENTED_EDGE('',*,*,#3310,.F.);
#4718=ORIENTED_EDGE('',*,*,#3313,.F.);
#4719=ORIENTED_EDGE('',*,*,#3454,.T.);
#4720=ORIENTED_EDGE('',*,*,#3455,.T.);
#4721=ORIENTED_EDGE('',*,*,#3456,.T.);
#4722=ORIENTED_EDGE('',*,*,#3457,.T.);
#4723=ORIENTED_EDGE('',*,*,#3458,.F.);
#4724=ORIENTED_EDGE('',*,*,#3459,.F.);
#4725=ORIENTED_EDGE('',*,*,#3460,.F.);
#4726=ORIENTED_EDGE('',*,*,#3461,.F.);
#4727=ORIENTED_EDGE('',*,*,#3462,.F.);
#4728=ORIENTED_EDGE('',*,*,#3463,.F.);
#4729=ORIENTED_EDGE('',*,*,#3464,.F.);
#4730=ORIENTED_EDGE('',*,*,#3465,.F.);
#4731=ORIENTED_EDGE('',*,*,#3466,.F.);
#4732=ORIENTED_EDGE('',*,*,#3467,.F.);
#4733=ORIENTED_EDGE('',*,*,#3468,.F.);
#4734=ORIENTED_EDGE('',*,*,#3469,.F.);
#4735=ORIENTED_EDGE('',*,*,#3470,.F.);
#4736=ORIENTED_EDGE('',*,*,#3471,.F.);
#4737=ORIENTED_EDGE('',*,*,#3472,.F.);
#4738=ORIENTED_EDGE('',*,*,#3473,.F.);
#4739=ORIENTED_EDGE('',*,*,#3474,.F.);
#4740=ORIENTED_EDGE('',*,*,#3475,.F.);
#4741=ORIENTED_EDGE('',*,*,#3476,.F.);
#4742=ORIENTED_EDGE('',*,*,#3477,.F.);
#4743=ORIENTED_EDGE('',*,*,#3478,.F.);
#4744=ORIENTED_EDGE('',*,*,#3479,.F.);
#4745=ORIENTED_EDGE('',*,*,#3480,.F.);
#4746=ORIENTED_EDGE('',*,*,#3481,.F.);
#4747=ORIENTED_EDGE('',*,*,#3482,.F.);
#4748=ORIENTED_EDGE('',*,*,#3483,.F.);
#4749=ORIENTED_EDGE('',*,*,#3484,.F.);
#4750=ORIENTED_EDGE('',*,*,#3485,.F.);
#4751=ORIENTED_EDGE('',*,*,#3486,.F.);
#4752=ORIENTED_EDGE('',*,*,#3487,.F.);
#4753=ORIENTED_EDGE('',*,*,#3488,.F.);
#4754=ORIENTED_EDGE('',*,*,#3489,.F.);
#4755=ORIENTED_EDGE('',*,*,#3490,.F.);
#4756=ORIENTED_EDGE('',*,*,#3491,.F.);
#4757=ORIENTED_EDGE('',*,*,#3492,.F.);
#4758=ORIENTED_EDGE('',*,*,#3493,.F.);
#4759=ORIENTED_EDGE('',*,*,#3494,.F.);
#4760=ORIENTED_EDGE('',*,*,#3495,.F.);
#4761=ORIENTED_EDGE('',*,*,#3496,.F.);
#4762=ORIENTED_EDGE('',*,*,#3497,.F.);
#4763=ORIENTED_EDGE('',*,*,#3498,.F.);
#4764=ORIENTED_EDGE('',*,*,#3499,.F.);
#4765=ORIENTED_EDGE('',*,*,#3500,.F.);
#4766=ORIENTED_EDGE('',*,*,#3501,.F.);
#4767=ORIENTED_EDGE('',*,*,#3502,.F.);
#4768=ORIENTED_EDGE('',*,*,#3503,.F.);
#4769=ORIENTED_EDGE('',*,*,#3504,.F.);
#4770=ORIENTED_EDGE('',*,*,#3505,.F.);
#4771=ORIENTED_EDGE('',*,*,#3506,.F.);
#4772=ORIENTED_EDGE('',*,*,#3507,.F.);
#4773=ORIENTED_EDGE('',*,*,#3508,.F.);
#4774=ORIENTED_EDGE('',*,*,#3509,.F.);
#4775=ORIENTED_EDGE('',*,*,#3510,.F.);
#4776=ORIENTED_EDGE('',*,*,#3511,.F.);
#4777=ORIENTED_EDGE('',*,*,#3512,.F.);
#4778=ORIENTED_EDGE('',*,*,#3513,.F.);
#4779=ORIENTED_EDGE('',*,*,#3514,.F.);
#4780=ORIENTED_EDGE('',*,*,#3515,.F.);
#4781=ORIENTED_EDGE('',*,*,#3516,.F.);
#4782=ORIENTED_EDGE('',*,*,#3517,.F.);
#4783=ORIENTED_EDGE('',*,*,#3518,.F.);
#4784=ORIENTED_EDGE('',*,*,#3519,.F.);
#4785=ORIENTED_EDGE('',*,*,#3520,.F.);
#4786=ORIENTED_EDGE('',*,*,#3521,.F.);
#4787=ORIENTED_EDGE('',*,*,#3522,.F.);
#4788=ORIENTED_EDGE('',*,*,#3523,.F.);
#4789=ORIENTED_EDGE('',*,*,#3524,.F.);
#4790=ORIENTED_EDGE('',*,*,#3525,.F.);
#4791=ORIENTED_EDGE('',*,*,#3526,.F.);
#4792=ORIENTED_EDGE('',*,*,#3527,.F.);
#4793=ORIENTED_EDGE('',*,*,#3528,.F.);
#4794=ORIENTED_EDGE('',*,*,#3529,.F.);
#4795=ORIENTED_EDGE('',*,*,#3530,.F.);
#4796=ORIENTED_EDGE('',*,*,#3531,.F.);
#4797=ORIENTED_EDGE('',*,*,#3532,.F.);
#4798=ORIENTED_EDGE('',*,*,#3533,.F.);
#4799=ORIENTED_EDGE('',*,*,#3534,.F.);
#4800=ORIENTED_EDGE('',*,*,#3535,.F.);
#4801=ORIENTED_EDGE('',*,*,#3536,.F.);
#4802=ORIENTED_EDGE('',*,*,#3537,.F.);
#4803=ORIENTED_EDGE('',*,*,#3538,.F.);
#4804=ORIENTED_EDGE('',*,*,#3539,.F.);
#4805=ORIENTED_EDGE('',*,*,#3540,.F.);
#4806=ORIENTED_EDGE('',*,*,#3541,.F.);
#4807=ORIENTED_EDGE('',*,*,#3542,.F.);
#4808=ORIENTED_EDGE('',*,*,#3543,.F.);
#4809=ORIENTED_EDGE('',*,*,#3544,.F.);
#4810=ORIENTED_EDGE('',*,*,#3545,.F.);
#4811=ORIENTED_EDGE('',*,*,#3546,.F.);
#4812=ORIENTED_EDGE('',*,*,#3547,.F.);
#4813=ORIENTED_EDGE('',*,*,#3548,.F.);
#4814=ORIENTED_EDGE('',*,*,#3549,.F.);
#4815=ORIENTED_EDGE('',*,*,#3550,.F.);
#4816=ORIENTED_EDGE('',*,*,#3551,.F.);
#4817=ORIENTED_EDGE('',*,*,#3552,.F.);
#4818=ORIENTED_EDGE('',*,*,#3553,.F.);
#4819=ORIENTED_EDGE('',*,*,#3554,.F.);
#4820=ORIENTED_EDGE('',*,*,#3555,.F.);
#4821=ORIENTED_EDGE('',*,*,#3556,.F.);
#4822=ORIENTED_EDGE('',*,*,#3557,.F.);
#4823=ORIENTED_EDGE('',*,*,#3558,.F.);
#4824=ORIENTED_EDGE('',*,*,#3559,.F.);
#4825=ORIENTED_EDGE('',*,*,#3560,.F.);
#4826=ORIENTED_EDGE('',*,*,#3561,.F.);
#4827=ORIENTED_EDGE('',*,*,#3562,.F.);
#4828=ORIENTED_EDGE('',*,*,#3563,.F.);
#4829=ORIENTED_EDGE('',*,*,#3564,.F.);
#4830=ORIENTED_EDGE('',*,*,#3565,.F.);
#4831=ORIENTED_EDGE('',*,*,#3566,.F.);
#4832=ORIENTED_EDGE('',*,*,#3567,.F.);
#4833=ORIENTED_EDGE('',*,*,#3568,.F.);
#4834=ORIENTED_EDGE('',*,*,#3569,.F.);
#4835=ORIENTED_EDGE('',*,*,#3570,.F.);
#4836=ORIENTED_EDGE('',*,*,#3571,.F.);
#4837=ORIENTED_EDGE('',*,*,#3572,.F.);
#4838=ORIENTED_EDGE('',*,*,#3573,.F.);
#4839=ORIENTED_EDGE('',*,*,#3574,.F.);
#4840=ORIENTED_EDGE('',*,*,#3575,.F.);
#4841=ORIENTED_EDGE('',*,*,#3576,.F.);
#4842=ORIENTED_EDGE('',*,*,#3577,.F.);
#4843=ORIENTED_EDGE('',*,*,#3578,.F.);
#4844=ORIENTED_EDGE('',*,*,#3579,.F.);
#4845=ORIENTED_EDGE('',*,*,#3580,.F.);
#4846=ORIENTED_EDGE('',*,*,#3581,.F.);
#4847=ORIENTED_EDGE('',*,*,#3582,.F.);
#4848=ORIENTED_EDGE('',*,*,#3583,.F.);
#4849=ORIENTED_EDGE('',*,*,#3584,.F.);
#4850=ORIENTED_EDGE('',*,*,#3585,.F.);
#4851=ORIENTED_EDGE('',*,*,#3586,.F.);
#4852=ORIENTED_EDGE('',*,*,#3587,.F.);
#4853=ORIENTED_EDGE('',*,*,#3588,.F.);
#4854=ORIENTED_EDGE('',*,*,#3589,.F.);
#4855=ORIENTED_EDGE('',*,*,#3308,.F.);
#4856=ORIENTED_EDGE('',*,*,#3590,.T.);
#4857=ORIENTED_EDGE('',*,*,#3450,.T.);
#4858=ORIENTED_EDGE('',*,*,#3316,.T.);
#4859=ORIENTED_EDGE('',*,*,#3307,.F.);
#4860=ORIENTED_EDGE('',*,*,#3591,.T.);
#4861=ORIENTED_EDGE('',*,*,#3452,.T.);
#4862=ORIENTED_EDGE('',*,*,#3592,.T.);
#4863=ORIENTED_EDGE('',*,*,#3296,.F.);
#4864=ORIENTED_EDGE('',*,*,#3311,.F.);
#4865=ORIENTED_EDGE('',*,*,#3453,.F.);
#4866=ORIENTED_EDGE('',*,*,#3591,.F.);
#4867=ORIENTED_EDGE('',*,*,#3456,.F.);
#4868=ORIENTED_EDGE('',*,*,#3593,.F.);
#4869=ORIENTED_EDGE('',*,*,#2963,.F.);
#4870=ORIENTED_EDGE('',*,*,#3594,.T.);
#4871=ORIENTED_EDGE('',*,*,#3457,.F.);
#4872=ORIENTED_EDGE('',*,*,#3594,.F.);
#4873=ORIENTED_EDGE('',*,*,#2962,.F.);
#4874=ORIENTED_EDGE('',*,*,#3595,.T.);
#4875=ORIENTED_EDGE('',*,*,#3454,.F.);
#4876=ORIENTED_EDGE('',*,*,#3595,.F.);
#4877=ORIENTED_EDGE('',*,*,#2961,.F.);
#4878=ORIENTED_EDGE('',*,*,#3596,.T.);
#4879=ORIENTED_EDGE('',*,*,#3455,.F.);
#4880=ORIENTED_EDGE('',*,*,#3596,.F.);
#4881=ORIENTED_EDGE('',*,*,#2964,.F.);
#4882=ORIENTED_EDGE('',*,*,#3593,.T.);
#4883=ORIENTED_EDGE('',*,*,#3290,.F.);
#4884=ORIENTED_EDGE('',*,*,#3592,.F.);
#4885=ORIENTED_EDGE('',*,*,#3451,.F.);
#4886=ORIENTED_EDGE('',*,*,#3590,.F.);
#4887=ORIENTED_EDGE('',*,*,#3459,.T.);
#4888=ORIENTED_EDGE('',*,*,#3597,.T.);
#4889=ORIENTED_EDGE('',*,*,#3327,.F.);
#4890=ORIENTED_EDGE('',*,*,#3598,.F.);
#4891=ORIENTED_EDGE('',*,*,#3460,.T.);
#4892=ORIENTED_EDGE('',*,*,#3598,.T.);
#4893=ORIENTED_EDGE('',*,*,#3326,.F.);
#4894=ORIENTED_EDGE('',*,*,#3599,.F.);
#4895=ORIENTED_EDGE('',*,*,#3461,.T.);
#4896=ORIENTED_EDGE('',*,*,#3599,.T.);
#4897=ORIENTED_EDGE('',*,*,#3325,.F.);
#4898=ORIENTED_EDGE('',*,*,#3600,.F.);
#4899=ORIENTED_EDGE('',*,*,#3462,.T.);
#4900=ORIENTED_EDGE('',*,*,#3600,.T.);
#4901=ORIENTED_EDGE('',*,*,#3324,.F.);
#4902=ORIENTED_EDGE('',*,*,#3601,.F.);
#4903=ORIENTED_EDGE('',*,*,#3463,.T.);
#4904=ORIENTED_EDGE('',*,*,#3601,.T.);
#4905=ORIENTED_EDGE('',*,*,#3323,.F.);
#4906=ORIENTED_EDGE('',*,*,#3602,.F.);
#4907=ORIENTED_EDGE('',*,*,#3464,.T.);
#4908=ORIENTED_EDGE('',*,*,#3602,.T.);
#4909=ORIENTED_EDGE('',*,*,#3322,.F.);
#4910=ORIENTED_EDGE('',*,*,#3603,.F.);
#4911=ORIENTED_EDGE('',*,*,#3465,.T.);
#4912=ORIENTED_EDGE('',*,*,#3603,.T.);
#4913=ORIENTED_EDGE('',*,*,#3321,.F.);
#4914=ORIENTED_EDGE('',*,*,#3604,.F.);
#4915=ORIENTED_EDGE('',*,*,#3458,.T.);
#4916=ORIENTED_EDGE('',*,*,#3604,.T.);
#4917=ORIENTED_EDGE('',*,*,#3320,.F.);
#4918=ORIENTED_EDGE('',*,*,#3597,.F.);
#4919=ORIENTED_EDGE('',*,*,#3467,.T.);
#4920=ORIENTED_EDGE('',*,*,#3605,.T.);
#4921=ORIENTED_EDGE('',*,*,#3335,.F.);
#4922=ORIENTED_EDGE('',*,*,#3606,.F.);
#4923=ORIENTED_EDGE('',*,*,#3468,.T.);
#4924=ORIENTED_EDGE('',*,*,#3606,.T.);
#4925=ORIENTED_EDGE('',*,*,#3334,.F.);
#4926=ORIENTED_EDGE('',*,*,#3607,.F.);
#4927=ORIENTED_EDGE('',*,*,#3469,.T.);
#4928=ORIENTED_EDGE('',*,*,#3607,.T.);
#4929=ORIENTED_EDGE('',*,*,#3333,.F.);
#4930=ORIENTED_EDGE('',*,*,#3608,.F.);
#4931=ORIENTED_EDGE('',*,*,#3470,.T.);
#4932=ORIENTED_EDGE('',*,*,#3608,.T.);
#4933=ORIENTED_EDGE('',*,*,#3332,.F.);
#4934=ORIENTED_EDGE('',*,*,#3609,.F.);
#4935=ORIENTED_EDGE('',*,*,#3471,.T.);
#4936=ORIENTED_EDGE('',*,*,#3609,.T.);
#4937=ORIENTED_EDGE('',*,*,#3331,.F.);
#4938=ORIENTED_EDGE('',*,*,#3610,.F.);
#4939=ORIENTED_EDGE('',*,*,#3472,.T.);
#4940=ORIENTED_EDGE('',*,*,#3610,.T.);
#4941=ORIENTED_EDGE('',*,*,#3330,.F.);
#4942=ORIENTED_EDGE('',*,*,#3611,.F.);
#4943=ORIENTED_EDGE('',*,*,#3473,.T.);
#4944=ORIENTED_EDGE('',*,*,#3611,.T.);
#4945=ORIENTED_EDGE('',*,*,#3329,.F.);
#4946=ORIENTED_EDGE('',*,*,#3612,.F.);
#4947=ORIENTED_EDGE('',*,*,#3466,.T.);
#4948=ORIENTED_EDGE('',*,*,#3612,.T.);
#4949=ORIENTED_EDGE('',*,*,#3328,.F.);
#4950=ORIENTED_EDGE('',*,*,#3605,.F.);
#4951=ORIENTED_EDGE('',*,*,#3475,.T.);
#4952=ORIENTED_EDGE('',*,*,#3613,.T.);
#4953=ORIENTED_EDGE('',*,*,#3343,.F.);
#4954=ORIENTED_EDGE('',*,*,#3614,.F.);
#4955=ORIENTED_EDGE('',*,*,#3476,.T.);
#4956=ORIENTED_EDGE('',*,*,#3614,.T.);
#4957=ORIENTED_EDGE('',*,*,#3342,.F.);
#4958=ORIENTED_EDGE('',*,*,#3615,.F.);
#4959=ORIENTED_EDGE('',*,*,#3477,.T.);
#4960=ORIENTED_EDGE('',*,*,#3615,.T.);
#4961=ORIENTED_EDGE('',*,*,#3341,.F.);
#4962=ORIENTED_EDGE('',*,*,#3616,.F.);
#4963=ORIENTED_EDGE('',*,*,#3478,.T.);
#4964=ORIENTED_EDGE('',*,*,#3616,.T.);
#4965=ORIENTED_EDGE('',*,*,#3340,.F.);
#4966=ORIENTED_EDGE('',*,*,#3617,.F.);
#4967=ORIENTED_EDGE('',*,*,#3479,.T.);
#4968=ORIENTED_EDGE('',*,*,#3617,.T.);
#4969=ORIENTED_EDGE('',*,*,#3339,.F.);
#4970=ORIENTED_EDGE('',*,*,#3618,.F.);
#4971=ORIENTED_EDGE('',*,*,#3480,.T.);
#4972=ORIENTED_EDGE('',*,*,#3618,.T.);
#4973=ORIENTED_EDGE('',*,*,#3338,.F.);
#4974=ORIENTED_EDGE('',*,*,#3619,.F.);
#4975=ORIENTED_EDGE('',*,*,#3481,.T.);
#4976=ORIENTED_EDGE('',*,*,#3619,.T.);
#4977=ORIENTED_EDGE('',*,*,#3337,.F.);
#4978=ORIENTED_EDGE('',*,*,#3620,.F.);
#4979=ORIENTED_EDGE('',*,*,#3474,.T.);
#4980=ORIENTED_EDGE('',*,*,#3620,.T.);
#4981=ORIENTED_EDGE('',*,*,#3336,.F.);
#4982=ORIENTED_EDGE('',*,*,#3613,.F.);
#4983=ORIENTED_EDGE('',*,*,#3483,.T.);
#4984=ORIENTED_EDGE('',*,*,#3621,.T.);
#4985=ORIENTED_EDGE('',*,*,#3351,.F.);
#4986=ORIENTED_EDGE('',*,*,#3622,.F.);
#4987=ORIENTED_EDGE('',*,*,#3484,.T.);
#4988=ORIENTED_EDGE('',*,*,#3622,.T.);
#4989=ORIENTED_EDGE('',*,*,#3350,.F.);
#4990=ORIENTED_EDGE('',*,*,#3623,.F.);
#4991=ORIENTED_EDGE('',*,*,#3485,.T.);
#4992=ORIENTED_EDGE('',*,*,#3623,.T.);
#4993=ORIENTED_EDGE('',*,*,#3349,.F.);
#4994=ORIENTED_EDGE('',*,*,#3624,.F.);
#4995=ORIENTED_EDGE('',*,*,#3486,.T.);
#4996=ORIENTED_EDGE('',*,*,#3624,.T.);
#4997=ORIENTED_EDGE('',*,*,#3348,.F.);
#4998=ORIENTED_EDGE('',*,*,#3625,.F.);
#4999=ORIENTED_EDGE('',*,*,#3487,.T.);
#5000=ORIENTED_EDGE('',*,*,#3625,.T.);
#5001=ORIENTED_EDGE('',*,*,#3347,.F.);
#5002=ORIENTED_EDGE('',*,*,#3626,.F.);
#5003=ORIENTED_EDGE('',*,*,#3488,.T.);
#5004=ORIENTED_EDGE('',*,*,#3626,.T.);
#5005=ORIENTED_EDGE('',*,*,#3346,.F.);
#5006=ORIENTED_EDGE('',*,*,#3627,.F.);
#5007=ORIENTED_EDGE('',*,*,#3489,.T.);
#5008=ORIENTED_EDGE('',*,*,#3627,.T.);
#5009=ORIENTED_EDGE('',*,*,#3345,.F.);
#5010=ORIENTED_EDGE('',*,*,#3628,.F.);
#5011=ORIENTED_EDGE('',*,*,#3482,.T.);
#5012=ORIENTED_EDGE('',*,*,#3628,.T.);
#5013=ORIENTED_EDGE('',*,*,#3344,.F.);
#5014=ORIENTED_EDGE('',*,*,#3621,.F.);
#5015=ORIENTED_EDGE('',*,*,#3491,.T.);
#5016=ORIENTED_EDGE('',*,*,#3629,.T.);
#5017=ORIENTED_EDGE('',*,*,#3359,.F.);
#5018=ORIENTED_EDGE('',*,*,#3630,.F.);
#5019=ORIENTED_EDGE('',*,*,#3492,.T.);
#5020=ORIENTED_EDGE('',*,*,#3630,.T.);
#5021=ORIENTED_EDGE('',*,*,#3358,.F.);
#5022=ORIENTED_EDGE('',*,*,#3631,.F.);
#5023=ORIENTED_EDGE('',*,*,#3493,.T.);
#5024=ORIENTED_EDGE('',*,*,#3631,.T.);
#5025=ORIENTED_EDGE('',*,*,#3357,.F.);
#5026=ORIENTED_EDGE('',*,*,#3632,.F.);
#5027=ORIENTED_EDGE('',*,*,#3494,.T.);
#5028=ORIENTED_EDGE('',*,*,#3632,.T.);
#5029=ORIENTED_EDGE('',*,*,#3356,.F.);
#5030=ORIENTED_EDGE('',*,*,#3633,.F.);
#5031=ORIENTED_EDGE('',*,*,#3495,.T.);
#5032=ORIENTED_EDGE('',*,*,#3633,.T.);
#5033=ORIENTED_EDGE('',*,*,#3355,.F.);
#5034=ORIENTED_EDGE('',*,*,#3634,.F.);
#5035=ORIENTED_EDGE('',*,*,#3496,.T.);
#5036=ORIENTED_EDGE('',*,*,#3634,.T.);
#5037=ORIENTED_EDGE('',*,*,#3354,.F.);
#5038=ORIENTED_EDGE('',*,*,#3635,.F.);
#5039=ORIENTED_EDGE('',*,*,#3497,.T.);
#5040=ORIENTED_EDGE('',*,*,#3635,.T.);
#5041=ORIENTED_EDGE('',*,*,#3353,.F.);
#5042=ORIENTED_EDGE('',*,*,#3636,.F.);
#5043=ORIENTED_EDGE('',*,*,#3490,.T.);
#5044=ORIENTED_EDGE('',*,*,#3636,.T.);
#5045=ORIENTED_EDGE('',*,*,#3352,.F.);
#5046=ORIENTED_EDGE('',*,*,#3629,.F.);
#5047=ORIENTED_EDGE('',*,*,#3499,.T.);
#5048=ORIENTED_EDGE('',*,*,#3637,.T.);
#5049=ORIENTED_EDGE('',*,*,#3367,.F.);
#5050=ORIENTED_EDGE('',*,*,#3638,.F.);
#5051=ORIENTED_EDGE('',*,*,#3500,.T.);
#5052=ORIENTED_EDGE('',*,*,#3638,.T.);
#5053=ORIENTED_EDGE('',*,*,#3366,.F.);
#5054=ORIENTED_EDGE('',*,*,#3639,.F.);
#5055=ORIENTED_EDGE('',*,*,#3501,.T.);
#5056=ORIENTED_EDGE('',*,*,#3639,.T.);
#5057=ORIENTED_EDGE('',*,*,#3365,.F.);
#5058=ORIENTED_EDGE('',*,*,#3640,.F.);
#5059=ORIENTED_EDGE('',*,*,#3502,.T.);
#5060=ORIENTED_EDGE('',*,*,#3640,.T.);
#5061=ORIENTED_EDGE('',*,*,#3364,.F.);
#5062=ORIENTED_EDGE('',*,*,#3641,.F.);
#5063=ORIENTED_EDGE('',*,*,#3503,.T.);
#5064=ORIENTED_EDGE('',*,*,#3641,.T.);
#5065=ORIENTED_EDGE('',*,*,#3363,.F.);
#5066=ORIENTED_EDGE('',*,*,#3642,.F.);
#5067=ORIENTED_EDGE('',*,*,#3504,.T.);
#5068=ORIENTED_EDGE('',*,*,#3642,.T.);
#5069=ORIENTED_EDGE('',*,*,#3362,.F.);
#5070=ORIENTED_EDGE('',*,*,#3643,.F.);
#5071=ORIENTED_EDGE('',*,*,#3505,.T.);
#5072=ORIENTED_EDGE('',*,*,#3643,.T.);
#5073=ORIENTED_EDGE('',*,*,#3361,.F.);
#5074=ORIENTED_EDGE('',*,*,#3644,.F.);
#5075=ORIENTED_EDGE('',*,*,#3498,.T.);
#5076=ORIENTED_EDGE('',*,*,#3644,.T.);
#5077=ORIENTED_EDGE('',*,*,#3360,.F.);
#5078=ORIENTED_EDGE('',*,*,#3637,.F.);
#5079=ORIENTED_EDGE('',*,*,#3507,.T.);
#5080=ORIENTED_EDGE('',*,*,#3645,.T.);
#5081=ORIENTED_EDGE('',*,*,#3375,.F.);
#5082=ORIENTED_EDGE('',*,*,#3646,.F.);
#5083=ORIENTED_EDGE('',*,*,#3508,.T.);
#5084=ORIENTED_EDGE('',*,*,#3646,.T.);
#5085=ORIENTED_EDGE('',*,*,#3374,.F.);
#5086=ORIENTED_EDGE('',*,*,#3647,.F.);
#5087=ORIENTED_EDGE('',*,*,#3509,.T.);
#5088=ORIENTED_EDGE('',*,*,#3647,.T.);
#5089=ORIENTED_EDGE('',*,*,#3373,.F.);
#5090=ORIENTED_EDGE('',*,*,#3648,.F.);
#5091=ORIENTED_EDGE('',*,*,#3510,.T.);
#5092=ORIENTED_EDGE('',*,*,#3648,.T.);
#5093=ORIENTED_EDGE('',*,*,#3372,.F.);
#5094=ORIENTED_EDGE('',*,*,#3649,.F.);
#5095=ORIENTED_EDGE('',*,*,#3511,.T.);
#5096=ORIENTED_EDGE('',*,*,#3649,.T.);
#5097=ORIENTED_EDGE('',*,*,#3371,.F.);
#5098=ORIENTED_EDGE('',*,*,#3650,.F.);
#5099=ORIENTED_EDGE('',*,*,#3512,.T.);
#5100=ORIENTED_EDGE('',*,*,#3650,.T.);
#5101=ORIENTED_EDGE('',*,*,#3370,.F.);
#5102=ORIENTED_EDGE('',*,*,#3651,.F.);
#5103=ORIENTED_EDGE('',*,*,#3513,.T.);
#5104=ORIENTED_EDGE('',*,*,#3651,.T.);
#5105=ORIENTED_EDGE('',*,*,#3369,.F.);
#5106=ORIENTED_EDGE('',*,*,#3652,.F.);
#5107=ORIENTED_EDGE('',*,*,#3506,.T.);
#5108=ORIENTED_EDGE('',*,*,#3652,.T.);
#5109=ORIENTED_EDGE('',*,*,#3368,.F.);
#5110=ORIENTED_EDGE('',*,*,#3645,.F.);
#5111=ORIENTED_EDGE('',*,*,#3515,.T.);
#5112=ORIENTED_EDGE('',*,*,#3653,.T.);
#5113=ORIENTED_EDGE('',*,*,#3383,.F.);
#5114=ORIENTED_EDGE('',*,*,#3654,.F.);
#5115=ORIENTED_EDGE('',*,*,#3516,.T.);
#5116=ORIENTED_EDGE('',*,*,#3654,.T.);
#5117=ORIENTED_EDGE('',*,*,#3382,.F.);
#5118=ORIENTED_EDGE('',*,*,#3655,.F.);
#5119=ORIENTED_EDGE('',*,*,#3517,.T.);
#5120=ORIENTED_EDGE('',*,*,#3655,.T.);
#5121=ORIENTED_EDGE('',*,*,#3381,.F.);
#5122=ORIENTED_EDGE('',*,*,#3656,.F.);
#5123=ORIENTED_EDGE('',*,*,#3518,.T.);
#5124=ORIENTED_EDGE('',*,*,#3656,.T.);
#5125=ORIENTED_EDGE('',*,*,#3380,.F.);
#5126=ORIENTED_EDGE('',*,*,#3657,.F.);
#5127=ORIENTED_EDGE('',*,*,#3519,.T.);
#5128=ORIENTED_EDGE('',*,*,#3657,.T.);
#5129=ORIENTED_EDGE('',*,*,#3379,.F.);
#5130=ORIENTED_EDGE('',*,*,#3658,.F.);
#5131=ORIENTED_EDGE('',*,*,#3520,.T.);
#5132=ORIENTED_EDGE('',*,*,#3658,.T.);
#5133=ORIENTED_EDGE('',*,*,#3378,.F.);
#5134=ORIENTED_EDGE('',*,*,#3659,.F.);
#5135=ORIENTED_EDGE('',*,*,#3521,.T.);
#5136=ORIENTED_EDGE('',*,*,#3659,.T.);
#5137=ORIENTED_EDGE('',*,*,#3377,.F.);
#5138=ORIENTED_EDGE('',*,*,#3660,.F.);
#5139=ORIENTED_EDGE('',*,*,#3514,.T.);
#5140=ORIENTED_EDGE('',*,*,#3660,.T.);
#5141=ORIENTED_EDGE('',*,*,#3376,.F.);
#5142=ORIENTED_EDGE('',*,*,#3653,.F.);
#5143=ORIENTED_EDGE('',*,*,#3523,.T.);
#5144=ORIENTED_EDGE('',*,*,#3661,.T.);
#5145=ORIENTED_EDGE('',*,*,#3391,.F.);
#5146=ORIENTED_EDGE('',*,*,#3662,.F.);
#5147=ORIENTED_EDGE('',*,*,#3524,.T.);
#5148=ORIENTED_EDGE('',*,*,#3662,.T.);
#5149=ORIENTED_EDGE('',*,*,#3390,.F.);
#5150=ORIENTED_EDGE('',*,*,#3663,.F.);
#5151=ORIENTED_EDGE('',*,*,#3525,.T.);
#5152=ORIENTED_EDGE('',*,*,#3663,.T.);
#5153=ORIENTED_EDGE('',*,*,#3389,.F.);
#5154=ORIENTED_EDGE('',*,*,#3664,.F.);
#5155=ORIENTED_EDGE('',*,*,#3526,.T.);
#5156=ORIENTED_EDGE('',*,*,#3664,.T.);
#5157=ORIENTED_EDGE('',*,*,#3388,.F.);
#5158=ORIENTED_EDGE('',*,*,#3665,.F.);
#5159=ORIENTED_EDGE('',*,*,#3527,.T.);
#5160=ORIENTED_EDGE('',*,*,#3665,.T.);
#5161=ORIENTED_EDGE('',*,*,#3387,.F.);
#5162=ORIENTED_EDGE('',*,*,#3666,.F.);
#5163=ORIENTED_EDGE('',*,*,#3528,.T.);
#5164=ORIENTED_EDGE('',*,*,#3666,.T.);
#5165=ORIENTED_EDGE('',*,*,#3386,.F.);
#5166=ORIENTED_EDGE('',*,*,#3667,.F.);
#5167=ORIENTED_EDGE('',*,*,#3529,.T.);
#5168=ORIENTED_EDGE('',*,*,#3667,.T.);
#5169=ORIENTED_EDGE('',*,*,#3385,.F.);
#5170=ORIENTED_EDGE('',*,*,#3668,.F.);
#5171=ORIENTED_EDGE('',*,*,#3522,.T.);
#5172=ORIENTED_EDGE('',*,*,#3668,.T.);
#5173=ORIENTED_EDGE('',*,*,#3384,.F.);
#5174=ORIENTED_EDGE('',*,*,#3661,.F.);
#5175=ORIENTED_EDGE('',*,*,#3531,.T.);
#5176=ORIENTED_EDGE('',*,*,#3669,.T.);
#5177=ORIENTED_EDGE('',*,*,#3399,.F.);
#5178=ORIENTED_EDGE('',*,*,#3670,.F.);
#5179=ORIENTED_EDGE('',*,*,#3532,.T.);
#5180=ORIENTED_EDGE('',*,*,#3670,.T.);
#5181=ORIENTED_EDGE('',*,*,#3398,.F.);
#5182=ORIENTED_EDGE('',*,*,#3671,.F.);
#5183=ORIENTED_EDGE('',*,*,#3533,.T.);
#5184=ORIENTED_EDGE('',*,*,#3671,.T.);
#5185=ORIENTED_EDGE('',*,*,#3397,.F.);
#5186=ORIENTED_EDGE('',*,*,#3672,.F.);
#5187=ORIENTED_EDGE('',*,*,#3534,.T.);
#5188=ORIENTED_EDGE('',*,*,#3672,.T.);
#5189=ORIENTED_EDGE('',*,*,#3396,.F.);
#5190=ORIENTED_EDGE('',*,*,#3673,.F.);
#5191=ORIENTED_EDGE('',*,*,#3535,.T.);
#5192=ORIENTED_EDGE('',*,*,#3673,.T.);
#5193=ORIENTED_EDGE('',*,*,#3395,.F.);
#5194=ORIENTED_EDGE('',*,*,#3674,.F.);
#5195=ORIENTED_EDGE('',*,*,#3536,.T.);
#5196=ORIENTED_EDGE('',*,*,#3674,.T.);
#5197=ORIENTED_EDGE('',*,*,#3394,.F.);
#5198=ORIENTED_EDGE('',*,*,#3675,.F.);
#5199=ORIENTED_EDGE('',*,*,#3537,.T.);
#5200=ORIENTED_EDGE('',*,*,#3675,.T.);
#5201=ORIENTED_EDGE('',*,*,#3393,.F.);
#5202=ORIENTED_EDGE('',*,*,#3676,.F.);
#5203=ORIENTED_EDGE('',*,*,#3530,.T.);
#5204=ORIENTED_EDGE('',*,*,#3676,.T.);
#5205=ORIENTED_EDGE('',*,*,#3392,.F.);
#5206=ORIENTED_EDGE('',*,*,#3669,.F.);
#5207=ORIENTED_EDGE('',*,*,#3539,.T.);
#5208=ORIENTED_EDGE('',*,*,#3677,.T.);
#5209=ORIENTED_EDGE('',*,*,#3407,.F.);
#5210=ORIENTED_EDGE('',*,*,#3678,.F.);
#5211=ORIENTED_EDGE('',*,*,#3540,.T.);
#5212=ORIENTED_EDGE('',*,*,#3678,.T.);
#5213=ORIENTED_EDGE('',*,*,#3406,.F.);
#5214=ORIENTED_EDGE('',*,*,#3679,.F.);
#5215=ORIENTED_EDGE('',*,*,#3541,.T.);
#5216=ORIENTED_EDGE('',*,*,#3679,.T.);
#5217=ORIENTED_EDGE('',*,*,#3405,.F.);
#5218=ORIENTED_EDGE('',*,*,#3680,.F.);
#5219=ORIENTED_EDGE('',*,*,#3542,.T.);
#5220=ORIENTED_EDGE('',*,*,#3680,.T.);
#5221=ORIENTED_EDGE('',*,*,#3404,.F.);
#5222=ORIENTED_EDGE('',*,*,#3681,.F.);
#5223=ORIENTED_EDGE('',*,*,#3543,.T.);
#5224=ORIENTED_EDGE('',*,*,#3681,.T.);
#5225=ORIENTED_EDGE('',*,*,#3403,.F.);
#5226=ORIENTED_EDGE('',*,*,#3682,.F.);
#5227=ORIENTED_EDGE('',*,*,#3544,.T.);
#5228=ORIENTED_EDGE('',*,*,#3682,.T.);
#5229=ORIENTED_EDGE('',*,*,#3402,.F.);
#5230=ORIENTED_EDGE('',*,*,#3683,.F.);
#5231=ORIENTED_EDGE('',*,*,#3545,.T.);
#5232=ORIENTED_EDGE('',*,*,#3683,.T.);
#5233=ORIENTED_EDGE('',*,*,#3401,.F.);
#5234=ORIENTED_EDGE('',*,*,#3684,.F.);
#5235=ORIENTED_EDGE('',*,*,#3538,.T.);
#5236=ORIENTED_EDGE('',*,*,#3684,.T.);
#5237=ORIENTED_EDGE('',*,*,#3400,.F.);
#5238=ORIENTED_EDGE('',*,*,#3677,.F.);
#5239=ORIENTED_EDGE('',*,*,#3547,.T.);
#5240=ORIENTED_EDGE('',*,*,#3685,.T.);
#5241=ORIENTED_EDGE('',*,*,#3415,.F.);
#5242=ORIENTED_EDGE('',*,*,#3686,.F.);
#5243=ORIENTED_EDGE('',*,*,#3548,.T.);
#5244=ORIENTED_EDGE('',*,*,#3686,.T.);
#5245=ORIENTED_EDGE('',*,*,#3414,.F.);
#5246=ORIENTED_EDGE('',*,*,#3687,.F.);
#5247=ORIENTED_EDGE('',*,*,#3549,.T.);
#5248=ORIENTED_EDGE('',*,*,#3687,.T.);
#5249=ORIENTED_EDGE('',*,*,#3413,.F.);
#5250=ORIENTED_EDGE('',*,*,#3688,.F.);
#5251=ORIENTED_EDGE('',*,*,#3550,.T.);
#5252=ORIENTED_EDGE('',*,*,#3688,.T.);
#5253=ORIENTED_EDGE('',*,*,#3412,.F.);
#5254=ORIENTED_EDGE('',*,*,#3689,.F.);
#5255=ORIENTED_EDGE('',*,*,#3551,.T.);
#5256=ORIENTED_EDGE('',*,*,#3689,.T.);
#5257=ORIENTED_EDGE('',*,*,#3411,.F.);
#5258=ORIENTED_EDGE('',*,*,#3690,.F.);
#5259=ORIENTED_EDGE('',*,*,#3552,.T.);
#5260=ORIENTED_EDGE('',*,*,#3690,.T.);
#5261=ORIENTED_EDGE('',*,*,#3410,.F.);
#5262=ORIENTED_EDGE('',*,*,#3691,.F.);
#5263=ORIENTED_EDGE('',*,*,#3553,.T.);
#5264=ORIENTED_EDGE('',*,*,#3691,.T.);
#5265=ORIENTED_EDGE('',*,*,#3409,.F.);
#5266=ORIENTED_EDGE('',*,*,#3692,.F.);
#5267=ORIENTED_EDGE('',*,*,#3546,.T.);
#5268=ORIENTED_EDGE('',*,*,#3692,.T.);
#5269=ORIENTED_EDGE('',*,*,#3408,.F.);
#5270=ORIENTED_EDGE('',*,*,#3685,.F.);
#5271=ORIENTED_EDGE('',*,*,#3555,.T.);
#5272=ORIENTED_EDGE('',*,*,#3693,.T.);
#5273=ORIENTED_EDGE('',*,*,#3423,.F.);
#5274=ORIENTED_EDGE('',*,*,#3694,.F.);
#5275=ORIENTED_EDGE('',*,*,#3556,.T.);
#5276=ORIENTED_EDGE('',*,*,#3694,.T.);
#5277=ORIENTED_EDGE('',*,*,#3422,.F.);
#5278=ORIENTED_EDGE('',*,*,#3695,.F.);
#5279=ORIENTED_EDGE('',*,*,#3557,.T.);
#5280=ORIENTED_EDGE('',*,*,#3695,.T.);
#5281=ORIENTED_EDGE('',*,*,#3421,.F.);
#5282=ORIENTED_EDGE('',*,*,#3696,.F.);
#5283=ORIENTED_EDGE('',*,*,#3558,.T.);
#5284=ORIENTED_EDGE('',*,*,#3696,.T.);
#5285=ORIENTED_EDGE('',*,*,#3420,.F.);
#5286=ORIENTED_EDGE('',*,*,#3697,.F.);
#5287=ORIENTED_EDGE('',*,*,#3559,.T.);
#5288=ORIENTED_EDGE('',*,*,#3697,.T.);
#5289=ORIENTED_EDGE('',*,*,#3419,.F.);
#5290=ORIENTED_EDGE('',*,*,#3698,.F.);
#5291=ORIENTED_EDGE('',*,*,#3560,.T.);
#5292=ORIENTED_EDGE('',*,*,#3698,.T.);
#5293=ORIENTED_EDGE('',*,*,#3418,.F.);
#5294=ORIENTED_EDGE('',*,*,#3699,.F.);
#5295=ORIENTED_EDGE('',*,*,#3561,.T.);
#5296=ORIENTED_EDGE('',*,*,#3699,.T.);
#5297=ORIENTED_EDGE('',*,*,#3417,.F.);
#5298=ORIENTED_EDGE('',*,*,#3700,.F.);
#5299=ORIENTED_EDGE('',*,*,#3554,.T.);
#5300=ORIENTED_EDGE('',*,*,#3700,.T.);
#5301=ORIENTED_EDGE('',*,*,#3416,.F.);
#5302=ORIENTED_EDGE('',*,*,#3693,.F.);
#5303=ORIENTED_EDGE('',*,*,#3563,.T.);
#5304=ORIENTED_EDGE('',*,*,#3701,.T.);
#5305=ORIENTED_EDGE('',*,*,#3431,.F.);
#5306=ORIENTED_EDGE('',*,*,#3702,.F.);
#5307=ORIENTED_EDGE('',*,*,#3564,.T.);
#5308=ORIENTED_EDGE('',*,*,#3702,.T.);
#5309=ORIENTED_EDGE('',*,*,#3430,.F.);
#5310=ORIENTED_EDGE('',*,*,#3703,.F.);
#5311=ORIENTED_EDGE('',*,*,#3565,.T.);
#5312=ORIENTED_EDGE('',*,*,#3703,.T.);
#5313=ORIENTED_EDGE('',*,*,#3429,.F.);
#5314=ORIENTED_EDGE('',*,*,#3704,.F.);
#5315=ORIENTED_EDGE('',*,*,#3566,.T.);
#5316=ORIENTED_EDGE('',*,*,#3704,.T.);
#5317=ORIENTED_EDGE('',*,*,#3428,.F.);
#5318=ORIENTED_EDGE('',*,*,#3705,.F.);
#5319=ORIENTED_EDGE('',*,*,#3567,.T.);
#5320=ORIENTED_EDGE('',*,*,#3705,.T.);
#5321=ORIENTED_EDGE('',*,*,#3427,.F.);
#5322=ORIENTED_EDGE('',*,*,#3706,.F.);
#5323=ORIENTED_EDGE('',*,*,#3568,.T.);
#5324=ORIENTED_EDGE('',*,*,#3706,.T.);
#5325=ORIENTED_EDGE('',*,*,#3426,.F.);
#5326=ORIENTED_EDGE('',*,*,#3707,.F.);
#5327=ORIENTED_EDGE('',*,*,#3569,.T.);
#5328=ORIENTED_EDGE('',*,*,#3707,.T.);
#5329=ORIENTED_EDGE('',*,*,#3425,.F.);
#5330=ORIENTED_EDGE('',*,*,#3708,.F.);
#5331=ORIENTED_EDGE('',*,*,#3562,.T.);
#5332=ORIENTED_EDGE('',*,*,#3708,.T.);
#5333=ORIENTED_EDGE('',*,*,#3424,.F.);
#5334=ORIENTED_EDGE('',*,*,#3701,.F.);
#5335=ORIENTED_EDGE('',*,*,#3571,.T.);
#5336=ORIENTED_EDGE('',*,*,#3709,.T.);
#5337=ORIENTED_EDGE('',*,*,#3439,.F.);
#5338=ORIENTED_EDGE('',*,*,#3710,.F.);
#5339=ORIENTED_EDGE('',*,*,#3572,.T.);
#5340=ORIENTED_EDGE('',*,*,#3710,.T.);
#5341=ORIENTED_EDGE('',*,*,#3438,.F.);
#5342=ORIENTED_EDGE('',*,*,#3711,.F.);
#5343=ORIENTED_EDGE('',*,*,#3573,.T.);
#5344=ORIENTED_EDGE('',*,*,#3711,.T.);
#5345=ORIENTED_EDGE('',*,*,#3437,.F.);
#5346=ORIENTED_EDGE('',*,*,#3712,.F.);
#5347=ORIENTED_EDGE('',*,*,#3574,.T.);
#5348=ORIENTED_EDGE('',*,*,#3712,.T.);
#5349=ORIENTED_EDGE('',*,*,#3436,.F.);
#5350=ORIENTED_EDGE('',*,*,#3713,.F.);
#5351=ORIENTED_EDGE('',*,*,#3575,.T.);
#5352=ORIENTED_EDGE('',*,*,#3713,.T.);
#5353=ORIENTED_EDGE('',*,*,#3435,.F.);
#5354=ORIENTED_EDGE('',*,*,#3714,.F.);
#5355=ORIENTED_EDGE('',*,*,#3576,.T.);
#5356=ORIENTED_EDGE('',*,*,#3714,.T.);
#5357=ORIENTED_EDGE('',*,*,#3434,.F.);
#5358=ORIENTED_EDGE('',*,*,#3715,.F.);
#5359=ORIENTED_EDGE('',*,*,#3577,.T.);
#5360=ORIENTED_EDGE('',*,*,#3715,.T.);
#5361=ORIENTED_EDGE('',*,*,#3433,.F.);
#5362=ORIENTED_EDGE('',*,*,#3716,.F.);
#5363=ORIENTED_EDGE('',*,*,#3570,.T.);
#5364=ORIENTED_EDGE('',*,*,#3716,.T.);
#5365=ORIENTED_EDGE('',*,*,#3432,.F.);
#5366=ORIENTED_EDGE('',*,*,#3709,.F.);
#5367=ORIENTED_EDGE('',*,*,#3579,.T.);
#5368=ORIENTED_EDGE('',*,*,#3717,.T.);
#5369=ORIENTED_EDGE('',*,*,#3447,.F.);
#5370=ORIENTED_EDGE('',*,*,#3718,.F.);
#5371=ORIENTED_EDGE('',*,*,#3580,.T.);
#5372=ORIENTED_EDGE('',*,*,#3718,.T.);
#5373=ORIENTED_EDGE('',*,*,#3446,.F.);
#5374=ORIENTED_EDGE('',*,*,#3719,.F.);
#5375=ORIENTED_EDGE('',*,*,#3581,.T.);
#5376=ORIENTED_EDGE('',*,*,#3719,.T.);
#5377=ORIENTED_EDGE('',*,*,#3445,.F.);
#5378=ORIENTED_EDGE('',*,*,#3720,.F.);
#5379=ORIENTED_EDGE('',*,*,#3582,.T.);
#5380=ORIENTED_EDGE('',*,*,#3720,.T.);
#5381=ORIENTED_EDGE('',*,*,#3444,.F.);
#5382=ORIENTED_EDGE('',*,*,#3721,.F.);
#5383=ORIENTED_EDGE('',*,*,#3583,.T.);
#5384=ORIENTED_EDGE('',*,*,#3721,.T.);
#5385=ORIENTED_EDGE('',*,*,#3443,.F.);
#5386=ORIENTED_EDGE('',*,*,#3722,.F.);
#5387=ORIENTED_EDGE('',*,*,#3584,.T.);
#5388=ORIENTED_EDGE('',*,*,#3722,.T.);
#5389=ORIENTED_EDGE('',*,*,#3442,.F.);
#5390=ORIENTED_EDGE('',*,*,#3723,.F.);
#5391=ORIENTED_EDGE('',*,*,#3585,.T.);
#5392=ORIENTED_EDGE('',*,*,#3723,.T.);
#5393=ORIENTED_EDGE('',*,*,#3441,.F.);
#5394=ORIENTED_EDGE('',*,*,#3724,.F.);
#5395=ORIENTED_EDGE('',*,*,#3578,.T.);
#5396=ORIENTED_EDGE('',*,*,#3724,.T.);
#5397=ORIENTED_EDGE('',*,*,#3440,.F.);
#5398=ORIENTED_EDGE('',*,*,#3717,.F.);
#5399=ORIENTED_EDGE('',*,*,#3589,.T.);
#5400=ORIENTED_EDGE('',*,*,#3725,.T.);
#5401=ORIENTED_EDGE('',*,*,#3318,.F.);
#5402=ORIENTED_EDGE('',*,*,#3725,.F.);
#5403=ORIENTED_EDGE('',*,*,#3588,.T.);
#5404=ORIENTED_EDGE('',*,*,#3726,.T.);
#5405=ORIENTED_EDGE('',*,*,#3319,.F.);
#5406=ORIENTED_EDGE('',*,*,#3726,.F.);
#5407=ORIENTED_EDGE('',*,*,#3587,.T.);
#5408=ORIENTED_EDGE('',*,*,#3727,.T.);
#5409=ORIENTED_EDGE('',*,*,#3448,.F.);
#5410=ORIENTED_EDGE('',*,*,#3727,.F.);
#5411=ORIENTED_EDGE('',*,*,#3586,.T.);
#5412=ORIENTED_EDGE('',*,*,#3728,.T.);
#5413=ORIENTED_EDGE('',*,*,#3449,.F.);
#5414=ORIENTED_EDGE('',*,*,#3728,.F.);
#5415=ORIENTED_EDGE('',*,*,#3729,.T.);
#5416=ORIENTED_EDGE('',*,*,#3730,.T.);
#5417=ORIENTED_EDGE('',*,*,#3731,.F.);
#5418=ORIENTED_EDGE('',*,*,#3732,.F.);
#5419=ORIENTED_EDGE('',*,*,#3733,.T.);
#5420=ORIENTED_EDGE('',*,*,#3732,.T.);
#5421=ORIENTED_EDGE('',*,*,#3734,.F.);
#5422=ORIENTED_EDGE('',*,*,#3735,.F.);
#5423=ORIENTED_EDGE('',*,*,#3736,.T.);
#5424=ORIENTED_EDGE('',*,*,#3735,.T.);
#5425=ORIENTED_EDGE('',*,*,#3737,.F.);
#5426=ORIENTED_EDGE('',*,*,#3738,.F.);
#5427=ORIENTED_EDGE('',*,*,#3739,.T.);
#5428=ORIENTED_EDGE('',*,*,#3738,.T.);
#5429=ORIENTED_EDGE('',*,*,#3740,.F.);
#5430=ORIENTED_EDGE('',*,*,#3730,.F.);
#5431=ORIENTED_EDGE('',*,*,#3740,.T.);
#5432=ORIENTED_EDGE('',*,*,#3737,.T.);
#5433=ORIENTED_EDGE('',*,*,#3734,.T.);
#5434=ORIENTED_EDGE('',*,*,#3731,.T.);
#5435=ORIENTED_EDGE('',*,*,#3739,.F.);
#5436=ORIENTED_EDGE('',*,*,#3729,.F.);
#5437=ORIENTED_EDGE('',*,*,#3733,.F.);
#5438=ORIENTED_EDGE('',*,*,#3736,.F.);
#5439=PLANE('',#5932);
#5440=PLANE('',#5933);
#5441=PLANE('',#5934);
#5442=PLANE('',#5935);
#5443=PLANE('',#5936);
#5444=PLANE('',#5937);
#5445=PLANE('',#5938);
#5446=PLANE('',#5939);
#5447=PLANE('',#5943);
#5448=PLANE('',#5951);
#5449=PLANE('',#5956);
#5450=PLANE('',#5959);
#5451=PLANE('',#5960);
#5452=PLANE('',#5961);
#5453=PLANE('',#5970);
#5454=PLANE('',#5971);
#5455=PLANE('',#5972);
#5456=PLANE('',#5973);
#5457=PLANE('',#5974);
#5458=PLANE('',#5975);
#5459=PLANE('',#5976);
#5460=PLANE('',#5977);
#5461=PLANE('',#5978);
#5462=PLANE('',#5979);
#5463=PLANE('',#5980);
#5464=PLANE('',#5981);
#5465=PLANE('',#5982);
#5466=PLANE('',#5983);
#5467=PLANE('',#5984);
#5468=PLANE('',#5985);
#5469=PLANE('',#5986);
#5470=PLANE('',#5987);
#5471=PLANE('',#5988);
#5472=PLANE('',#5989);
#5473=PLANE('',#5990);
#5474=PLANE('',#5991);
#5475=PLANE('',#5992);
#5476=PLANE('',#5993);
#5477=PLANE('',#5994);
#5478=PLANE('',#5995);
#5479=PLANE('',#5996);
#5480=PLANE('',#5997);
#5481=PLANE('',#5998);
#5482=PLANE('',#5999);
#5483=PLANE('',#6000);
#5484=PLANE('',#6001);
#5485=PLANE('',#6002);
#5486=PLANE('',#6003);
#5487=PLANE('',#6004);
#5488=PLANE('',#6005);
#5489=PLANE('',#6006);
#5490=PLANE('',#6007);
#5491=PLANE('',#6008);
#5492=PLANE('',#6009);
#5493=PLANE('',#6010);
#5494=PLANE('',#6011);
#5495=PLANE('',#6012);
#5496=PLANE('',#6013);
#5497=PLANE('',#6014);
#5498=PLANE('',#6015);
#5499=PLANE('',#6016);
#5500=PLANE('',#6017);
#5501=PLANE('',#6018);
#5502=PLANE('',#6019);
#5503=PLANE('',#6020);
#5504=PLANE('',#6021);
#5505=PLANE('',#6022);
#5506=PLANE('',#6023);
#5507=PLANE('',#6024);
#5508=PLANE('',#6025);
#5509=PLANE('',#6026);
#5510=PLANE('',#6027);
#5511=PLANE('',#6028);
#5512=PLANE('',#6029);
#5513=PLANE('',#6030);
#5514=PLANE('',#6031);
#5515=PLANE('',#6032);
#5516=PLANE('',#6033);
#5517=PLANE('',#6034);
#5518=PLANE('',#6035);
#5519=PLANE('',#6036);
#5520=PLANE('',#6037);
#5521=PLANE('',#6038);
#5522=PLANE('',#6039);
#5523=PLANE('',#6040);
#5524=PLANE('',#6041);
#5525=PLANE('',#6042);
#5526=PLANE('',#6043);
#5527=PLANE('',#6044);
#5528=PLANE('',#6045);
#5529=PLANE('',#6046);
#5530=PLANE('',#6047);
#5531=PLANE('',#6070);
#5532=PLANE('',#6073);
#5533=PLANE('',#6074);
#5534=PLANE('',#6143);
#5535=PLANE('',#6216);
#5536=PLANE('',#6217);
#5537=PLANE('',#6218);
#5538=PLANE('',#6219);
#5539=PLANE('',#6220);
#5540=PLANE('',#6221);
#5541=PLANE('',#6222);
#5542=PLANE('',#6224);
#5543=PLANE('',#6226);
#5544=PLANE('',#6228);
#5545=PLANE('',#6230);
#5546=PLANE('',#6232);
#5547=PLANE('',#6234);
#5548=PLANE('',#6236);
#5549=PLANE('',#6238);
#5550=PLANE('',#6240);
#5551=PLANE('',#6242);
#5552=PLANE('',#6244);
#5553=PLANE('',#6246);
#5554=PLANE('',#6248);
#5555=PLANE('',#6250);
#5556=PLANE('',#6252);
#5557=PLANE('',#6254);
#5558=PLANE('',#6256);
#5559=PLANE('',#6258);
#5560=PLANE('',#6260);
#5561=PLANE('',#6262);
#5562=PLANE('',#6264);
#5563=PLANE('',#6266);
#5564=PLANE('',#6268);
#5565=PLANE('',#6270);
#5566=PLANE('',#6272);
#5567=PLANE('',#6274);
#5568=PLANE('',#6276);
#5569=PLANE('',#6278);
#5570=PLANE('',#6280);
#5571=PLANE('',#6282);
#5572=PLANE('',#6284);
#5573=PLANE('',#6286);
#5574=PLANE('',#6288);
#5575=PLANE('',#6290);
#5576=PLANE('',#6292);
#5577=PLANE('',#6294);
#5578=PLANE('',#6296);
#5579=PLANE('',#6298);
#5580=PLANE('',#6300);
#5581=PLANE('',#6302);
#5582=PLANE('',#6304);
#5583=PLANE('',#6306);
#5584=PLANE('',#6308);
#5585=PLANE('',#6310);
#5586=PLANE('',#6312);
#5587=PLANE('',#6314);
#5588=PLANE('',#6316);
#5589=PLANE('',#6318);
#5590=PLANE('',#6320);
#5591=PLANE('',#6322);
#5592=PLANE('',#6324);
#5593=PLANE('',#6326);
#5594=PLANE('',#6328);
#5595=PLANE('',#6330);
#5596=PLANE('',#6332);
#5597=PLANE('',#6334);
#5598=PLANE('',#6336);
#5599=PLANE('',#6338);
#5600=PLANE('',#6340);
#5601=PLANE('',#6342);
#5602=PLANE('',#6344);
#5603=PLANE('',#6346);
#5604=PLANE('',#6348);
#5605=PLANE('',#6354);
#5606=PLANE('',#6355);
#5607=PLANE('',#6356);
#5608=PLANE('',#6357);
#5609=PLANE('',#6358);
#5610=PLANE('',#6359);
#5611=ADVANCED_FACE('',(#474),#5439,.T.);
#5612=ADVANCED_FACE('',(#475),#5440,.T.);
#5613=ADVANCED_FACE('',(#476),#5441,.F.);
#5614=ADVANCED_FACE('',(#477),#5442,.T.);
#5615=ADVANCED_FACE('',(#478),#5443,.F.);
#5616=ADVANCED_FACE('',(#479),#5444,.T.);
#5617=ADVANCED_FACE('',(#480),#5445,.T.);
#5618=ADVANCED_FACE('',(#481),#5446,.T.);
#5619=ADVANCED_FACE('',(#482),#390,.T.);
#5620=ADVANCED_FACE('',(#483,#158,#159,#160,#161),#5447,.F.);
#5621=ADVANCED_FACE('',(#484),#5448,.T.);
#5622=ADVANCED_FACE('',(#485),#391,.T.);
#5623=ADVANCED_FACE('',(#486),#392,.T.);
#5624=ADVANCED_FACE('',(#487,#162),#5449,.T.);
#5625=ADVANCED_FACE('',(#488),#393,.T.);
#5626=ADVANCED_FACE('',(#489),#5450,.T.);
#5627=ADVANCED_FACE('',(#490),#5451,.T.);
#5628=ADVANCED_FACE('',(#491,#163,#164,#165,#166,#167),#5452,.T.);
#5629=ADVANCED_FACE('',(#492),#394,.F.);
#5630=ADVANCED_FACE('',(#493),#395,.F.);
#5631=ADVANCED_FACE('',(#494),#396,.F.);
#5632=ADVANCED_FACE('',(#495),#397,.F.);
#5633=ADVANCED_FACE('',(#496),#5453,.T.);
#5634=ADVANCED_FACE('',(#497),#5454,.T.);
#5635=ADVANCED_FACE('',(#498,#168),#5455,.F.);
#5636=ADVANCED_FACE('',(#499),#5456,.T.);
#5637=ADVANCED_FACE('',(#500),#5457,.T.);
#5638=ADVANCED_FACE('',(#501),#5458,.F.);
#5639=ADVANCED_FACE('',(#502),#5459,.F.);
#5640=ADVANCED_FACE('',(#503),#5460,.F.);
#5641=ADVANCED_FACE('',(#504),#5461,.F.);
#5642=ADVANCED_FACE('',(#505),#5462,.F.);
#5643=ADVANCED_FACE('',(#506),#5463,.F.);
#5644=ADVANCED_FACE('',(#507),#5464,.F.);
#5645=ADVANCED_FACE('',(#508),#5465,.F.);
#5646=ADVANCED_FACE('',(#509),#5466,.F.);
#5647=ADVANCED_FACE('',(#510),#5467,.F.);
#5648=ADVANCED_FACE('',(#511),#5468,.F.);
#5649=ADVANCED_FACE('',(#512,#169),#5469,.F.);
#5650=ADVANCED_FACE('',(#513),#107,.F.);
#5651=ADVANCED_FACE('',(#514),#108,.F.);
#5652=ADVANCED_FACE('',(#515),#109,.F.);
#5653=ADVANCED_FACE('',(#516),#110,.F.);
#5654=ADVANCED_FACE('',(#517),#111,.F.);
#5655=ADVANCED_FACE('',(#518),#112,.F.);
#5656=ADVANCED_FACE('',(#519),#113,.F.);
#5657=ADVANCED_FACE('',(#520),#114,.F.);
#5658=ADVANCED_FACE('',(#521),#5470,.F.);
#5659=ADVANCED_FACE('',(#522),#5471,.F.);
#5660=ADVANCED_FACE('',(#523),#5472,.F.);
#5661=ADVANCED_FACE('',(#524),#5473,.F.);
#5662=ADVANCED_FACE('',(#525),#115,.F.);
#5663=ADVANCED_FACE('',(#526),#116,.F.);
#5664=ADVANCED_FACE('',(#527),#117,.F.);
#5665=ADVANCED_FACE('',(#528),#118,.F.);
#5666=ADVANCED_FACE('',(#529),#119,.F.);
#5667=ADVANCED_FACE('',(#530),#120,.F.);
#5668=ADVANCED_FACE('',(#531),#121,.F.);
#5669=ADVANCED_FACE('',(#532),#122,.F.);
#5670=ADVANCED_FACE('',(#533),#5474,.F.);
#5671=ADVANCED_FACE('',(#534),#5475,.F.);
#5672=ADVANCED_FACE('',(#535,#170),#5476,.T.);
#5673=ADVANCED_FACE('',(#536),#123,.F.);
#5674=ADVANCED_FACE('',(#537),#124,.F.);
#5675=ADVANCED_FACE('',(#538),#125,.F.);
#5676=ADVANCED_FACE('',(#539),#126,.F.);
#5677=ADVANCED_FACE('',(#540),#127,.F.);
#5678=ADVANCED_FACE('',(#541),#128,.F.);
#5679=ADVANCED_FACE('',(#542),#5477,.F.);
#5680=ADVANCED_FACE('',(#543),#5478,.F.);
#5681=ADVANCED_FACE('',(#544),#5479,.F.);
#5682=ADVANCED_FACE('',(#545),#5480,.F.);
#5683=ADVANCED_FACE('',(#546),#5481,.F.);
#5684=ADVANCED_FACE('',(#547),#129,.F.);
#5685=ADVANCED_FACE('',(#548),#130,.F.);
#5686=ADVANCED_FACE('',(#549),#131,.F.);
#5687=ADVANCED_FACE('',(#550),#132,.F.);
#5688=ADVANCED_FACE('',(#551),#133,.F.);
#5689=ADVANCED_FACE('',(#552),#134,.F.);
#5690=ADVANCED_FACE('',(#553),#135,.F.);
#5691=ADVANCED_FACE('',(#554),#5482,.F.);
#5692=ADVANCED_FACE('',(#555),#5483,.F.);
#5693=ADVANCED_FACE('',(#556),#5484,.F.);
#5694=ADVANCED_FACE('',(#557,#171),#5485,.T.);
#5695=ADVANCED_FACE('',(#558),#5486,.F.);
#5696=ADVANCED_FACE('',(#559),#5487,.F.);
#5697=ADVANCED_FACE('',(#560),#5488,.F.);
#5698=ADVANCED_FACE('',(#561),#5489,.F.);
#5699=ADVANCED_FACE('',(#562),#5490,.F.);
#5700=ADVANCED_FACE('',(#563),#5491,.F.);
#5701=ADVANCED_FACE('',(#564),#5492,.F.);
#5702=ADVANCED_FACE('',(#565),#5493,.F.);
#5703=ADVANCED_FACE('',(#566),#5494,.F.);
#5704=ADVANCED_FACE('',(#567),#5495,.F.);
#5705=ADVANCED_FACE('',(#568),#5496,.F.);
#5706=ADVANCED_FACE('',(#569,#172),#5497,.F.);
#5707=ADVANCED_FACE('',(#570),#5498,.F.);
#5708=ADVANCED_FACE('',(#571),#5499,.F.);
#5709=ADVANCED_FACE('',(#572),#5500,.F.);
#5710=ADVANCED_FACE('',(#573),#5501,.F.);
#5711=ADVANCED_FACE('',(#574),#5502,.F.);
#5712=ADVANCED_FACE('',(#575),#5503,.F.);
#5713=ADVANCED_FACE('',(#576),#5504,.F.);
#5714=ADVANCED_FACE('',(#577),#5505,.F.);
#5715=ADVANCED_FACE('',(#578),#5506,.F.);
#5716=ADVANCED_FACE('',(#579),#5507,.F.);
#5717=ADVANCED_FACE('',(#580),#5508,.F.);
#5718=ADVANCED_FACE('',(#581),#5509,.F.);
#5719=ADVANCED_FACE('',(#582),#5510,.F.);
#5720=ADVANCED_FACE('',(#583),#136,.F.);
#5721=ADVANCED_FACE('',(#584),#137,.F.);
#5722=ADVANCED_FACE('',(#585),#138,.F.);
#5723=ADVANCED_FACE('',(#586),#139,.F.);
#5724=ADVANCED_FACE('',(#587),#140,.F.);
#5725=ADVANCED_FACE('',(#588),#141,.F.);
#5726=ADVANCED_FACE('',(#589),#142,.F.);
#5727=ADVANCED_FACE('',(#590),#5511,.F.);
#5728=ADVANCED_FACE('',(#591),#143,.F.);
#5729=ADVANCED_FACE('',(#592),#144,.F.);
#5730=ADVANCED_FACE('',(#593),#145,.F.);
#5731=ADVANCED_FACE('',(#594),#146,.F.);
#5732=ADVANCED_FACE('',(#595),#147,.F.);
#5733=ADVANCED_FACE('',(#596),#148,.F.);
#5734=ADVANCED_FACE('',(#597),#149,.F.);
#5735=ADVANCED_FACE('',(#598),#150,.F.);
#5736=ADVANCED_FACE('',(#599),#5512,.F.);
#5737=ADVANCED_FACE('',(#600),#151,.F.);
#5738=ADVANCED_FACE('',(#601),#5513,.T.);
#5739=ADVANCED_FACE('',(#602),#5514,.F.);
#5740=ADVANCED_FACE('',(#603),#5515,.F.);
#5741=ADVANCED_FACE('',(#604),#5516,.F.);
#5742=ADVANCED_FACE('',(#605),#5517,.F.);
#5743=ADVANCED_FACE('',(#606),#5518,.F.);
#5744=ADVANCED_FACE('',(#607),#5519,.F.);
#5745=ADVANCED_FACE('',(#608),#5520,.F.);
#5746=ADVANCED_FACE('',(#609),#5521,.F.);
#5747=ADVANCED_FACE('',(#610),#5522,.F.);
#5748=ADVANCED_FACE('',(#611),#5523,.F.);
#5749=ADVANCED_FACE('',(#612),#5524,.F.);
#5750=ADVANCED_FACE('',(#613),#5525,.F.);
#5751=ADVANCED_FACE('',(#614),#5526,.F.);
#5752=ADVANCED_FACE('',(#615),#5527,.T.);
#5753=ADVANCED_FACE('',(#616),#5528,.T.);
#5754=ADVANCED_FACE('',(#617),#5529,.T.);
#5755=ADVANCED_FACE('',(#618),#5530,.T.);
#5756=ADVANCED_FACE('',(#619),#398,.T.);
#5757=ADVANCED_FACE('',(#620),#399,.T.);
#5758=ADVANCED_FACE('',(#621),#400,.T.);
#5759=ADVANCED_FACE('',(#622),#401,.T.);
#5760=ADVANCED_FACE('',(#623),#13,.T.);
#5761=ADVANCED_FACE('',(#624),#14,.T.);
#5762=ADVANCED_FACE('',(#625),#15,.T.);
#5763=ADVANCED_FACE('',(#626),#16,.T.);
#5764=ADVANCED_FACE('',(#627),#402,.T.);
#5765=ADVANCED_FACE('',(#628),#5531,.T.);
#5766=ADVANCED_FACE('',(#629),#403,.T.);
#5767=ADVANCED_FACE('',(#630),#5532,.T.);
#5768=ADVANCED_FACE('',(#631,#173,#174,#175,#176,#177,#178,#179,#180,#181,
#182,#183,#184,#185,#186,#187,#188,#189,#190,#191,#192,#193,#194,#195,#196,
#197,#198,#199,#200),#5533,.T.);
#5769=ADVANCED_FACE('',(#632,#201,#202,#203,#204,#205,#206,#207,#208,#209,
#210,#211,#212,#213,#214,#215,#216,#217,#218,#219,#220,#221),#5534,.F.);
#5770=ADVANCED_FACE('',(#633),#404,.T.);
#5771=ADVANCED_FACE('',(#634),#405,.T.);
#5772=ADVANCED_FACE('',(#635),#5535,.T.);
#5773=ADVANCED_FACE('',(#636),#5536,.F.);
#5774=ADVANCED_FACE('',(#637),#5537,.F.);
#5775=ADVANCED_FACE('',(#638),#5538,.F.);
#5776=ADVANCED_FACE('',(#639),#5539,.F.);
#5777=ADVANCED_FACE('',(#640),#5540,.T.);
#5778=ADVANCED_FACE('',(#641),#5541,.T.);
#5779=ADVANCED_FACE('',(#642),#406,.F.);
#5780=ADVANCED_FACE('',(#643),#5542,.T.);
#5781=ADVANCED_FACE('',(#644),#407,.F.);
#5782=ADVANCED_FACE('',(#645),#5543,.T.);
#5783=ADVANCED_FACE('',(#646),#408,.F.);
#5784=ADVANCED_FACE('',(#647),#5544,.T.);
#5785=ADVANCED_FACE('',(#648),#409,.F.);
#5786=ADVANCED_FACE('',(#649),#5545,.T.);
#5787=ADVANCED_FACE('',(#650),#410,.F.);
#5788=ADVANCED_FACE('',(#651),#5546,.T.);
#5789=ADVANCED_FACE('',(#652),#411,.F.);
#5790=ADVANCED_FACE('',(#653),#5547,.T.);
#5791=ADVANCED_FACE('',(#654),#412,.F.);
#5792=ADVANCED_FACE('',(#655),#5548,.T.);
#5793=ADVANCED_FACE('',(#656),#413,.F.);
#5794=ADVANCED_FACE('',(#657),#5549,.T.);
#5795=ADVANCED_FACE('',(#658),#414,.F.);
#5796=ADVANCED_FACE('',(#659),#5550,.T.);
#5797=ADVANCED_FACE('',(#660),#415,.F.);
#5798=ADVANCED_FACE('',(#661),#5551,.T.);
#5799=ADVANCED_FACE('',(#662),#416,.F.);
#5800=ADVANCED_FACE('',(#663),#5552,.T.);
#5801=ADVANCED_FACE('',(#664),#417,.F.);
#5802=ADVANCED_FACE('',(#665),#5553,.T.);
#5803=ADVANCED_FACE('',(#666),#418,.F.);
#5804=ADVANCED_FACE('',(#667),#5554,.T.);
#5805=ADVANCED_FACE('',(#668),#419,.F.);
#5806=ADVANCED_FACE('',(#669),#5555,.T.);
#5807=ADVANCED_FACE('',(#670),#420,.F.);
#5808=ADVANCED_FACE('',(#671),#5556,.T.);
#5809=ADVANCED_FACE('',(#672),#421,.F.);
#5810=ADVANCED_FACE('',(#673),#5557,.T.);
#5811=ADVANCED_FACE('',(#674),#422,.F.);
#5812=ADVANCED_FACE('',(#675),#5558,.T.);
#5813=ADVANCED_FACE('',(#676),#423,.F.);
#5814=ADVANCED_FACE('',(#677),#5559,.T.);
#5815=ADVANCED_FACE('',(#678),#424,.F.);
#5816=ADVANCED_FACE('',(#679),#5560,.T.);
#5817=ADVANCED_FACE('',(#680),#425,.F.);
#5818=ADVANCED_FACE('',(#681),#5561,.T.);
#5819=ADVANCED_FACE('',(#682),#426,.F.);
#5820=ADVANCED_FACE('',(#683),#5562,.T.);
#5821=ADVANCED_FACE('',(#684),#427,.F.);
#5822=ADVANCED_FACE('',(#685),#5563,.T.);
#5823=ADVANCED_FACE('',(#686),#428,.F.);
#5824=ADVANCED_FACE('',(#687),#5564,.T.);
#5825=ADVANCED_FACE('',(#688),#429,.F.);
#5826=ADVANCED_FACE('',(#689),#5565,.T.);
#5827=ADVANCED_FACE('',(#690),#430,.F.);
#5828=ADVANCED_FACE('',(#691),#5566,.T.);
#5829=ADVANCED_FACE('',(#692),#431,.F.);
#5830=ADVANCED_FACE('',(#693),#5567,.T.);
#5831=ADVANCED_FACE('',(#694),#432,.F.);
#5832=ADVANCED_FACE('',(#695),#5568,.T.);
#5833=ADVANCED_FACE('',(#696),#433,.F.);
#5834=ADVANCED_FACE('',(#697),#5569,.T.);
#5835=ADVANCED_FACE('',(#698),#434,.F.);
#5836=ADVANCED_FACE('',(#699),#5570,.T.);
#5837=ADVANCED_FACE('',(#700),#435,.F.);
#5838=ADVANCED_FACE('',(#701),#5571,.T.);
#5839=ADVANCED_FACE('',(#702),#436,.F.);
#5840=ADVANCED_FACE('',(#703),#5572,.T.);
#5841=ADVANCED_FACE('',(#704),#437,.F.);
#5842=ADVANCED_FACE('',(#705),#5573,.T.);
#5843=ADVANCED_FACE('',(#706),#438,.F.);
#5844=ADVANCED_FACE('',(#707),#5574,.T.);
#5845=ADVANCED_FACE('',(#708),#439,.F.);
#5846=ADVANCED_FACE('',(#709),#5575,.T.);
#5847=ADVANCED_FACE('',(#710),#440,.F.);
#5848=ADVANCED_FACE('',(#711),#5576,.T.);
#5849=ADVANCED_FACE('',(#712),#441,.F.);
#5850=ADVANCED_FACE('',(#713),#5577,.T.);
#5851=ADVANCED_FACE('',(#714),#442,.F.);
#5852=ADVANCED_FACE('',(#715),#5578,.T.);
#5853=ADVANCED_FACE('',(#716),#443,.F.);
#5854=ADVANCED_FACE('',(#717),#5579,.T.);
#5855=ADVANCED_FACE('',(#718),#444,.F.);
#5856=ADVANCED_FACE('',(#719),#5580,.T.);
#5857=ADVANCED_FACE('',(#720),#445,.F.);
#5858=ADVANCED_FACE('',(#721),#5581,.T.);
#5859=ADVANCED_FACE('',(#722),#446,.F.);
#5860=ADVANCED_FACE('',(#723),#5582,.T.);
#5861=ADVANCED_FACE('',(#724),#447,.F.);
#5862=ADVANCED_FACE('',(#725),#5583,.T.);
#5863=ADVANCED_FACE('',(#726),#448,.F.);
#5864=ADVANCED_FACE('',(#727),#5584,.T.);
#5865=ADVANCED_FACE('',(#728),#449,.F.);
#5866=ADVANCED_FACE('',(#729),#5585,.T.);
#5867=ADVANCED_FACE('',(#730),#450,.F.);
#5868=ADVANCED_FACE('',(#731),#5586,.T.);
#5869=ADVANCED_FACE('',(#732),#451,.F.);
#5870=ADVANCED_FACE('',(#733),#5587,.T.);
#5871=ADVANCED_FACE('',(#734),#452,.F.);
#5872=ADVANCED_FACE('',(#735),#5588,.T.);
#5873=ADVANCED_FACE('',(#736),#453,.F.);
#5874=ADVANCED_FACE('',(#737),#5589,.T.);
#5875=ADVANCED_FACE('',(#738),#454,.F.);
#5876=ADVANCED_FACE('',(#739),#5590,.T.);
#5877=ADVANCED_FACE('',(#740),#455,.F.);
#5878=ADVANCED_FACE('',(#741),#5591,.T.);
#5879=ADVANCED_FACE('',(#742),#456,.F.);
#5880=ADVANCED_FACE('',(#743),#5592,.T.);
#5881=ADVANCED_FACE('',(#744),#457,.F.);
#5882=ADVANCED_FACE('',(#745),#5593,.T.);
#5883=ADVANCED_FACE('',(#746),#458,.F.);
#5884=ADVANCED_FACE('',(#747),#5594,.T.);
#5885=ADVANCED_FACE('',(#748),#459,.F.);
#5886=ADVANCED_FACE('',(#749),#5595,.T.);
#5887=ADVANCED_FACE('',(#750),#460,.F.);
#5888=ADVANCED_FACE('',(#751),#5596,.T.);
#5889=ADVANCED_FACE('',(#752),#461,.F.);
#5890=ADVANCED_FACE('',(#753),#5597,.T.);
#5891=ADVANCED_FACE('',(#754),#462,.F.);
#5892=ADVANCED_FACE('',(#755),#5598,.T.);
#5893=ADVANCED_FACE('',(#756),#463,.F.);
#5894=ADVANCED_FACE('',(#757),#5599,.T.);
#5895=ADVANCED_FACE('',(#758),#464,.F.);
#5896=ADVANCED_FACE('',(#759),#5600,.T.);
#5897=ADVANCED_FACE('',(#760),#465,.F.);
#5898=ADVANCED_FACE('',(#761),#5601,.T.);
#5899=ADVANCED_FACE('',(#762),#466,.F.);
#5900=ADVANCED_FACE('',(#763),#5602,.T.);
#5901=ADVANCED_FACE('',(#764),#467,.F.);
#5902=ADVANCED_FACE('',(#765),#5603,.T.);
#5903=ADVANCED_FACE('',(#766),#468,.F.);
#5904=ADVANCED_FACE('',(#767),#5604,.T.);
#5905=ADVANCED_FACE('',(#768),#469,.F.);
#5906=ADVANCED_FACE('',(#769),#470,.F.);
#5907=ADVANCED_FACE('',(#770),#471,.F.);
#5908=ADVANCED_FACE('',(#771),#472,.F.);
#5909=ADVANCED_FACE('',(#772),#473,.F.);
#5910=ADVANCED_FACE('',(#773),#5605,.T.);
#5911=ADVANCED_FACE('',(#774),#5606,.T.);
#5912=ADVANCED_FACE('',(#775),#5607,.T.);
#5913=ADVANCED_FACE('',(#776),#5608,.T.);
#5914=ADVANCED_FACE('',(#777),#5609,.T.);
#5915=ADVANCED_FACE('',(#778),#5610,.F.);
#5916=CLOSED_SHELL('',(#5611,#5612,#5613,#5614,#5615,#5616,#5617,#5618,
#5619,#5620,#5621,#5622,#5623,#5624,#5625,#5626,#5627,#5628,#5629,#5630,
#5631,#5632));
#5917=CLOSED_SHELL('',(#5633,#5634,#5635,#5636,#5637,#5638,#5639,#5640,
#5641,#5642,#5643,#5644,#5645,#5646,#5647,#5648,#5649,#5650,#5651,#5652,
#5653,#5654,#5655,#5656,#5657,#5658,#5659,#5660,#5661,#5662,#5663,#5664,
#5665,#5666,#5667,#5668,#5669,#5670,#5671,#5672,#5673,#5674,#5675,#5676,
#5677,#5678,#5679,#5680,#5681,#5682,#5683,#5684,#5685,#5686,#5687,#5688,
#5689,#5690,#5691,#5692,#5693,#5694,#5695,#5696,#5697,#5698,#5699,#5700,
#5701,#5702,#5703,#5704,#5705,#5706,#5707,#5708,#5709,#5710,#5711,#5712,
#5713,#5714,#5715,#5716,#5717,#5718,#5719,#5720,#5721,#5722,#5723,#5724,
#5725,#5726,#5727,#5728,#5729,#5730,#5731,#5732,#5733,#5734,#5735,#5736,
#5737,#5738,#5739,#5740,#5741,#5742,#5743,#5744,#5745,#5746,#5747,#5748,
#5749,#5750,#5751,#5752,#5753,#5754,#5755,#5756,#5757,#5758,#5759,#5760,
#5761,#5762,#5763,#5764,#5765,#5766,#5767,#5768,#5769,#5770,#5771,#5772,
#5773,#5774,#5775,#5776,#5777,#5778,#5779,#5780,#5781,#5782,#5783,#5784,
#5785,#5786,#5787,#5788,#5789,#5790,#5791,#5792,#5793,#5794,#5795,#5796,
#5797,#5798,#5799,#5800,#5801,#5802,#5803,#5804,#5805,#5806,#5807,#5808,
#5809,#5810,#5811,#5812,#5813,#5814,#5815,#5816,#5817,#5818,#5819,#5820,
#5821,#5822,#5823,#5824,#5825,#5826,#5827,#5828,#5829,#5830,#5831,#5832,
#5833,#5834,#5835,#5836,#5837,#5838,#5839,#5840,#5841,#5842,#5843,#5844,
#5845,#5846,#5847,#5848,#5849,#5850,#5851,#5852,#5853,#5854,#5855,#5856,
#5857,#5858,#5859,#5860,#5861,#5862,#5863,#5864,#5865,#5866,#5867,#5868,
#5869,#5870,#5871,#5872,#5873,#5874,#5875,#5876,#5877,#5878,#5879,#5880,
#5881,#5882,#5883,#5884,#5885,#5886,#5887,#5888,#5889,#5890,#5891,#5892,
#5893,#5894,#5895,#5896,#5897,#5898,#5899,#5900,#5901,#5902,#5903,#5904,
#5905,#5906,#5907,#5908,#5909));
#5918=CLOSED_SHELL('',(#5910,#5911,#5912,#5913,#5914,#5915));
#5919=DERIVED_UNIT_ELEMENT(#5921,1.);
#5920=DERIVED_UNIT_ELEMENT(#10296,-3.);
#5921=(
MASS_UNIT()
NAMED_UNIT(*)
SI_UNIT(.KILO.,.GRAM.)
);
#5922=DERIVED_UNIT((#5919,#5920));
#5923=MEASURE_REPRESENTATION_ITEM('density measure',
POSITIVE_RATIO_MEASURE(7850.),#5922);
#5924=PROPERTY_DEFINITION_REPRESENTATION(#5929,#5926);
#5925=PROPERTY_DEFINITION_REPRESENTATION(#5930,#5927);
#5926=REPRESENTATION('material name',(#5928),#10293);
#5927=REPRESENTATION('density',(#5923),#10293);
#5928=DESCRIPTIVE_REPRESENTATION_ITEM('Steel','Steel');
#5929=PROPERTY_DEFINITION('material property','material name',#10303);
#5930=PROPERTY_DEFINITION('material property','density of part',#10303);
#5931=AXIS2_PLACEMENT_3D('',#7809,#6360,#6361);
#5932=AXIS2_PLACEMENT_3D('',#7810,#6362,#6363);
#5933=AXIS2_PLACEMENT_3D('',#7819,#6368,#6369);
#5934=AXIS2_PLACEMENT_3D('',#7833,#6377,#6378);
#5935=AXIS2_PLACEMENT_3D('',#7839,#6382,#6383);
#5936=AXIS2_PLACEMENT_3D('',#7846,#6388,#6389);
#5937=AXIS2_PLACEMENT_3D('',#7848,#6391,#6392);
#5938=AXIS2_PLACEMENT_3D('',#7852,#6395,#6396);
#5939=AXIS2_PLACEMENT_3D('',#7856,#6399,#6400);
#5940=AXIS2_PLACEMENT_3D('',#7858,#6402,#6403);
#5941=AXIS2_PLACEMENT_3D('',#7861,#6404,#6405);
#5942=AXIS2_PLACEMENT_3D('',#7865,#6407,#6408);
#5943=AXIS2_PLACEMENT_3D('',#7867,#6410,#6411);
#5944=AXIS2_PLACEMENT_3D('',#7871,#6413,#6414);
#5945=AXIS2_PLACEMENT_3D('',#7875,#6416,#6417);
#5946=AXIS2_PLACEMENT_3D('',#7879,#6419,#6420);
#5947=AXIS2_PLACEMENT_3D('',#7882,#6422,#6423);
#5948=AXIS2_PLACEMENT_3D('',#7884,#6424,#6425);
#5949=AXIS2_PLACEMENT_3D('',#7886,#6426,#6427);
#5950=AXIS2_PLACEMENT_3D('',#7888,#6428,#6429);
#5951=AXIS2_PLACEMENT_3D('',#7889,#6430,#6431);
#5952=AXIS2_PLACEMENT_3D('',#7893,#6434,#6435);
#5953=AXIS2_PLACEMENT_3D('',#7895,#6436,#6437);
#5954=AXIS2_PLACEMENT_3D('',#7897,#6439,#6440);
#5955=AXIS2_PLACEMENT_3D('',#7900,#6441,#6442);
#5956=AXIS2_PLACEMENT_3D('',#7903,#6445,#6446);
#5957=AXIS2_PLACEMENT_3D('',#7907,#6449,#6450);
#5958=AXIS2_PLACEMENT_3D('',#7909,#6451,#6452);
#5959=AXIS2_PLACEMENT_3D('',#7911,#6454,#6455);
#5960=AXIS2_PLACEMENT_3D('',#7913,#6457,#6458);
#5961=AXIS2_PLACEMENT_3D('',#7915,#6460,#6461);
#5962=AXIS2_PLACEMENT_3D('',#7917,#6462,#6463);
#5963=AXIS2_PLACEMENT_3D('',#7919,#6464,#6465);
#5964=AXIS2_PLACEMENT_3D('',#7921,#6466,#6467);
#5965=AXIS2_PLACEMENT_3D('',#7923,#6468,#6469);
#5966=AXIS2_PLACEMENT_3D('',#7924,#6470,#6471);
#5967=AXIS2_PLACEMENT_3D('',#7926,#6473,#6474);
#5968=AXIS2_PLACEMENT_3D('',#7928,#6476,#6477);
#5969=AXIS2_PLACEMENT_3D('',#7930,#6479,#6480);
#5970=AXIS2_PLACEMENT_3D('',#7932,#6482,#6483);
#5971=AXIS2_PLACEMENT_3D('',#7941,#6488,#6489);
#5972=AXIS2_PLACEMENT_3D('',#7947,#6493,#6494);
#5973=AXIS2_PLACEMENT_3D('',#7959,#6501,#6502);
#5974=AXIS2_PLACEMENT_3D('',#7963,#6505,#6506);
#5975=AXIS2_PLACEMENT_3D('',#7965,#6508,#6509);
#5976=AXIS2_PLACEMENT_3D('',#7974,#6514,#6515);
#5977=AXIS2_PLACEMENT_3D('',#7980,#6519,#6520);
#5978=AXIS2_PLACEMENT_3D('',#7983,#6523,#6524);
#5979=AXIS2_PLACEMENT_3D('',#7992,#6529,#6530);
#5980=AXIS2_PLACEMENT_3D('',#7998,#6534,#6535);
#5981=AXIS2_PLACEMENT_3D('',#8004,#6539,#6540);
#5982=AXIS2_PLACEMENT_3D('',#8010,#6544,#6545);
#5983=AXIS2_PLACEMENT_3D('',#8016,#6549,#6550);
#5984=AXIS2_PLACEMENT_3D('',#8022,#6554,#6555);
#5985=AXIS2_PLACEMENT_3D('',#8028,#6559,#6560);
#5986=AXIS2_PLACEMENT_3D('',#8031,#6563,#6564);
#5987=AXIS2_PLACEMENT_3D('',#8219,#6574,#6575);
#5988=AXIS2_PLACEMENT_3D('',#8225,#6579,#6580);
#5989=AXIS2_PLACEMENT_3D('',#8231,#6584,#6585);
#5990=AXIS2_PLACEMENT_3D('',#8234,#6588,#6589);
#5991=AXIS2_PLACEMENT_3D('',#8427,#6602,#6603);
#5992=AXIS2_PLACEMENT_3D('',#8433,#6607,#6608);
#5993=AXIS2_PLACEMENT_3D('',#8436,#6611,#6612);
#5994=AXIS2_PLACEMENT_3D('',#8578,#6620,#6621);
#5995=AXIS2_PLACEMENT_3D('',#8584,#6625,#6626);
#5996=AXIS2_PLACEMENT_3D('',#8590,#6630,#6631);
#5997=AXIS2_PLACEMENT_3D('',#8593,#6634,#6635);
#5998=AXIS2_PLACEMENT_3D('',#8602,#6640,#6641);
#5999=AXIS2_PLACEMENT_3D('',#8769,#6652,#6653);
#6000=AXIS2_PLACEMENT_3D('',#8775,#6657,#6658);
#6001=AXIS2_PLACEMENT_3D('',#8781,#6662,#6663);
#6002=AXIS2_PLACEMENT_3D('',#8784,#6666,#6667);
#6003=AXIS2_PLACEMENT_3D('',#8785,#6668,#6669);
#6004=AXIS2_PLACEMENT_3D('',#8794,#6674,#6675);
#6005=AXIS2_PLACEMENT_3D('',#8800,#6679,#6680);
#6006=AXIS2_PLACEMENT_3D('',#8803,#6683,#6684);
#6007=AXIS2_PLACEMENT_3D('',#8812,#6689,#6690);
#6008=AXIS2_PLACEMENT_3D('',#8818,#6694,#6695);
#6009=AXIS2_PLACEMENT_3D('',#8824,#6699,#6700);
#6010=AXIS2_PLACEMENT_3D('',#8830,#6704,#6705);
#6011=AXIS2_PLACEMENT_3D('',#8836,#6709,#6710);
#6012=AXIS2_PLACEMENT_3D('',#8842,#6714,#6715);
#6013=AXIS2_PLACEMENT_3D('',#8848,#6719,#6720);
#6014=AXIS2_PLACEMENT_3D('',#8851,#6723,#6724);
#6015=AXIS2_PLACEMENT_3D('',#8852,#6725,#6726);
#6016=AXIS2_PLACEMENT_3D('',#8861,#6731,#6732);
#6017=AXIS2_PLACEMENT_3D('',#8867,#6736,#6737);
#6018=AXIS2_PLACEMENT_3D('',#8873,#6741,#6742);
#6019=AXIS2_PLACEMENT_3D('',#8879,#6746,#6747);
#6020=AXIS2_PLACEMENT_3D('',#8885,#6751,#6752);
#6021=AXIS2_PLACEMENT_3D('',#8891,#6756,#6757);
#6022=AXIS2_PLACEMENT_3D('',#8897,#6761,#6762);
#6023=AXIS2_PLACEMENT_3D('',#8903,#6766,#6767);
#6024=AXIS2_PLACEMENT_3D('',#8909,#6771,#6772);
#6025=AXIS2_PLACEMENT_3D('',#8915,#6776,#6777);
#6026=AXIS2_PLACEMENT_3D('',#8921,#6781,#6782);
#6027=AXIS2_PLACEMENT_3D('',#8924,#6785,#6786);
#6028=AXIS2_PLACEMENT_3D('',#9089,#6795,#6796);
#6029=AXIS2_PLACEMENT_3D('',#9279,#6808,#6809);
#6030=AXIS2_PLACEMENT_3D('',#9305,#6813,#6814);
#6031=AXIS2_PLACEMENT_3D('',#9306,#6815,#6816);
#6032=AXIS2_PLACEMENT_3D('',#9315,#6821,#6822);
#6033=AXIS2_PLACEMENT_3D('',#9321,#6826,#6827);
#6034=AXIS2_PLACEMENT_3D('',#9327,#6831,#6832);
#6035=AXIS2_PLACEMENT_3D('',#9333,#6836,#6837);
#6036=AXIS2_PLACEMENT_3D('',#9339,#6841,#6842);
#6037=AXIS2_PLACEMENT_3D('',#9345,#6846,#6847);
#6038=AXIS2_PLACEMENT_3D('',#9351,#6851,#6852);
#6039=AXIS2_PLACEMENT_3D('',#9357,#6856,#6857);
#6040=AXIS2_PLACEMENT_3D('',#9363,#6861,#6862);
#6041=AXIS2_PLACEMENT_3D('',#9369,#6866,#6867);
#6042=AXIS2_PLACEMENT_3D('',#9375,#6871,#6872);
#6043=AXIS2_PLACEMENT_3D('',#9378,#6875,#6876);
#6044=AXIS2_PLACEMENT_3D('',#9379,#6877,#6878);
#6045=AXIS2_PLACEMENT_3D('',#9380,#6879,#6880);
#6046=AXIS2_PLACEMENT_3D('',#9381,#6881,#6882);
#6047=AXIS2_PLACEMENT_3D('',#9382,#6883,#6884);
#6048=AXIS2_PLACEMENT_3D('',#9383,#6885,#6886);
#6049=AXIS2_PLACEMENT_3D('',#9386,#6887,#6888);
#6050=AXIS2_PLACEMENT_3D('',#9390,#6890,#6891);
#6051=AXIS2_PLACEMENT_3D('',#9392,#6893,#6894);
#6052=AXIS2_PLACEMENT_3D('',#9394,#6895,#6896);
#6053=AXIS2_PLACEMENT_3D('',#9398,#6898,#6899);
#6054=AXIS2_PLACEMENT_3D('',#9400,#6901,#6902);
#6055=AXIS2_PLACEMENT_3D('',#9402,#6903,#6904);
#6056=AXIS2_PLACEMENT_3D('',#9406,#6906,#6907);
#6057=AXIS2_PLACEMENT_3D('',#9408,#6909,#6910);
#6058=AXIS2_PLACEMENT_3D('',#9410,#6911,#6912);
#6059=AXIS2_PLACEMENT_3D('',#9413,#6914,#6915);
#6060=AXIS2_PLACEMENT_3D('',#9415,#6917,#6918);
#6061=AXIS2_PLACEMENT_3D('',#9416,#6919,#6920);
#6062=AXIS2_PLACEMENT_3D('',#9417,#6921,#6922);
#6063=AXIS2_PLACEMENT_3D('',#9418,#6923,#6924);
#6064=AXIS2_PLACEMENT_3D('',#9419,#6925,#6926);
#6065=AXIS2_PLACEMENT_3D('',#9420,#6927,#6928);
#6066=AXIS2_PLACEMENT_3D('',#9421,#6929,#6930);
#6067=AXIS2_PLACEMENT_3D('',#9422,#6931,#6932);
#6068=AXIS2_PLACEMENT_3D('',#9423,#6933,#6934);
#6069=AXIS2_PLACEMENT_3D('',#9427,#6936,#6937);
#6070=AXIS2_PLACEMENT_3D('',#9429,#6939,#6940);
#6071=AXIS2_PLACEMENT_3D('',#9433,#6943,#6944);
#6072=AXIS2_PLACEMENT_3D('',#9436,#6946,#6947);
#6073=AXIS2_PLACEMENT_3D('',#9437,#6948,#6949);
#6074=AXIS2_PLACEMENT_3D('',#9441,#6952,#6953);
#6075=AXIS2_PLACEMENT_3D('',#9443,#6954,#6955);
#6076=AXIS2_PLACEMENT_3D('',#9445,#6956,#6957);
#6077=AXIS2_PLACEMENT_3D('',#9448,#6958,#6959);
#6078=AXIS2_PLACEMENT_3D('',#9452,#6961,#6962);
#6079=AXIS2_PLACEMENT_3D('',#9456,#6964,#6965);
#6080=AXIS2_PLACEMENT_3D('',#9460,#6967,#6968);
#6081=AXIS2_PLACEMENT_3D('',#9464,#6970,#6971);
#6082=AXIS2_PLACEMENT_3D('',#9468,#6973,#6974);
#6083=AXIS2_PLACEMENT_3D('',#9472,#6976,#6977);
#6084=AXIS2_PLACEMENT_3D('',#9476,#6979,#6980);
#6085=AXIS2_PLACEMENT_3D('',#9480,#6982,#6983);
#6086=AXIS2_PLACEMENT_3D('',#9484,#6985,#6986);
#6087=AXIS2_PLACEMENT_3D('',#9488,#6988,#6989);
#6088=AXIS2_PLACEMENT_3D('',#9492,#6991,#6992);
#6089=AXIS2_PLACEMENT_3D('',#9496,#6994,#6995);
#6090=AXIS2_PLACEMENT_3D('',#9500,#6997,#6998);
#6091=AXIS2_PLACEMENT_3D('',#9504,#7000,#7001);
#6092=AXIS2_PLACEMENT_3D('',#9508,#7003,#7004);
#6093=AXIS2_PLACEMENT_3D('',#9512,#7006,#7007);
#6094=AXIS2_PLACEMENT_3D('',#9516,#7009,#7010);
#6095=AXIS2_PLACEMENT_3D('',#9520,#7012,#7013);
#6096=AXIS2_PLACEMENT_3D('',#9524,#7015,#7016);
#6097=AXIS2_PLACEMENT_3D('',#9528,#7018,#7019);
#6098=AXIS2_PLACEMENT_3D('',#9532,#7021,#7022);
#6099=AXIS2_PLACEMENT_3D('',#9536,#7024,#7025);
#6100=AXIS2_PLACEMENT_3D('',#9540,#7027,#7028);
#6101=AXIS2_PLACEMENT_3D('',#9544,#7030,#7031);
#6102=AXIS2_PLACEMENT_3D('',#9548,#7033,#7034);
#6103=AXIS2_PLACEMENT_3D('',#9552,#7036,#7037);
#6104=AXIS2_PLACEMENT_3D('',#9556,#7039,#7040);
#6105=AXIS2_PLACEMENT_3D('',#9560,#7042,#7043);
#6106=AXIS2_PLACEMENT_3D('',#9564,#7045,#7046);
#6107=AXIS2_PLACEMENT_3D('',#9568,#7048,#7049);
#6108=AXIS2_PLACEMENT_3D('',#9572,#7051,#7052);
#6109=AXIS2_PLACEMENT_3D('',#9576,#7054,#7055);
#6110=AXIS2_PLACEMENT_3D('',#9580,#7057,#7058);
#6111=AXIS2_PLACEMENT_3D('',#9584,#7060,#7061);
#6112=AXIS2_PLACEMENT_3D('',#9588,#7063,#7064);
#6113=AXIS2_PLACEMENT_3D('',#9592,#7066,#7067);
#6114=AXIS2_PLACEMENT_3D('',#9596,#7069,#7070);
#6115=AXIS2_PLACEMENT_3D('',#9600,#7072,#7073);
#6116=AXIS2_PLACEMENT_3D('',#9604,#7075,#7076);
#6117=AXIS2_PLACEMENT_3D('',#9608,#7078,#7079);
#6118=AXIS2_PLACEMENT_3D('',#9612,#7081,#7082);
#6119=AXIS2_PLACEMENT_3D('',#9616,#7084,#7085);
#6120=AXIS2_PLACEMENT_3D('',#9620,#7087,#7088);
#6121=AXIS2_PLACEMENT_3D('',#9624,#7090,#7091);
#6122=AXIS2_PLACEMENT_3D('',#9628,#7093,#7094);
#6123=AXIS2_PLACEMENT_3D('',#9632,#7096,#7097);
#6124=AXIS2_PLACEMENT_3D('',#9636,#7099,#7100);
#6125=AXIS2_PLACEMENT_3D('',#9640,#7102,#7103);
#6126=AXIS2_PLACEMENT_3D('',#9644,#7105,#7106);
#6127=AXIS2_PLACEMENT_3D('',#9648,#7108,#7109);
#6128=AXIS2_PLACEMENT_3D('',#9652,#7111,#7112);
#6129=AXIS2_PLACEMENT_3D('',#9656,#7114,#7115);
#6130=AXIS2_PLACEMENT_3D('',#9660,#7117,#7118);
#6131=AXIS2_PLACEMENT_3D('',#9664,#7120,#7121);
#6132=AXIS2_PLACEMENT_3D('',#9668,#7123,#7124);
#6133=AXIS2_PLACEMENT_3D('',#9672,#7126,#7127);
#6134=AXIS2_PLACEMENT_3D('',#9676,#7129,#7130);
#6135=AXIS2_PLACEMENT_3D('',#9680,#7132,#7133);
#6136=AXIS2_PLACEMENT_3D('',#9684,#7135,#7136);
#6137=AXIS2_PLACEMENT_3D('',#9688,#7138,#7139);
#6138=AXIS2_PLACEMENT_3D('',#9692,#7141,#7142);
#6139=AXIS2_PLACEMENT_3D('',#9696,#7144,#7145);
#6140=AXIS2_PLACEMENT_3D('',#9700,#7147,#7148);
#6141=AXIS2_PLACEMENT_3D('',#9703,#7150,#7151);
#6142=AXIS2_PLACEMENT_3D('',#9705,#7152,#7153);
#6143=AXIS2_PLACEMENT_3D('',#9706,#7154,#7155);
#6144=AXIS2_PLACEMENT_3D('',#9708,#7156,#7157);
#6145=AXIS2_PLACEMENT_3D('',#9712,#7159,#7160);
#6146=AXIS2_PLACEMENT_3D('',#9724,#7166,#7167);
#6147=AXIS2_PLACEMENT_3D('',#9728,#7169,#7170);
#6148=AXIS2_PLACEMENT_3D('',#9732,#7172,#7173);
#6149=AXIS2_PLACEMENT_3D('',#9736,#7175,#7176);
#6150=AXIS2_PLACEMENT_3D('',#9740,#7178,#7179);
#6151=AXIS2_PLACEMENT_3D('',#9744,#7181,#7182);
#6152=AXIS2_PLACEMENT_3D('',#9748,#7184,#7185);
#6153=AXIS2_PLACEMENT_3D('',#9752,#7187,#7188);
#6154=AXIS2_PLACEMENT_3D('',#9756,#7190,#7191);
#6155=AXIS2_PLACEMENT_3D('',#9760,#7193,#7194);
#6156=AXIS2_PLACEMENT_3D('',#9764,#7196,#7197);
#6157=AXIS2_PLACEMENT_3D('',#9768,#7199,#7200);
#6158=AXIS2_PLACEMENT_3D('',#9772,#7202,#7203);
#6159=AXIS2_PLACEMENT_3D('',#9776,#7205,#7206);
#6160=AXIS2_PLACEMENT_3D('',#9780,#7208,#7209);
#6161=AXIS2_PLACEMENT_3D('',#9784,#7211,#7212);
#6162=AXIS2_PLACEMENT_3D('',#9788,#7214,#7215);
#6163=AXIS2_PLACEMENT_3D('',#9792,#7217,#7218);
#6164=AXIS2_PLACEMENT_3D('',#9796,#7220,#7221);
#6165=AXIS2_PLACEMENT_3D('',#9800,#7223,#7224);
#6166=AXIS2_PLACEMENT_3D('',#9804,#7226,#7227);
#6167=AXIS2_PLACEMENT_3D('',#9808,#7229,#7230);
#6168=AXIS2_PLACEMENT_3D('',#9812,#7232,#7233);
#6169=AXIS2_PLACEMENT_3D('',#9816,#7235,#7236);
#6170=AXIS2_PLACEMENT_3D('',#9820,#7238,#7239);
#6171=AXIS2_PLACEMENT_3D('',#9824,#7241,#7242);
#6172=AXIS2_PLACEMENT_3D('',#9828,#7244,#7245);
#6173=AXIS2_PLACEMENT_3D('',#9832,#7247,#7248);
#6174=AXIS2_PLACEMENT_3D('',#9836,#7250,#7251);
#6175=AXIS2_PLACEMENT_3D('',#9840,#7253,#7254);
#6176=AXIS2_PLACEMENT_3D('',#9844,#7256,#7257);
#6177=AXIS2_PLACEMENT_3D('',#9848,#7259,#7260);
#6178=AXIS2_PLACEMENT_3D('',#9852,#7262,#7263);
#6179=AXIS2_PLACEMENT_3D('',#9856,#7265,#7266);
#6180=AXIS2_PLACEMENT_3D('',#9860,#7268,#7269);
#6181=AXIS2_PLACEMENT_3D('',#9864,#7271,#7272);
#6182=AXIS2_PLACEMENT_3D('',#9868,#7274,#7275);
#6183=AXIS2_PLACEMENT_3D('',#9872,#7277,#7278);
#6184=AXIS2_PLACEMENT_3D('',#9876,#7280,#7281);
#6185=AXIS2_PLACEMENT_3D('',#9880,#7283,#7284);
#6186=AXIS2_PLACEMENT_3D('',#9884,#7286,#7287);
#6187=AXIS2_PLACEMENT_3D('',#9888,#7289,#7290);
#6188=AXIS2_PLACEMENT_3D('',#9892,#7292,#7293);
#6189=AXIS2_PLACEMENT_3D('',#9896,#7295,#7296);
#6190=AXIS2_PLACEMENT_3D('',#9900,#7298,#7299);
#6191=AXIS2_PLACEMENT_3D('',#9904,#7301,#7302);
#6192=AXIS2_PLACEMENT_3D('',#9908,#7304,#7305);
#6193=AXIS2_PLACEMENT_3D('',#9912,#7307,#7308);
#6194=AXIS2_PLACEMENT_3D('',#9916,#7310,#7311);
#6195=AXIS2_PLACEMENT_3D('',#9920,#7313,#7314);
#6196=AXIS2_PLACEMENT_3D('',#9924,#7316,#7317);
#6197=AXIS2_PLACEMENT_3D('',#9928,#7319,#7320);
#6198=AXIS2_PLACEMENT_3D('',#9932,#7322,#7323);
#6199=AXIS2_PLACEMENT_3D('',#9936,#7325,#7326);
#6200=AXIS2_PLACEMENT_3D('',#9940,#7328,#7329);
#6201=AXIS2_PLACEMENT_3D('',#9944,#7331,#7332);
#6202=AXIS2_PLACEMENT_3D('',#9948,#7334,#7335);
#6203=AXIS2_PLACEMENT_3D('',#9952,#7337,#7338);
#6204=AXIS2_PLACEMENT_3D('',#9956,#7340,#7341);
#6205=AXIS2_PLACEMENT_3D('',#9960,#7343,#7344);
#6206=AXIS2_PLACEMENT_3D('',#9964,#7346,#7347);
#6207=AXIS2_PLACEMENT_3D('',#9968,#7349,#7350);
#6208=AXIS2_PLACEMENT_3D('',#9972,#7352,#7353);
#6209=AXIS2_PLACEMENT_3D('',#9976,#7355,#7356);
#6210=AXIS2_PLACEMENT_3D('',#9979,#7358,#7359);
#6211=AXIS2_PLACEMENT_3D('',#9981,#7360,#7361);
#6212=AXIS2_PLACEMENT_3D('',#9983,#7362,#7363);
#6213=AXIS2_PLACEMENT_3D('',#9985,#7364,#7365);
#6214=AXIS2_PLACEMENT_3D('',#9986,#7366,#7367);
#6215=AXIS2_PLACEMENT_3D('',#9988,#7369,#7370);
#6216=AXIS2_PLACEMENT_3D('',#9991,#7373,#7374);
#6217=AXIS2_PLACEMENT_3D('',#9992,#7375,#7376);
#6218=AXIS2_PLACEMENT_3D('',#9995,#7379,#7380);
#6219=AXIS2_PLACEMENT_3D('',#9997,#7382,#7383);
#6220=AXIS2_PLACEMENT_3D('',#9999,#7385,#7386);
#6221=AXIS2_PLACEMENT_3D('',#10000,#7387,#7388);
#6222=AXIS2_PLACEMENT_3D('',#10001,#7389,#7390);
#6223=AXIS2_PLACEMENT_3D('',#10004,#7393,#7394);
#6224=AXIS2_PLACEMENT_3D('',#10006,#7396,#7397);
#6225=AXIS2_PLACEMENT_3D('',#10008,#7399,#7400);
#6226=AXIS2_PLACEMENT_3D('',#10010,#7402,#7403);
#6227=AXIS2_PLACEMENT_3D('',#10012,#7405,#7406);
#6228=AXIS2_PLACEMENT_3D('',#10014,#7408,#7409);
#6229=AXIS2_PLACEMENT_3D('',#10016,#7411,#7412);
#6230=AXIS2_PLACEMENT_3D('',#10017,#7413,#7414);
#6231=AXIS2_PLACEMENT_3D('',#10020,#7417,#7418);
#6232=AXIS2_PLACEMENT_3D('',#10022,#7420,#7421);
#6233=AXIS2_PLACEMENT_3D('',#10024,#7423,#7424);
#6234=AXIS2_PLACEMENT_3D('',#10026,#7426,#7427);
#6235=AXIS2_PLACEMENT_3D('',#10028,#7429,#7430);
#6236=AXIS2_PLACEMENT_3D('',#10030,#7432,#7433);
#6237=AXIS2_PLACEMENT_3D('',#10032,#7435,#7436);
#6238=AXIS2_PLACEMENT_3D('',#10033,#7437,#7438);
#6239=AXIS2_PLACEMENT_3D('',#10036,#7441,#7442);
#6240=AXIS2_PLACEMENT_3D('',#10038,#7444,#7445);
#6241=AXIS2_PLACEMENT_3D('',#10040,#7447,#7448);
#6242=AXIS2_PLACEMENT_3D('',#10042,#7450,#7451);
#6243=AXIS2_PLACEMENT_3D('',#10044,#7453,#7454);
#6244=AXIS2_PLACEMENT_3D('',#10046,#7456,#7457);
#6245=AXIS2_PLACEMENT_3D('',#10048,#7459,#7460);
#6246=AXIS2_PLACEMENT_3D('',#10049,#7461,#7462);
#6247=AXIS2_PLACEMENT_3D('',#10052,#7465,#7466);
#6248=AXIS2_PLACEMENT_3D('',#10054,#7468,#7469);
#6249=AXIS2_PLACEMENT_3D('',#10056,#7471,#7472);
#6250=AXIS2_PLACEMENT_3D('',#10058,#7474,#7475);
#6251=AXIS2_PLACEMENT_3D('',#10060,#7477,#7478);
#6252=AXIS2_PLACEMENT_3D('',#10062,#7480,#7481);
#6253=AXIS2_PLACEMENT_3D('',#10064,#7483,#7484);
#6254=AXIS2_PLACEMENT_3D('',#10065,#7485,#7486);
#6255=AXIS2_PLACEMENT_3D('',#10068,#7489,#7490);
#6256=AXIS2_PLACEMENT_3D('',#10070,#7492,#7493);
#6257=AXIS2_PLACEMENT_3D('',#10072,#7495,#7496);
#6258=AXIS2_PLACEMENT_3D('',#10074,#7498,#7499);
#6259=AXIS2_PLACEMENT_3D('',#10076,#7501,#7502);
#6260=AXIS2_PLACEMENT_3D('',#10078,#7504,#7505);
#6261=AXIS2_PLACEMENT_3D('',#10080,#7507,#7508);
#6262=AXIS2_PLACEMENT_3D('',#10081,#7509,#7510);
#6263=AXIS2_PLACEMENT_3D('',#10084,#7513,#7514);
#6264=AXIS2_PLACEMENT_3D('',#10086,#7516,#7517);
#6265=AXIS2_PLACEMENT_3D('',#10088,#7519,#7520);
#6266=AXIS2_PLACEMENT_3D('',#10090,#7522,#7523);
#6267=AXIS2_PLACEMENT_3D('',#10092,#7525,#7526);
#6268=AXIS2_PLACEMENT_3D('',#10094,#7528,#7529);
#6269=AXIS2_PLACEMENT_3D('',#10096,#7531,#7532);
#6270=AXIS2_PLACEMENT_3D('',#10097,#7533,#7534);
#6271=AXIS2_PLACEMENT_3D('',#10100,#7537,#7538);
#6272=AXIS2_PLACEMENT_3D('',#10102,#7540,#7541);
#6273=AXIS2_PLACEMENT_3D('',#10104,#7543,#7544);
#6274=AXIS2_PLACEMENT_3D('',#10106,#7546,#7547);
#6275=AXIS2_PLACEMENT_3D('',#10108,#7549,#7550);
#6276=AXIS2_PLACEMENT_3D('',#10110,#7552,#7553);
#6277=AXIS2_PLACEMENT_3D('',#10112,#7555,#7556);
#6278=AXIS2_PLACEMENT_3D('',#10113,#7557,#7558);
#6279=AXIS2_PLACEMENT_3D('',#10116,#7561,#7562);
#6280=AXIS2_PLACEMENT_3D('',#10118,#7564,#7565);
#6281=AXIS2_PLACEMENT_3D('',#10120,#7567,#7568);
#6282=AXIS2_PLACEMENT_3D('',#10122,#7570,#7571);
#6283=AXIS2_PLACEMENT_3D('',#10124,#7573,#7574);
#6284=AXIS2_PLACEMENT_3D('',#10126,#7576,#7577);
#6285=AXIS2_PLACEMENT_3D('',#10128,#7579,#7580);
#6286=AXIS2_PLACEMENT_3D('',#10129,#7581,#7582);
#6287=AXIS2_PLACEMENT_3D('',#10132,#7585,#7586);
#6288=AXIS2_PLACEMENT_3D('',#10134,#7588,#7589);
#6289=AXIS2_PLACEMENT_3D('',#10136,#7591,#7592);
#6290=AXIS2_PLACEMENT_3D('',#10138,#7594,#7595);
#6291=AXIS2_PLACEMENT_3D('',#10140,#7597,#7598);
#6292=AXIS2_PLACEMENT_3D('',#10142,#7600,#7601);
#6293=AXIS2_PLACEMENT_3D('',#10144,#7603,#7604);
#6294=AXIS2_PLACEMENT_3D('',#10145,#7605,#7606);
#6295=AXIS2_PLACEMENT_3D('',#10148,#7609,#7610);
#6296=AXIS2_PLACEMENT_3D('',#10150,#7612,#7613);
#6297=AXIS2_PLACEMENT_3D('',#10152,#7615,#7616);
#6298=AXIS2_PLACEMENT_3D('',#10154,#7618,#7619);
#6299=AXIS2_PLACEMENT_3D('',#10156,#7621,#7622);
#6300=AXIS2_PLACEMENT_3D('',#10158,#7624,#7625);
#6301=AXIS2_PLACEMENT_3D('',#10160,#7627,#7628);
#6302=AXIS2_PLACEMENT_3D('',#10161,#7629,#7630);
#6303=AXIS2_PLACEMENT_3D('',#10164,#7633,#7634);
#6304=AXIS2_PLACEMENT_3D('',#10166,#7636,#7637);
#6305=AXIS2_PLACEMENT_3D('',#10168,#7639,#7640);
#6306=AXIS2_PLACEMENT_3D('',#10170,#7642,#7643);
#6307=AXIS2_PLACEMENT_3D('',#10172,#7645,#7646);
#6308=AXIS2_PLACEMENT_3D('',#10174,#7648,#7649);
#6309=AXIS2_PLACEMENT_3D('',#10176,#7651,#7652);
#6310=AXIS2_PLACEMENT_3D('',#10177,#7653,#7654);
#6311=AXIS2_PLACEMENT_3D('',#10180,#7657,#7658);
#6312=AXIS2_PLACEMENT_3D('',#10182,#7660,#7661);
#6313=AXIS2_PLACEMENT_3D('',#10184,#7663,#7664);
#6314=AXIS2_PLACEMENT_3D('',#10186,#7666,#7667);
#6315=AXIS2_PLACEMENT_3D('',#10188,#7669,#7670);
#6316=AXIS2_PLACEMENT_3D('',#10190,#7672,#7673);
#6317=AXIS2_PLACEMENT_3D('',#10192,#7675,#7676);
#6318=AXIS2_PLACEMENT_3D('',#10193,#7677,#7678);
#6319=AXIS2_PLACEMENT_3D('',#10196,#7681,#7682);
#6320=AXIS2_PLACEMENT_3D('',#10198,#7684,#7685);
#6321=AXIS2_PLACEMENT_3D('',#10200,#7687,#7688);
#6322=AXIS2_PLACEMENT_3D('',#10202,#7690,#7691);
#6323=AXIS2_PLACEMENT_3D('',#10204,#7693,#7694);
#6324=AXIS2_PLACEMENT_3D('',#10206,#7696,#7697);
#6325=AXIS2_PLACEMENT_3D('',#10208,#7699,#7700);
#6326=AXIS2_PLACEMENT_3D('',#10209,#7701,#7702);
#6327=AXIS2_PLACEMENT_3D('',#10212,#7705,#7706);
#6328=AXIS2_PLACEMENT_3D('',#10214,#7708,#7709);
#6329=AXIS2_PLACEMENT_3D('',#10216,#7711,#7712);
#6330=AXIS2_PLACEMENT_3D('',#10218,#7714,#7715);
#6331=AXIS2_PLACEMENT_3D('',#10220,#7717,#7718);
#6332=AXIS2_PLACEMENT_3D('',#10222,#7720,#7721);
#6333=AXIS2_PLACEMENT_3D('',#10224,#7723,#7724);
#6334=AXIS2_PLACEMENT_3D('',#10225,#7725,#7726);
#6335=AXIS2_PLACEMENT_3D('',#10228,#7729,#7730);
#6336=AXIS2_PLACEMENT_3D('',#10230,#7732,#7733);
#6337=AXIS2_PLACEMENT_3D('',#10232,#7735,#7736);
#6338=AXIS2_PLACEMENT_3D('',#10234,#7738,#7739);
#6339=AXIS2_PLACEMENT_3D('',#10236,#7741,#7742);
#6340=AXIS2_PLACEMENT_3D('',#10238,#7744,#7745);
#6341=AXIS2_PLACEMENT_3D('',#10240,#7747,#7748);
#6342=AXIS2_PLACEMENT_3D('',#10241,#7749,#7750);
#6343=AXIS2_PLACEMENT_3D('',#10244,#7753,#7754);
#6344=AXIS2_PLACEMENT_3D('',#10246,#7756,#7757);
#6345=AXIS2_PLACEMENT_3D('',#10248,#7759,#7760);
#6346=AXIS2_PLACEMENT_3D('',#10250,#7762,#7763);
#6347=AXIS2_PLACEMENT_3D('',#10252,#7765,#7766);
#6348=AXIS2_PLACEMENT_3D('',#10254,#7768,#7769);
#6349=AXIS2_PLACEMENT_3D('',#10256,#7771,#7772);
#6350=AXIS2_PLACEMENT_3D('',#10257,#7773,#7774);
#6351=AXIS2_PLACEMENT_3D('',#10259,#7776,#7777);
#6352=AXIS2_PLACEMENT_3D('',#10261,#7779,#7780);
#6353=AXIS2_PLACEMENT_3D('',#10263,#7782,#7783);
#6354=AXIS2_PLACEMENT_3D('',#10265,#7785,#7786);
#6355=AXIS2_PLACEMENT_3D('',#10274,#7791,#7792);
#6356=AXIS2_PLACEMENT_3D('',#10280,#7796,#7797);
#6357=AXIS2_PLACEMENT_3D('',#10286,#7801,#7802);
#6358=AXIS2_PLACEMENT_3D('',#10289,#7805,#7806);
#6359=AXIS2_PLACEMENT_3D('',#10290,#7807,#7808);
#6360=DIRECTION('axis',(0.,0.,1.));
#6361=DIRECTION('refdir',(1.,0.,0.));
#6362=DIRECTION('center_axis',(-1.,0.,0.));
#6363=DIRECTION('ref_axis',(0.,0.,1.));
#6364=DIRECTION('',(0.,-1.,0.));
#6365=DIRECTION('',(0.,0.,-1.));
#6366=DIRECTION('',(0.,1.,0.));
#6367=DIRECTION('',(0.,0.,1.));
#6368=DIRECTION('center_axis',(0.,0.,1.));
#6369=DIRECTION('ref_axis',(1.,0.,0.));
#6370=DIRECTION('',(1.,0.,0.));
#6371=DIRECTION('',(0.,1.,0.));
#6372=DIRECTION('',(-1.,0.,0.));
#6373=DIRECTION('',(0.,-1.,0.));
#6374=DIRECTION('',(1.,0.,0.));
#6375=DIRECTION('',(0.,-1.,0.));
#6376=DIRECTION('',(-1.,0.,-1.38777878078145E-16));
#6377=DIRECTION('center_axis',(-1.,0.,0.));
#6378=DIRECTION('ref_axis',(0.,0.,1.));
#6379=DIRECTION('',(0.,0.,1.));
#6380=DIRECTION('',(0.,0.,-1.));
#6381=DIRECTION('',(0.,1.,0.));
#6382=DIRECTION('center_axis',(0.,1.,0.));
#6383=DIRECTION('ref_axis',(-1.,0.,0.));
#6384=DIRECTION('',(-1.,0.,0.));
#6385=DIRECTION('',(0.,0.,1.));
#6386=DIRECTION('',(-1.,0.,0.));
#6387=DIRECTION('',(0.,0.,1.));
#6388=DIRECTION('center_axis',(0.,0.,1.));
#6389=DIRECTION('ref_axis',(1.,0.,0.));
#6390=DIRECTION('',(1.,0.,0.));
#6391=DIRECTION('center_axis',(1.,0.,0.));
#6392=DIRECTION('ref_axis',(0.,1.,0.));
#6393=DIRECTION('',(0.,1.,0.));
#6394=DIRECTION('',(0.,0.,1.));
#6395=DIRECTION('center_axis',(0.,-1.,0.));
#6396=DIRECTION('ref_axis',(1.,0.,0.));
#6397=DIRECTION('',(0.,0.,1.));
#6398=DIRECTION('',(1.,0.,0.));
#6399=DIRECTION('center_axis',(-1.,0.,0.));
#6400=DIRECTION('ref_axis',(0.,-1.,0.));
#6401=DIRECTION('',(0.,-1.,0.));
#6402=DIRECTION('center_axis',(0.,0.,1.));
#6403=DIRECTION('ref_axis',(-0.707106781186548,0.707106781186548,0.));
#6404=DIRECTION('center_axis',(0.,0.,-1.));
#6405=DIRECTION('ref_axis',(-0.707106781186548,0.707106781186548,0.));
#6406=DIRECTION('',(0.,0.,-1.));
#6407=DIRECTION('center_axis',(0.,0.,1.));
#6408=DIRECTION('ref_axis',(-0.707106781186548,0.707106781186548,0.));
#6409=DIRECTION('',(0.,0.,1.));
#6410=DIRECTION('center_axis',(0.,0.,1.));
#6411=DIRECTION('ref_axis',(1.,0.,0.));
#6412=DIRECTION('',(-1.,0.,0.));
#6413=DIRECTION('center_axis',(0.,0.,1.));
#6414=DIRECTION('ref_axis',(0.707106781186548,0.707106781186548,0.));
#6415=DIRECTION('',(0.,1.,0.));
#6416=DIRECTION('center_axis',(0.,0.,1.));
#6417=DIRECTION('ref_axis',(0.707106781186548,-0.707106781186548,0.));
#6418=DIRECTION('',(1.,0.,0.));
#6419=DIRECTION('center_axis',(0.,0.,1.));
#6420=DIRECTION('ref_axis',(-0.707106781186548,-0.707106781186548,0.));
#6421=DIRECTION('',(0.,-1.,0.));
#6422=DIRECTION('center_axis',(0.,0.,1.));
#6423=DIRECTION('ref_axis',(-1.,0.,0.));
#6424=DIRECTION('center_axis',(0.,0.,1.));
#6425=DIRECTION('ref_axis',(-1.,0.,0.));
#6426=DIRECTION('center_axis',(0.,0.,1.));
#6427=DIRECTION('ref_axis',(-1.,0.,0.));
#6428=DIRECTION('center_axis',(0.,0.,1.));
#6429=DIRECTION('ref_axis',(-1.,0.,0.));
#6430=DIRECTION('center_axis',(0.,1.,0.));
#6431=DIRECTION('ref_axis',(-1.,0.,0.));
#6432=DIRECTION('',(-1.,0.,0.));
#6433=DIRECTION('',(0.,0.,1.));
#6434=DIRECTION('center_axis',(0.,0.,1.));
#6435=DIRECTION('ref_axis',(0.707106781186548,0.707106781186548,0.));
#6436=DIRECTION('center_axis',(0.,0.,-1.));
#6437=DIRECTION('ref_axis',(0.707106781186548,0.707106781186548,0.));
#6438=DIRECTION('',(0.,0.,-1.));
#6439=DIRECTION('center_axis',(0.,0.,1.));
#6440=DIRECTION('ref_axis',(0.707106781186548,-0.707106781186548,0.));
#6441=DIRECTION('center_axis',(0.,0.,-1.));
#6442=DIRECTION('ref_axis',(0.707106781186548,-0.707106781186548,0.));
#6443=DIRECTION('',(0.,0.,-1.));
#6444=DIRECTION('',(0.,0.,1.));
#6445=DIRECTION('center_axis',(0.,-1.,0.));
#6446=DIRECTION('ref_axis',(1.,0.,0.));
#6447=DIRECTION('',(1.,0.,0.));
#6448=DIRECTION('',(0.,0.,1.));
#6449=DIRECTION('center_axis',(0.,0.,1.));
#6450=DIRECTION('ref_axis',(-0.707106781186548,-0.707106781186548,0.));
#6451=DIRECTION('center_axis',(0.,0.,-1.));
#6452=DIRECTION('ref_axis',(-0.707106781186548,-0.707106781186548,0.));
#6453=DIRECTION('',(0.,0.,-1.));
#6454=DIRECTION('center_axis',(1.,0.,0.));
#6455=DIRECTION('ref_axis',(0.,1.,0.));
#6456=DIRECTION('',(0.,1.,0.));
#6457=DIRECTION('center_axis',(-1.,0.,0.));
#6458=DIRECTION('ref_axis',(0.,-1.,0.));
#6459=DIRECTION('',(0.,-1.,0.));
#6460=DIRECTION('center_axis',(0.,0.,1.));
#6461=DIRECTION('ref_axis',(1.,0.,0.));
#6462=DIRECTION('center_axis',(0.,0.,-1.));
#6463=DIRECTION('ref_axis',(-1.,0.,0.));
#6464=DIRECTION('center_axis',(0.,0.,-1.));
#6465=DIRECTION('ref_axis',(-1.,0.,0.));
#6466=DIRECTION('center_axis',(0.,0.,-1.));
#6467=DIRECTION('ref_axis',(-1.,0.,0.));
#6468=DIRECTION('center_axis',(0.,0.,-1.));
#6469=DIRECTION('ref_axis',(-1.,0.,0.));
#6470=DIRECTION('center_axis',(0.,0.,1.));
#6471=DIRECTION('ref_axis',(-1.,0.,0.));
#6472=DIRECTION('',(0.,0.,1.));
#6473=DIRECTION('center_axis',(0.,0.,1.));
#6474=DIRECTION('ref_axis',(-1.,0.,0.));
#6475=DIRECTION('',(0.,0.,1.));
#6476=DIRECTION('center_axis',(0.,0.,1.));
#6477=DIRECTION('ref_axis',(-1.,0.,0.));
#6478=DIRECTION('',(0.,0.,1.));
#6479=DIRECTION('center_axis',(0.,0.,1.));
#6480=DIRECTION('ref_axis',(-1.,0.,0.));
#6481=DIRECTION('',(0.,0.,1.));
#6482=DIRECTION('center_axis',(0.,-1.,0.));
#6483=DIRECTION('ref_axis',(0.,0.,-1.));
#6484=DIRECTION('',(0.,0.,1.));
#6485=DIRECTION('',(-1.,0.,0.));
#6486=DIRECTION('',(0.,0.,-1.));
#6487=DIRECTION('',(-1.,0.,0.));
#6488=DIRECTION('center_axis',(-1.,0.,0.));
#6489=DIRECTION('ref_axis',(0.,0.,1.));
#6490=DIRECTION('',(0.,1.,0.));
#6491=DIRECTION('',(0.,0.,1.));
#6492=DIRECTION('',(0.,1.,0.));
#6493=DIRECTION('center_axis',(0.,0.,-1.));
#6494=DIRECTION('ref_axis',(-1.,0.,0.));
#6495=DIRECTION('',(0.,-1.,0.));
#6496=DIRECTION('',(1.,0.,0.));
#6497=DIRECTION('',(0.,1.,0.));
#6498=DIRECTION('',(1.,0.,0.));
#6499=DIRECTION('',(0.,-1.,0.));
#6500=DIRECTION('',(-1.,0.,0.));
#6501=DIRECTION('center_axis',(1.,0.,0.));
#6502=DIRECTION('ref_axis',(0.,0.,-1.));
#6503=DIRECTION('',(0.,-1.,0.));
#6504=DIRECTION('',(0.,0.,1.));
#6505=DIRECTION('center_axis',(0.,1.,0.));
#6506=DIRECTION('ref_axis',(0.,0.,1.));
#6507=DIRECTION('',(1.,0.,0.));
#6508=DIRECTION('center_axis',(-0.347260802473905,-0.937768593558763,0.));
#6509=DIRECTION('ref_axis',(-0.937768593558763,0.347260802473905,0.));
#6510=DIRECTION('',(-0.937768593558763,0.347260802473905,0.));
#6511=DIRECTION('',(0.,0.,-1.));
#6512=DIRECTION('',(-0.937768593558763,0.347260802473905,0.));
#6513=DIRECTION('',(0.,0.,-1.));
#6514=DIRECTION('center_axis',(-0.342860732979948,0.939386245258282,0.));
#6515=DIRECTION('ref_axis',(0.939386245258282,0.342860732979948,0.));
#6516=DIRECTION('',(0.939386245258282,0.342860732979948,0.));
#6517=DIRECTION('',(0.,0.,-1.));
#6518=DIRECTION('',(0.939386245258282,0.342860732979948,0.));
#6519=DIRECTION('center_axis',(0.99998441649593,-0.00558272024145212,0.));
#6520=DIRECTION('ref_axis',(-0.00558272024145212,-0.99998441649593,0.));
#6521=DIRECTION('',(-0.00558272024145212,-0.99998441649593,0.));
#6522=DIRECTION('',(-0.00558272024145212,-0.99998441649593,0.));
#6523=DIRECTION('center_axis',(0.99998441649593,-0.00558272024145592,0.));
#6524=DIRECTION('ref_axis',(-0.00558272024145592,-0.99998441649593,0.));
#6525=DIRECTION('',(-0.00558272024145592,-0.99998441649593,0.));
#6526=DIRECTION('',(0.,0.,-1.));
#6527=DIRECTION('',(-0.00558272024145592,-0.99998441649593,0.));
#6528=DIRECTION('',(0.,0.,-1.));
#6529=DIRECTION('center_axis',(0.368133586996073,0.929772908900558,0.));
#6530=DIRECTION('ref_axis',(0.929772908900558,-0.368133586996073,0.));
#6531=DIRECTION('',(0.929772908900558,-0.368133586996073,0.));
#6532=DIRECTION('',(0.,0.,-1.));
#6533=DIRECTION('',(0.929772908900558,-0.368133586996073,0.));
#6534=DIRECTION('center_axis',(-0.99998441649593,0.00558272024145098,0.));
#6535=DIRECTION('ref_axis',(0.00558272024145098,0.99998441649593,0.));
#6536=DIRECTION('',(0.00558272024145098,0.99998441649593,0.));
#6537=DIRECTION('',(0.,0.,-1.));
#6538=DIRECTION('',(0.00558272024145098,0.99998441649593,0.));
#6539=DIRECTION('center_axis',(-0.346757318077078,-0.937954882902153,0.));
#6540=DIRECTION('ref_axis',(-0.937954882902153,0.346757318077078,0.));
#6541=DIRECTION('',(-0.937954882902153,0.346757318077078,0.));
#6542=DIRECTION('',(0.,0.,-1.));
#6543=DIRECTION('',(-0.937954882902153,0.346757318077078,0.));
#6544=DIRECTION('center_axis',(-0.99998441649593,0.0055827202414515,0.));
#6545=DIRECTION('ref_axis',(0.0055827202414515,0.99998441649593,0.));
#6546=DIRECTION('',(0.0055827202414515,0.99998441649593,0.));
#6547=DIRECTION('',(0.,0.,-1.));
#6548=DIRECTION('',(0.0055827202414515,0.99998441649593,0.));
#6549=DIRECTION('center_axis',(-0.353574610610637,0.935406326005729,0.));
#6550=DIRECTION('ref_axis',(0.935406326005729,0.353574610610637,0.));
#6551=DIRECTION('',(0.935406326005729,0.353574610610637,0.));
#6552=DIRECTION('',(0.,0.,-1.));
#6553=DIRECTION('',(0.935406326005729,0.353574610610637,0.));
#6554=DIRECTION('center_axis',(-0.99998441649593,0.00558272024145161,0.));
#6555=DIRECTION('ref_axis',(0.00558272024145161,0.99998441649593,0.));
#6556=DIRECTION('',(0.00558272024145161,0.99998441649593,0.));
#6557=DIRECTION('',(0.,0.,-1.));
#6558=DIRECTION('',(0.00558272024145161,0.99998441649593,0.));
#6559=DIRECTION('center_axis',(0.366529741575282,-0.930406335178752,0.));
#6560=DIRECTION('ref_axis',(-0.930406335178752,-0.366529741575282,0.));
#6561=DIRECTION('',(-0.930406335178752,-0.366529741575282,0.));
#6562=DIRECTION('',(-0.930406335178752,-0.366529741575282,0.));
#6563=DIRECTION('center_axis',(0.,0.,-1.));
#6564=DIRECTION('ref_axis',(-1.,0.,0.));
#6565=DIRECTION('',(0.,0.,-1.));
#6566=DIRECTION('',(0.,0.,-1.));
#6567=DIRECTION('',(0.,0.,-1.));
#6568=DIRECTION('',(0.,0.,-1.));
#6569=DIRECTION('',(0.,0.,-1.));
#6570=DIRECTION('',(0.,0.,-1.));
#6571=DIRECTION('',(0.,0.,-1.));
#6572=DIRECTION('',(0.,0.,-1.));
#6573=DIRECTION('',(0.,0.,-1.));
#6574=DIRECTION('center_axis',(0.99998441649593,-0.00558272024145269,0.));
#6575=DIRECTION('ref_axis',(-0.00558272024145269,-0.99998441649593,0.));
#6576=DIRECTION('',(-0.00558272024145269,-0.99998441649593,0.));
#6577=DIRECTION('',(0.,0.,-1.));
#6578=DIRECTION('',(-0.00558272024145269,-0.99998441649593,0.));
#6579=DIRECTION('center_axis',(-0.00558272024145248,-0.99998441649593,0.));
#6580=DIRECTION('ref_axis',(-0.99998441649593,0.00558272024145248,0.));
#6581=DIRECTION('',(-0.99998441649593,0.00558272024145248,0.));
#6582=DIRECTION('',(0.,0.,-1.));
#6583=DIRECTION('',(-0.99998441649593,0.00558272024145248,0.));
#6584=DIRECTION('center_axis',(-0.99998441649593,0.0055827202414565,0.));
#6585=DIRECTION('ref_axis',(0.0055827202414565,0.99998441649593,0.));
#6586=DIRECTION('',(0.0055827202414565,0.99998441649593,0.));
#6587=DIRECTION('',(0.0055827202414565,0.99998441649593,0.));
#6588=DIRECTION('center_axis',(-0.99998441649593,0.0055827202414533,0.));
#6589=DIRECTION('ref_axis',(0.0055827202414533,0.99998441649593,0.));
#6590=DIRECTION('',(0.0055827202414533,0.99998441649593,0.));
#6591=DIRECTION('',(0.,0.,-1.));
#6592=DIRECTION('',(0.0055827202414533,0.99998441649593,0.));
#6593=DIRECTION('',(0.,0.,-1.));
#6594=DIRECTION('',(0.,0.,-1.));
#6595=DIRECTION('',(0.,0.,-1.));
#6596=DIRECTION('',(0.,0.,-1.));
#6597=DIRECTION('',(0.,0.,-1.));
#6598=DIRECTION('',(0.,0.,-1.));
#6599=DIRECTION('',(0.,0.,-1.));
#6600=DIRECTION('',(0.,0.,-1.));
#6601=DIRECTION('',(0.,0.,-1.));
#6602=DIRECTION('center_axis',(0.99998441649593,-0.005582720241453,0.));
#6603=DIRECTION('ref_axis',(-0.005582720241453,-0.99998441649593,0.));
#6604=DIRECTION('',(-0.005582720241453,-0.99998441649593,0.));
#6605=DIRECTION('',(0.,0.,-1.));
#6606=DIRECTION('',(-0.005582720241453,-0.99998441649593,0.));
#6607=DIRECTION('center_axis',(0.00558272024145257,0.99998441649593,0.));
#6608=DIRECTION('ref_axis',(0.99998441649593,-0.00558272024145257,0.));
#6609=DIRECTION('',(0.99998441649593,-0.00558272024145257,0.));
#6610=DIRECTION('',(0.99998441649593,-0.00558272024145257,0.));
#6611=DIRECTION('center_axis',(0.,0.,1.));
#6612=DIRECTION('ref_axis',(-1.,0.,0.));
#6613=DIRECTION('',(0.,0.,-1.));
#6614=DIRECTION('',(0.,0.,-1.));
#6615=DIRECTION('',(0.,0.,-1.));
#6616=DIRECTION('',(0.,0.,-1.));
#6617=DIRECTION('',(0.,0.,-1.));
#6618=DIRECTION('',(0.,0.,-1.));
#6619=DIRECTION('',(0.,0.,-1.));
#6620=DIRECTION('center_axis',(0.99998441649593,-0.00558272024144941,0.));
#6621=DIRECTION('ref_axis',(-0.00558272024144941,-0.99998441649593,0.));
#6622=DIRECTION('',(-0.00558272024144941,-0.99998441649593,0.));
#6623=DIRECTION('',(0.,0.,-1.));
#6624=DIRECTION('',(-0.00558272024144941,-0.99998441649593,0.));
#6625=DIRECTION('center_axis',(-0.00558272024145251,-0.99998441649593,0.));
#6626=DIRECTION('ref_axis',(-0.99998441649593,0.00558272024145251,0.));
#6627=DIRECTION('',(-0.99998441649593,0.00558272024145251,0.));
#6628=DIRECTION('',(0.,0.,-1.));
#6629=DIRECTION('',(-0.99998441649593,0.00558272024145251,0.));
#6630=DIRECTION('center_axis',(-0.99998441649593,0.00558272024145115,0.));
#6631=DIRECTION('ref_axis',(0.00558272024145115,0.99998441649593,0.));
#6632=DIRECTION('',(0.00558272024145115,0.99998441649593,0.));
#6633=DIRECTION('',(0.00558272024145115,0.99998441649593,0.));
#6634=DIRECTION('center_axis',(-0.00558272024145248,-0.99998441649593,0.));
#6635=DIRECTION('ref_axis',(-0.99998441649593,0.00558272024145248,0.));
#6636=DIRECTION('',(-0.99998441649593,0.00558272024145248,0.));
#6637=DIRECTION('',(0.,0.,-1.));
#6638=DIRECTION('',(-0.99998441649593,0.00558272024145248,0.));
#6639=DIRECTION('',(0.,0.,-1.));
#6640=DIRECTION('center_axis',(-0.99998441649593,0.00558272024145006,0.));
#6641=DIRECTION('ref_axis',(0.00558272024145006,0.99998441649593,0.));
#6642=DIRECTION('',(0.00558272024145006,0.99998441649593,0.));
#6643=DIRECTION('',(0.,0.,-1.));
#6644=DIRECTION('',(0.00558272024145006,0.99998441649593,0.));
#6645=DIRECTION('',(0.,0.,-1.));
#6646=DIRECTION('',(0.,0.,-1.));
#6647=DIRECTION('',(0.,0.,-1.));
#6648=DIRECTION('',(0.,0.,-1.));
#6649=DIRECTION('',(0.,0.,-1.));
#6650=DIRECTION('',(0.,0.,-1.));
#6651=DIRECTION('',(0.,0.,-1.));
#6652=DIRECTION('center_axis',(0.99998441649593,-0.00558272024145285,0.));
#6653=DIRECTION('ref_axis',(-0.00558272024145285,-0.99998441649593,0.));
#6654=DIRECTION('',(-0.00558272024145285,-0.99998441649593,0.));
#6655=DIRECTION('',(0.,0.,-1.));
#6656=DIRECTION('',(-0.00558272024145285,-0.99998441649593,0.));
#6657=DIRECTION('center_axis',(0.00558272024145265,0.99998441649593,0.));
#6658=DIRECTION('ref_axis',(0.99998441649593,-0.00558272024145265,0.));
#6659=DIRECTION('',(0.99998441649593,-0.00558272024145265,0.));
#6660=DIRECTION('',(0.,0.,-1.));
#6661=DIRECTION('',(0.99998441649593,-0.00558272024145265,0.));
#6662=DIRECTION('center_axis',(-0.99998441649593,0.00558272024145304,0.));
#6663=DIRECTION('ref_axis',(0.00558272024145304,0.99998441649593,0.));
#6664=DIRECTION('',(0.00558272024145304,0.99998441649593,0.));
#6665=DIRECTION('',(0.00558272024145304,0.99998441649593,0.));
#6666=DIRECTION('center_axis',(0.,0.,1.));
#6667=DIRECTION('ref_axis',(-1.,0.,0.));
#6668=DIRECTION('center_axis',(-0.347262335023348,-0.937768026045958,0.));
#6669=DIRECTION('ref_axis',(-0.937768026045958,0.347262335023348,0.));
#6670=DIRECTION('',(-0.937768026045958,0.347262335023348,0.));
#6671=DIRECTION('',(0.,0.,-1.));
#6672=DIRECTION('',(-0.937768026045958,0.347262335023348,0.));
#6673=DIRECTION('',(0.,0.,-1.));
#6674=DIRECTION('center_axis',(-0.342860732979948,0.939386245258282,0.));
#6675=DIRECTION('ref_axis',(0.939386245258282,0.342860732979948,0.));
#6676=DIRECTION('',(0.939386245258282,0.342860732979948,0.));
#6677=DIRECTION('',(0.,0.,-1.));
#6678=DIRECTION('',(0.939386245258282,0.342860732979948,0.));
#6679=DIRECTION('center_axis',(0.99998441649593,-0.00558272024145162,0.));
#6680=DIRECTION('ref_axis',(-0.00558272024145162,-0.99998441649593,0.));
#6681=DIRECTION('',(-0.00558272024145162,-0.99998441649593,0.));
#6682=DIRECTION('',(-0.00558272024145162,-0.99998441649593,0.));
#6683=DIRECTION('center_axis',(0.99998441649593,-0.00558272024145527,0.));
#6684=DIRECTION('ref_axis',(-0.00558272024145527,-0.99998441649593,0.));
#6685=DIRECTION('',(-0.00558272024145527,-0.99998441649593,0.));
#6686=DIRECTION('',(0.,0.,-1.));
#6687=DIRECTION('',(-0.00558272024145527,-0.99998441649593,0.));
#6688=DIRECTION('',(0.,0.,-1.));
#6689=DIRECTION('center_axis',(0.368133309780521,0.929773018661027,0.));
#6690=DIRECTION('ref_axis',(0.929773018661027,-0.368133309780521,0.));
#6691=DIRECTION('',(0.929773018661027,-0.368133309780521,0.));
#6692=DIRECTION('',(0.,0.,-1.));
#6693=DIRECTION('',(0.929773018661027,-0.368133309780521,0.));
#6694=DIRECTION('center_axis',(-0.99998441649593,0.00558272024145098,0.));
#6695=DIRECTION('ref_axis',(0.00558272024145098,0.99998441649593,0.));
#6696=DIRECTION('',(0.00558272024145098,0.99998441649593,0.));
#6697=DIRECTION('',(0.,0.,-1.));
#6698=DIRECTION('',(0.00558272024145098,0.99998441649593,0.));
#6699=DIRECTION('center_axis',(-0.346758570627283,-0.937954419839538,0.));
#6700=DIRECTION('ref_axis',(-0.937954419839538,0.346758570627283,0.));
#6701=DIRECTION('',(-0.937954419839538,0.346758570627283,0.));
#6702=DIRECTION('',(0.,0.,-1.));
#6703=DIRECTION('',(-0.937954419839538,0.346758570627283,0.));
#6704=DIRECTION('center_axis',(-0.99998441649593,0.0055827202414515,0.));
#6705=DIRECTION('ref_axis',(0.0055827202414515,0.99998441649593,0.));
#6706=DIRECTION('',(0.0055827202414515,0.99998441649593,0.));
#6707=DIRECTION('',(0.,0.,-1.));
#6708=DIRECTION('',(0.0055827202414515,0.99998441649593,0.));
#6709=DIRECTION('center_axis',(-0.353573378569778,0.935406791704418,0.));
#6710=DIRECTION('ref_axis',(0.935406791704418,0.353573378569778,0.));
#6711=DIRECTION('',(0.935406791704418,0.353573378569778,0.));
#6712=DIRECTION('',(0.,0.,-1.));
#6713=DIRECTION('',(0.935406791704418,0.353573378569778,0.));
#6714=DIRECTION('center_axis',(-0.99998441649593,0.00558272024145192,0.));
#6715=DIRECTION('ref_axis',(0.00558272024145192,0.99998441649593,0.));
#6716=DIRECTION('',(0.00558272024145192,0.99998441649593,0.));
#6717=DIRECTION('',(0.,0.,-1.));
#6718=DIRECTION('',(0.00558272024145192,0.99998441649593,0.));
#6719=DIRECTION('center_axis',(0.366529190888429,-0.930406552119381,0.));
#6720=DIRECTION('ref_axis',(-0.930406552119381,-0.366529190888429,0.));
#6721=DIRECTION('',(-0.930406552119381,-0.366529190888429,0.));
#6722=DIRECTION('',(-0.930406552119381,-0.366529190888429,0.));
#6723=DIRECTION('center_axis',(0.,0.,-1.));
#6724=DIRECTION('ref_axis',(-1.,0.,0.));
#6725=DIRECTION('center_axis',(-0.00558272024145271,-0.99998441649593,0.));
#6726=DIRECTION('ref_axis',(-0.99998441649593,0.00558272024145271,0.));
#6727=DIRECTION('',(-0.99998441649593,0.00558272024145271,0.));
#6728=DIRECTION('',(0.,0.,-1.));
#6729=DIRECTION('',(-0.99998441649593,0.00558272024145271,0.));
#6730=DIRECTION('',(0.,0.,-1.));
#6731=DIRECTION('center_axis',(-0.70375672026141,-0.710441045187357,0.));
#6732=DIRECTION('ref_axis',(-0.710441045187357,0.70375672026141,0.));
#6733=DIRECTION('',(-0.710441045187357,0.70375672026141,0.));
#6734=DIRECTION('',(0.,0.,-1.));
#6735=DIRECTION('',(-0.710441045187357,0.70375672026141,0.));
#6736=DIRECTION('center_axis',(-0.500605177388348,0.865675722411101,0.));
#6737=DIRECTION('ref_axis',(0.865675722411101,0.500605177388348,0.));
#6738=DIRECTION('',(0.865675722411101,0.500605177388348,0.));
#6739=DIRECTION('',(0.,0.,-1.));
#6740=DIRECTION('',(0.865675722411101,0.500605177388348,0.));
#6741=DIRECTION('center_axis',(-0.99998441649593,0.00558272024145515,0.));
#6742=DIRECTION('ref_axis',(0.00558272024145515,0.99998441649593,0.));
#6743=DIRECTION('',(0.00558272024145515,0.99998441649593,0.));
#6744=DIRECTION('',(0.,0.,-1.));
#6745=DIRECTION('',(0.00558272024145515,0.99998441649593,0.));
#6746=DIRECTION('center_axis',(0.540464097680517,-0.841367077510396,0.));
#6747=DIRECTION('ref_axis',(-0.841367077510396,-0.540464097680517,0.));
#6748=DIRECTION('',(-0.841367077510396,-0.540464097680517,0.));
#6749=DIRECTION('',(0.,0.,-1.));
#6750=DIRECTION('',(-0.841367077510396,-0.540464097680517,0.));
#6751=DIRECTION('center_axis',(-0.699046693769361,-0.715076023881465,0.));
#6752=DIRECTION('ref_axis',(-0.715076023881465,0.699046693769361,0.));
#6753=DIRECTION('',(-0.715076023881465,0.699046693769361,0.));
#6754=DIRECTION('',(0.,0.,-1.));
#6755=DIRECTION('',(-0.715076023881465,0.699046693769361,0.));
#6756=DIRECTION('center_axis',(0.99998441649593,-0.00558272024145417,0.));
#6757=DIRECTION('ref_axis',(-0.00558272024145417,-0.99998441649593,0.));
#6758=DIRECTION('',(-0.00558272024145417,-0.99998441649593,0.));
#6759=DIRECTION('',(0.,0.,-1.));
#6760=DIRECTION('',(-0.00558272024145417,-0.99998441649593,0.));
#6761=DIRECTION('center_axis',(0.680593444211893,0.732661288520004,0.));
#6762=DIRECTION('ref_axis',(0.732661288520004,-0.680593444211893,0.));
#6763=DIRECTION('',(0.732661288520004,-0.680593444211893,0.));
#6764=DIRECTION('',(0.,0.,-1.));
#6765=DIRECTION('',(0.732661288520004,-0.680593444211893,0.));
#6766=DIRECTION('center_axis',(-0.00558272024145266,-0.99998441649593,0.));
#6767=DIRECTION('ref_axis',(-0.99998441649593,0.00558272024145266,0.));
#6768=DIRECTION('',(-0.99998441649593,0.00558272024145266,0.));
#6769=DIRECTION('',(0.,0.,-1.));
#6770=DIRECTION('',(-0.99998441649593,0.00558272024145266,0.));
#6771=DIRECTION('center_axis',(0.99998441649593,-0.00558272024145338,0.));
#6772=DIRECTION('ref_axis',(-0.00558272024145338,-0.99998441649593,0.));
#6773=DIRECTION('',(-0.00558272024145338,-0.99998441649593,0.));
#6774=DIRECTION('',(0.,0.,-1.));
#6775=DIRECTION('',(-0.00558272024145338,-0.99998441649593,0.));
#6776=DIRECTION('center_axis',(0.00558272024145265,0.99998441649593,0.));
#6777=DIRECTION('ref_axis',(0.99998441649593,-0.00558272024145265,0.));
#6778=DIRECTION('',(0.99998441649593,-0.00558272024145265,0.));
#6779=DIRECTION('',(0.,0.,-1.));
#6780=DIRECTION('',(0.99998441649593,-0.00558272024145265,0.));
#6781=DIRECTION('center_axis',(-0.99998441649593,0.00558272024145338,0.));
#6782=DIRECTION('ref_axis',(0.00558272024145338,0.99998441649593,0.));
#6783=DIRECTION('',(0.00558272024145338,0.99998441649593,0.));
#6784=DIRECTION('',(0.00558272024145338,0.99998441649593,0.));
#6785=DIRECTION('center_axis',(0.,0.,-1.));
#6786=DIRECTION('ref_axis',(-1.,0.,0.));
#6787=DIRECTION('',(0.,0.,-1.));
#6788=DIRECTION('',(0.,0.,-1.));
#6789=DIRECTION('',(0.,0.,-1.));
#6790=DIRECTION('',(0.,0.,-1.));
#6791=DIRECTION('',(0.,0.,-1.));
#6792=DIRECTION('',(0.,0.,-1.));
#6793=DIRECTION('',(0.,0.,-1.));
#6794=DIRECTION('',(0.,0.,-1.));
#6795=DIRECTION('center_axis',(-0.973910003412509,-0.226934583642614,0.));
#6796=DIRECTION('ref_axis',(-0.226934583642614,0.973910003412509,0.));
#6797=DIRECTION('',(-0.226934583642614,0.973910003412509,0.));
#6798=DIRECTION('',(0.,0.,-1.));
#6799=DIRECTION('',(-0.226934583642614,0.973910003412509,0.));
#6800=DIRECTION('',(0.,0.,-1.));
#6801=DIRECTION('',(0.,0.,-1.));
#6802=DIRECTION('',(0.,0.,-1.));
#6803=DIRECTION('',(0.,0.,-1.));
#6804=DIRECTION('',(0.,0.,-1.));
#6805=DIRECTION('',(0.,0.,-1.));
#6806=DIRECTION('',(0.,0.,-1.));
#6807=DIRECTION('',(0.,0.,-1.));
#6808=DIRECTION('center_axis',(0.951528410217193,-0.307560863162954,0.));
#6809=DIRECTION('ref_axis',(-0.307560863162954,-0.951528410217193,0.));
#6810=DIRECTION('',(-0.307560863162954,-0.951528410217193,0.));
#6811=DIRECTION('',(0.,0.,-1.));
#6812=DIRECTION('',(-0.307560863162954,-0.951528410217193,0.));
#6813=DIRECTION('center_axis',(0.,0.,1.));
#6814=DIRECTION('ref_axis',(-1.,0.,0.));
#6815=DIRECTION('center_axis',(-0.00558272024145213,-0.99998441649593,0.));
#6816=DIRECTION('ref_axis',(-0.99998441649593,0.00558272024145213,0.));
#6817=DIRECTION('',(-0.99998441649593,0.00558272024145213,0.));
#6818=DIRECTION('',(0.,0.,-1.));
#6819=DIRECTION('',(-0.99998441649593,0.00558272024145213,0.));
#6820=DIRECTION('',(0.,0.,-1.));
#6821=DIRECTION('center_axis',(-0.99998441649593,0.00558272024145308,0.));
#6822=DIRECTION('ref_axis',(0.00558272024145308,0.99998441649593,0.));
#6823=DIRECTION('',(0.00558272024145308,0.99998441649593,0.));
#6824=DIRECTION('',(0.,0.,-1.));
#6825=DIRECTION('',(0.00558272024145308,0.99998441649593,0.));
#6826=DIRECTION('center_axis',(0.00558272024145286,0.99998441649593,0.));
#6827=DIRECTION('ref_axis',(0.99998441649593,-0.00558272024145286,0.));
#6828=DIRECTION('',(0.99998441649593,-0.00558272024145286,0.));
#6829=DIRECTION('',(0.,0.,-1.));
#6830=DIRECTION('',(0.99998441649593,-0.00558272024145286,0.));
#6831=DIRECTION('center_axis',(-0.99998441649593,0.00558272024145338,0.));
#6832=DIRECTION('ref_axis',(0.00558272024145338,0.99998441649593,0.));
#6833=DIRECTION('',(0.00558272024145338,0.99998441649593,0.));
#6834=DIRECTION('',(0.,0.,-1.));
#6835=DIRECTION('',(0.00558272024145338,0.99998441649593,0.));
#6836=DIRECTION('center_axis',(-0.00558272024145257,-0.99998441649593,0.));
#6837=DIRECTION('ref_axis',(-0.99998441649593,0.00558272024145257,0.));
#6838=DIRECTION('',(-0.99998441649593,0.00558272024145257,0.));
#6839=DIRECTION('',(0.,0.,-1.));
#6840=DIRECTION('',(-0.99998441649593,0.00558272024145257,0.));
#6841=DIRECTION('center_axis',(0.99998441649593,-0.00558272024145338,0.));
#6842=DIRECTION('ref_axis',(-0.00558272024145338,-0.99998441649593,0.));
#6843=DIRECTION('',(-0.00558272024145338,-0.99998441649593,0.));
#6844=DIRECTION('',(0.,0.,-1.));
#6845=DIRECTION('',(-0.00558272024145338,-0.99998441649593,0.));
#6846=DIRECTION('center_axis',(0.00558272024145303,0.99998441649593,0.));
#6847=DIRECTION('ref_axis',(0.99998441649593,-0.00558272024145303,0.));
#6848=DIRECTION('',(0.99998441649593,-0.00558272024145303,0.));
#6849=DIRECTION('',(0.,0.,-1.));
#6850=DIRECTION('',(0.99998441649593,-0.00558272024145303,0.));
#6851=DIRECTION('center_axis',(0.99998441649593,-0.00558272024145308,0.));
#6852=DIRECTION('ref_axis',(-0.00558272024145308,-0.99998441649593,0.));
#6853=DIRECTION('',(-0.00558272024145308,-0.99998441649593,0.));
#6854=DIRECTION('',(0.,0.,-1.));
#6855=DIRECTION('',(-0.00558272024145308,-0.99998441649593,0.));
#6856=DIRECTION('center_axis',(-0.00558272024145222,-0.99998441649593,0.));
#6857=DIRECTION('ref_axis',(-0.99998441649593,0.00558272024145222,0.));
#6858=DIRECTION('',(-0.99998441649593,0.00558272024145222,0.));
#6859=DIRECTION('',(0.,0.,-1.));
#6860=DIRECTION('',(-0.99998441649593,0.00558272024145222,0.));
#6861=DIRECTION('center_axis',(0.99998441649593,-0.00558272024145338,0.));
#6862=DIRECTION('ref_axis',(-0.00558272024145338,-0.99998441649593,0.));
#6863=DIRECTION('',(-0.00558272024145338,-0.99998441649593,0.));
#6864=DIRECTION('',(0.,0.,-1.));
#6865=DIRECTION('',(-0.00558272024145338,-0.99998441649593,0.));
#6866=DIRECTION('center_axis',(0.00558272024145257,0.99998441649593,0.));
#6867=DIRECTION('ref_axis',(0.99998441649593,-0.00558272024145257,0.));
#6868=DIRECTION('',(0.99998441649593,-0.00558272024145257,0.));
#6869=DIRECTION('',(0.,0.,-1.));
#6870=DIRECTION('',(0.99998441649593,-0.00558272024145257,0.));
#6871=DIRECTION('center_axis',(-0.99998441649593,0.00558272024145338,0.));
#6872=DIRECTION('ref_axis',(0.00558272024145338,0.99998441649593,0.));
#6873=DIRECTION('',(0.00558272024145338,0.99998441649593,0.));
#6874=DIRECTION('',(0.00558272024145338,0.99998441649593,0.));
#6875=DIRECTION('center_axis',(0.,0.,-1.));
#6876=DIRECTION('ref_axis',(-1.,0.,0.));
#6877=DIRECTION('center_axis',(0.,0.,1.));
#6878=DIRECTION('ref_axis',(1.,0.,0.));
#6879=DIRECTION('center_axis',(0.,0.,1.));
#6880=DIRECTION('ref_axis',(1.,0.,0.));
#6881=DIRECTION('center_axis',(0.,0.,1.));
#6882=DIRECTION('ref_axis',(1.,0.,0.));
#6883=DIRECTION('center_axis',(0.,0.,1.));
#6884=DIRECTION('ref_axis',(1.,0.,0.));
#6885=DIRECTION('center_axis',(0.,1.,0.));
#6886=DIRECTION('ref_axis',(0.707106781186544,0.,0.707106781186551));
#6887=DIRECTION('center_axis',(0.,1.,0.));
#6888=DIRECTION('ref_axis',(0.,0.,1.));
#6889=DIRECTION('',(0.,1.,0.));
#6890=DIRECTION('center_axis',(0.,-1.,0.));
#6891=DIRECTION('ref_axis',(1.,0.,0.));
#6892=DIRECTION('',(0.,-1.,0.));
#6893=DIRECTION('center_axis',(-1.,0.,0.));
#6894=DIRECTION('ref_axis',(0.,-0.707106781186544,0.707106781186551));
#6895=DIRECTION('center_axis',(-1.,0.,0.));
#6896=DIRECTION('ref_axis',(0.,-1.,0.));
#6897=DIRECTION('',(-1.,0.,0.));
#6898=DIRECTION('center_axis',(1.,0.,0.));
#6899=DIRECTION('ref_axis',(0.,0.,1.));
#6900=DIRECTION('',(1.,0.,0.));
#6901=DIRECTION('center_axis',(0.,1.,0.));
#6902=DIRECTION('ref_axis',(-0.707106781186544,0.,0.707106781186551));
#6903=DIRECTION('center_axis',(0.,1.,0.));
#6904=DIRECTION('ref_axis',(-1.,0.,0.));
#6905=DIRECTION('',(0.,1.,0.));
#6906=DIRECTION('center_axis',(0.,-1.,0.));
#6907=DIRECTION('ref_axis',(0.,0.,1.));
#6908=DIRECTION('',(0.,-1.,0.));
#6909=DIRECTION('center_axis',(-1.,0.,0.));
#6910=DIRECTION('ref_axis',(0.,0.707106781186544,0.707106781186551));
#6911=DIRECTION('center_axis',(-1.,0.,0.));
#6912=DIRECTION('ref_axis',(0.,0.,1.));
#6913=DIRECTION('',(-1.,0.,0.));
#6914=DIRECTION('center_axis',(1.,-8.88178419700128E-15,0.));
#6915=DIRECTION('ref_axis',(8.88178419700128E-15,1.,0.));
#6916=DIRECTION('',(1.,0.,0.));
#6917=DIRECTION('center_axis',(-0.40824829046386,-0.816496580927727,0.408248290463864));
#6918=DIRECTION('ref_axis',(-0.577350269189623,0.577350269189623,0.577350269189631));
#6919=DIRECTION('center_axis',(0.,0.,1.));
#6920=DIRECTION('ref_axis',(-0.707106781186548,0.707106781186548,0.));
#6921=DIRECTION('center_axis',(0.40824829046386,-0.816496580927727,-0.408248290463864));
#6922=DIRECTION('ref_axis',(-0.577350269189625,-0.577350269189625,0.577350269189628));
#6923=DIRECTION('center_axis',(0.,0.,1.));
#6924=DIRECTION('ref_axis',(-0.707106781186548,-0.707106781186548,0.));
#6925=DIRECTION('center_axis',(-0.40824829046386,-0.816496580927727,-0.408248290463864));
#6926=DIRECTION('ref_axis',(0.577350269189625,-0.577350269189625,0.577350269189628));
#6927=DIRECTION('center_axis',(0.,0.,1.));
#6928=DIRECTION('ref_axis',(0.707106781186548,-0.707106781186548,0.));
#6929=DIRECTION('center_axis',(0.40824829046386,-0.816496580927727,0.408248290463864));
#6930=DIRECTION('ref_axis',(0.577350269189623,0.577350269189623,0.577350269189631));
#6931=DIRECTION('center_axis',(0.,0.,1.));
#6932=DIRECTION('ref_axis',(0.707106781186548,0.707106781186548,0.));
#6933=DIRECTION('center_axis',(0.,0.,1.));
#6934=DIRECTION('ref_axis',(-0.707106781186548,-0.707106781186548,0.));
#6935=DIRECTION('',(0.,0.,-1.));
#6936=DIRECTION('center_axis',(0.,0.,1.));
#6937=DIRECTION('ref_axis',(-0.707106781186548,-0.707106781186548,0.));
#6938=DIRECTION('',(0.,0.,1.));
#6939=DIRECTION('center_axis',(-1.,0.,0.));
#6940=DIRECTION('ref_axis',(0.,0.,1.));
#6941=DIRECTION('',(0.,0.,1.));
#6942=DIRECTION('',(0.,-1.,0.));
#6943=DIRECTION('center_axis',(0.,0.,-1.));
#6944=DIRECTION('ref_axis',(-0.707106781186548,0.707106781186548,0.));
#6945=DIRECTION('',(0.,0.,-1.));
#6946=DIRECTION('center_axis',(0.,0.,1.));
#6947=DIRECTION('ref_axis',(-0.707106781186548,0.707106781186548,0.));
#6948=DIRECTION('center_axis',(0.,1.,0.));
#6949=DIRECTION('ref_axis',(0.,0.,1.));
#6950=DIRECTION('',(0.,0.,1.));
#6951=DIRECTION('',(1.,0.,0.));
#6952=DIRECTION('center_axis',(0.,0.,1.));
#6953=DIRECTION('ref_axis',(1.,0.,0.));
#6954=DIRECTION('center_axis',(0.,0.,-1.));
#6955=DIRECTION('ref_axis',(1.,0.,0.));
#6956=DIRECTION('center_axis',(0.,0.,-1.));
#6957=DIRECTION('ref_axis',(1.,0.,0.));
#6958=DIRECTION('center_axis',(0.,0.,-1.));
#6959=DIRECTION('ref_axis',(0.,1.,0.));
#6960=DIRECTION('',(1.,0.,0.));
#6961=DIRECTION('center_axis',(0.,0.,-1.));
#6962=DIRECTION('ref_axis',(1.,0.,0.));
#6963=DIRECTION('',(0.,-1.,0.));
#6964=DIRECTION('center_axis',(0.,0.,-1.));
#6965=DIRECTION('ref_axis',(0.,-1.,0.));
#6966=DIRECTION('',(-1.,0.,0.));
#6967=DIRECTION('center_axis',(0.,0.,-1.));
#6968=DIRECTION('ref_axis',(-1.,0.,0.));
#6969=DIRECTION('',(0.,1.,0.));
#6970=DIRECTION('center_axis',(0.,0.,-1.));
#6971=DIRECTION('ref_axis',(0.,1.,0.));
#6972=DIRECTION('',(1.,0.,0.));
#6973=DIRECTION('center_axis',(0.,0.,-1.));
#6974=DIRECTION('ref_axis',(1.,0.,0.));
#6975=DIRECTION('',(0.,-1.,0.));
#6976=DIRECTION('center_axis',(0.,0.,-1.));
#6977=DIRECTION('ref_axis',(0.,-1.,0.));
#6978=DIRECTION('',(-1.,0.,0.));
#6979=DIRECTION('center_axis',(0.,0.,-1.));
#6980=DIRECTION('ref_axis',(-1.,0.,0.));
#6981=DIRECTION('',(0.,1.,0.));
#6982=DIRECTION('center_axis',(0.,0.,-1.));
#6983=DIRECTION('ref_axis',(0.,1.,0.));
#6984=DIRECTION('',(1.,0.,0.));
#6985=DIRECTION('center_axis',(0.,0.,-1.));
#6986=DIRECTION('ref_axis',(1.,0.,0.));
#6987=DIRECTION('',(0.,-1.,0.));
#6988=DIRECTION('center_axis',(0.,0.,-1.));
#6989=DIRECTION('ref_axis',(0.,-1.,0.));
#6990=DIRECTION('',(-1.,0.,0.));
#6991=DIRECTION('center_axis',(0.,0.,-1.));
#6992=DIRECTION('ref_axis',(-1.,0.,0.));
#6993=DIRECTION('',(0.,1.,0.));
#6994=DIRECTION('center_axis',(0.,0.,-1.));
#6995=DIRECTION('ref_axis',(0.,1.,0.));
#6996=DIRECTION('',(1.,0.,0.));
#6997=DIRECTION('center_axis',(0.,0.,-1.));
#6998=DIRECTION('ref_axis',(1.,0.,0.));
#6999=DIRECTION('',(0.,-1.,0.));
#7000=DIRECTION('center_axis',(0.,0.,-1.));
#7001=DIRECTION('ref_axis',(0.,-1.,0.));
#7002=DIRECTION('',(-1.,0.,0.));
#7003=DIRECTION('center_axis',(0.,0.,-1.));
#7004=DIRECTION('ref_axis',(-1.,0.,0.));
#7005=DIRECTION('',(0.,1.,0.));
#7006=DIRECTION('center_axis',(0.,0.,-1.));
#7007=DIRECTION('ref_axis',(0.,1.,0.));
#7008=DIRECTION('',(1.,0.,0.));
#7009=DIRECTION('center_axis',(0.,0.,-1.));
#7010=DIRECTION('ref_axis',(1.,0.,0.));
#7011=DIRECTION('',(0.,-1.,0.));
#7012=DIRECTION('center_axis',(0.,0.,-1.));
#7013=DIRECTION('ref_axis',(0.,-1.,0.));
#7014=DIRECTION('',(-1.,0.,0.));
#7015=DIRECTION('center_axis',(0.,0.,-1.));
#7016=DIRECTION('ref_axis',(-1.,0.,0.));
#7017=DIRECTION('',(0.,1.,0.));
#7018=DIRECTION('center_axis',(0.,0.,-1.));
#7019=DIRECTION('ref_axis',(0.,1.,0.));
#7020=DIRECTION('',(1.,0.,0.));
#7021=DIRECTION('center_axis',(0.,0.,-1.));
#7022=DIRECTION('ref_axis',(1.,0.,0.));
#7023=DIRECTION('',(0.,-1.,0.));
#7024=DIRECTION('center_axis',(0.,0.,-1.));
#7025=DIRECTION('ref_axis',(0.,-1.,0.));
#7026=DIRECTION('',(-1.,0.,0.));
#7027=DIRECTION('center_axis',(0.,0.,-1.));
#7028=DIRECTION('ref_axis',(-1.,0.,0.));
#7029=DIRECTION('',(0.,1.,0.));
#7030=DIRECTION('center_axis',(0.,0.,-1.));
#7031=DIRECTION('ref_axis',(0.,1.,0.));
#7032=DIRECTION('',(1.,0.,0.));
#7033=DIRECTION('center_axis',(0.,0.,-1.));
#7034=DIRECTION('ref_axis',(1.,0.,0.));
#7035=DIRECTION('',(0.,-1.,0.));
#7036=DIRECTION('center_axis',(0.,0.,-1.));
#7037=DIRECTION('ref_axis',(0.,-1.,0.));
#7038=DIRECTION('',(-1.,0.,0.));
#7039=DIRECTION('center_axis',(0.,0.,-1.));
#7040=DIRECTION('ref_axis',(-1.,0.,0.));
#7041=DIRECTION('',(0.,1.,0.));
#7042=DIRECTION('center_axis',(0.,0.,-1.));
#7043=DIRECTION('ref_axis',(0.,1.,0.));
#7044=DIRECTION('',(1.,0.,0.));
#7045=DIRECTION('center_axis',(0.,0.,-1.));
#7046=DIRECTION('ref_axis',(1.,0.,0.));
#7047=DIRECTION('',(0.,-1.,0.));
#7048=DIRECTION('center_axis',(0.,0.,-1.));
#7049=DIRECTION('ref_axis',(0.,-1.,0.));
#7050=DIRECTION('',(-1.,0.,0.));
#7051=DIRECTION('center_axis',(0.,0.,-1.));
#7052=DIRECTION('ref_axis',(-1.,0.,0.));
#7053=DIRECTION('',(0.,1.,0.));
#7054=DIRECTION('center_axis',(0.,0.,-1.));
#7055=DIRECTION('ref_axis',(0.,1.,0.));
#7056=DIRECTION('',(1.,0.,0.));
#7057=DIRECTION('center_axis',(0.,0.,-1.));
#7058=DIRECTION('ref_axis',(1.,0.,0.));
#7059=DIRECTION('',(0.,-1.,0.));
#7060=DIRECTION('center_axis',(0.,0.,-1.));
#7061=DIRECTION('ref_axis',(0.,-1.,0.));
#7062=DIRECTION('',(-1.,0.,0.));
#7063=DIRECTION('center_axis',(0.,0.,-1.));
#7064=DIRECTION('ref_axis',(-1.,0.,0.));
#7065=DIRECTION('',(0.,1.,0.));
#7066=DIRECTION('center_axis',(0.,0.,-1.));
#7067=DIRECTION('ref_axis',(0.,1.,0.));
#7068=DIRECTION('',(1.,0.,0.));
#7069=DIRECTION('center_axis',(0.,0.,-1.));
#7070=DIRECTION('ref_axis',(1.,0.,0.));
#7071=DIRECTION('',(0.,-1.,0.));
#7072=DIRECTION('center_axis',(0.,0.,-1.));
#7073=DIRECTION('ref_axis',(0.,-1.,0.));
#7074=DIRECTION('',(-1.,0.,0.));
#7075=DIRECTION('center_axis',(0.,0.,-1.));
#7076=DIRECTION('ref_axis',(-1.,0.,0.));
#7077=DIRECTION('',(0.,1.,0.));
#7078=DIRECTION('center_axis',(0.,0.,-1.));
#7079=DIRECTION('ref_axis',(0.,1.,0.));
#7080=DIRECTION('',(1.,0.,0.));
#7081=DIRECTION('center_axis',(0.,0.,-1.));
#7082=DIRECTION('ref_axis',(1.,0.,0.));
#7083=DIRECTION('',(0.,-1.,0.));
#7084=DIRECTION('center_axis',(0.,0.,-1.));
#7085=DIRECTION('ref_axis',(0.,-1.,0.));
#7086=DIRECTION('',(-1.,0.,0.));
#7087=DIRECTION('center_axis',(0.,0.,-1.));
#7088=DIRECTION('ref_axis',(-1.,0.,0.));
#7089=DIRECTION('',(0.,1.,0.));
#7090=DIRECTION('center_axis',(0.,0.,-1.));
#7091=DIRECTION('ref_axis',(0.,1.,0.));
#7092=DIRECTION('',(1.,0.,0.));
#7093=DIRECTION('center_axis',(0.,0.,-1.));
#7094=DIRECTION('ref_axis',(1.,0.,0.));
#7095=DIRECTION('',(0.,-1.,0.));
#7096=DIRECTION('center_axis',(0.,0.,-1.));
#7097=DIRECTION('ref_axis',(0.,-1.,0.));
#7098=DIRECTION('',(-1.,0.,0.));
#7099=DIRECTION('center_axis',(0.,0.,-1.));
#7100=DIRECTION('ref_axis',(-1.,0.,0.));
#7101=DIRECTION('',(0.,1.,0.));
#7102=DIRECTION('center_axis',(0.,0.,-1.));
#7103=DIRECTION('ref_axis',(0.,1.,0.));
#7104=DIRECTION('',(1.,0.,0.));
#7105=DIRECTION('center_axis',(0.,0.,-1.));
#7106=DIRECTION('ref_axis',(1.,0.,0.));
#7107=DIRECTION('',(0.,-1.,0.));
#7108=DIRECTION('center_axis',(0.,0.,-1.));
#7109=DIRECTION('ref_axis',(0.,-1.,0.));
#7110=DIRECTION('',(-1.,0.,0.));
#7111=DIRECTION('center_axis',(0.,0.,-1.));
#7112=DIRECTION('ref_axis',(-1.,0.,0.));
#7113=DIRECTION('',(0.,1.,0.));
#7114=DIRECTION('center_axis',(0.,0.,-1.));
#7115=DIRECTION('ref_axis',(0.,1.,0.));
#7116=DIRECTION('',(1.,0.,0.));
#7117=DIRECTION('center_axis',(0.,0.,-1.));
#7118=DIRECTION('ref_axis',(1.,0.,0.));
#7119=DIRECTION('',(0.,-1.,0.));
#7120=DIRECTION('center_axis',(0.,0.,-1.));
#7121=DIRECTION('ref_axis',(0.,-1.,0.));
#7122=DIRECTION('',(-1.,0.,0.));
#7123=DIRECTION('center_axis',(0.,0.,-1.));
#7124=DIRECTION('ref_axis',(-1.,0.,0.));
#7125=DIRECTION('',(0.,1.,0.));
#7126=DIRECTION('center_axis',(0.,0.,-1.));
#7127=DIRECTION('ref_axis',(0.,1.,0.));
#7128=DIRECTION('',(1.,0.,0.));
#7129=DIRECTION('center_axis',(0.,0.,-1.));
#7130=DIRECTION('ref_axis',(1.,0.,0.));
#7131=DIRECTION('',(0.,-1.,0.));
#7132=DIRECTION('center_axis',(0.,0.,-1.));
#7133=DIRECTION('ref_axis',(0.,-1.,0.));
#7134=DIRECTION('',(-1.,0.,0.));
#7135=DIRECTION('center_axis',(0.,0.,-1.));
#7136=DIRECTION('ref_axis',(-1.,0.,0.));
#7137=DIRECTION('',(0.,1.,0.));
#7138=DIRECTION('center_axis',(0.,0.,-1.));
#7139=DIRECTION('ref_axis',(0.,1.,0.));
#7140=DIRECTION('',(1.,0.,0.));
#7141=DIRECTION('center_axis',(0.,0.,-1.));
#7142=DIRECTION('ref_axis',(1.,0.,0.));
#7143=DIRECTION('',(0.,-1.,0.));
#7144=DIRECTION('center_axis',(0.,0.,-1.));
#7145=DIRECTION('ref_axis',(0.,-1.,0.));
#7146=DIRECTION('',(-1.,0.,0.));
#7147=DIRECTION('center_axis',(0.,0.,-1.));
#7148=DIRECTION('ref_axis',(-1.,0.,0.));
#7149=DIRECTION('',(0.,1.,0.));
#7150=DIRECTION('center_axis',(0.,0.,-1.));
#7151=DIRECTION('ref_axis',(1.,0.,0.));
#7152=DIRECTION('center_axis',(0.,0.,-1.));
#7153=DIRECTION('ref_axis',(1.,0.,0.));
#7154=DIRECTION('center_axis',(0.,0.,1.));
#7155=DIRECTION('ref_axis',(1.,0.,0.));
#7156=DIRECTION('center_axis',(0.,0.,1.));
#7157=DIRECTION('ref_axis',(0.707106781186548,0.707106781186548,0.));
#7158=DIRECTION('',(0.,-1.,0.));
#7159=DIRECTION('center_axis',(0.,0.,1.));
#7160=DIRECTION('ref_axis',(0.707106781186548,-0.707106781186548,0.));
#7161=DIRECTION('',(-1.,0.,0.));
#7162=DIRECTION('',(0.,-1.,0.));
#7163=DIRECTION('',(1.,0.,0.));
#7164=DIRECTION('',(0.,1.,0.));
#7165=DIRECTION('',(-1.,0.,0.));
#7166=DIRECTION('center_axis',(0.,0.,-1.));
#7167=DIRECTION('ref_axis',(0.,1.,0.));
#7168=DIRECTION('',(0.,1.,0.));
#7169=DIRECTION('center_axis',(0.,0.,-1.));
#7170=DIRECTION('ref_axis',(-1.,0.,0.));
#7171=DIRECTION('',(-1.,0.,0.));
#7172=DIRECTION('center_axis',(0.,0.,-1.));
#7173=DIRECTION('ref_axis',(0.,-1.,0.));
#7174=DIRECTION('',(0.,-1.,0.));
#7175=DIRECTION('center_axis',(0.,0.,-1.));
#7176=DIRECTION('ref_axis',(1.,0.,0.));
#7177=DIRECTION('',(1.,0.,0.));
#7178=DIRECTION('center_axis',(0.,0.,-1.));
#7179=DIRECTION('ref_axis',(0.,1.,0.));
#7180=DIRECTION('',(0.,1.,0.));
#7181=DIRECTION('center_axis',(0.,0.,-1.));
#7182=DIRECTION('ref_axis',(-1.,0.,0.));
#7183=DIRECTION('',(-1.,0.,0.));
#7184=DIRECTION('center_axis',(0.,0.,-1.));
#7185=DIRECTION('ref_axis',(0.,-1.,0.));
#7186=DIRECTION('',(0.,-1.,0.));
#7187=DIRECTION('center_axis',(0.,0.,-1.));
#7188=DIRECTION('ref_axis',(1.,0.,0.));
#7189=DIRECTION('',(1.,0.,0.));
#7190=DIRECTION('center_axis',(0.,0.,-1.));
#7191=DIRECTION('ref_axis',(0.,1.,0.));
#7192=DIRECTION('',(0.,1.,0.));
#7193=DIRECTION('center_axis',(0.,0.,-1.));
#7194=DIRECTION('ref_axis',(-1.,0.,0.));
#7195=DIRECTION('',(-1.,0.,0.));
#7196=DIRECTION('center_axis',(0.,0.,-1.));
#7197=DIRECTION('ref_axis',(0.,-1.,0.));
#7198=DIRECTION('',(0.,-1.,0.));
#7199=DIRECTION('center_axis',(0.,0.,-1.));
#7200=DIRECTION('ref_axis',(1.,0.,0.));
#7201=DIRECTION('',(1.,0.,0.));
#7202=DIRECTION('center_axis',(0.,0.,-1.));
#7203=DIRECTION('ref_axis',(0.,1.,0.));
#7204=DIRECTION('',(0.,1.,0.));
#7205=DIRECTION('center_axis',(0.,0.,-1.));
#7206=DIRECTION('ref_axis',(-1.,0.,0.));
#7207=DIRECTION('',(-1.,0.,0.));
#7208=DIRECTION('center_axis',(0.,0.,-1.));
#7209=DIRECTION('ref_axis',(0.,-1.,0.));
#7210=DIRECTION('',(0.,-1.,0.));
#7211=DIRECTION('center_axis',(0.,0.,-1.));
#7212=DIRECTION('ref_axis',(1.,0.,0.));
#7213=DIRECTION('',(1.,0.,0.));
#7214=DIRECTION('center_axis',(0.,0.,-1.));
#7215=DIRECTION('ref_axis',(0.,1.,0.));
#7216=DIRECTION('',(0.,1.,0.));
#7217=DIRECTION('center_axis',(0.,0.,-1.));
#7218=DIRECTION('ref_axis',(-1.,0.,0.));
#7219=DIRECTION('',(-1.,0.,0.));
#7220=DIRECTION('center_axis',(0.,0.,-1.));
#7221=DIRECTION('ref_axis',(0.,-1.,0.));
#7222=DIRECTION('',(0.,-1.,0.));
#7223=DIRECTION('center_axis',(0.,0.,-1.));
#7224=DIRECTION('ref_axis',(1.,0.,0.));
#7225=DIRECTION('',(1.,0.,0.));
#7226=DIRECTION('center_axis',(0.,0.,-1.));
#7227=DIRECTION('ref_axis',(0.,1.,0.));
#7228=DIRECTION('',(0.,1.,0.));
#7229=DIRECTION('center_axis',(0.,0.,-1.));
#7230=DIRECTION('ref_axis',(-1.,0.,0.));
#7231=DIRECTION('',(-1.,0.,0.));
#7232=DIRECTION('center_axis',(0.,0.,-1.));
#7233=DIRECTION('ref_axis',(0.,-1.,0.));
#7234=DIRECTION('',(0.,-1.,0.));
#7235=DIRECTION('center_axis',(0.,0.,-1.));
#7236=DIRECTION('ref_axis',(1.,0.,0.));
#7237=DIRECTION('',(1.,0.,0.));
#7238=DIRECTION('center_axis',(0.,0.,-1.));
#7239=DIRECTION('ref_axis',(0.,1.,0.));
#7240=DIRECTION('',(0.,1.,0.));
#7241=DIRECTION('center_axis',(0.,0.,-1.));
#7242=DIRECTION('ref_axis',(-1.,0.,0.));
#7243=DIRECTION('',(-1.,0.,0.));
#7244=DIRECTION('center_axis',(0.,0.,-1.));
#7245=DIRECTION('ref_axis',(0.,-1.,0.));
#7246=DIRECTION('',(0.,-1.,0.));
#7247=DIRECTION('center_axis',(0.,0.,-1.));
#7248=DIRECTION('ref_axis',(1.,0.,0.));
#7249=DIRECTION('',(1.,0.,0.));
#7250=DIRECTION('center_axis',(0.,0.,-1.));
#7251=DIRECTION('ref_axis',(0.,1.,0.));
#7252=DIRECTION('',(0.,1.,0.));
#7253=DIRECTION('center_axis',(0.,0.,-1.));
#7254=DIRECTION('ref_axis',(-1.,0.,0.));
#7255=DIRECTION('',(-1.,0.,0.));
#7256=DIRECTION('center_axis',(0.,0.,-1.));
#7257=DIRECTION('ref_axis',(0.,-1.,0.));
#7258=DIRECTION('',(0.,-1.,0.));
#7259=DIRECTION('center_axis',(0.,0.,-1.));
#7260=DIRECTION('ref_axis',(1.,0.,0.));
#7261=DIRECTION('',(1.,0.,0.));
#7262=DIRECTION('center_axis',(0.,0.,-1.));
#7263=DIRECTION('ref_axis',(0.,1.,0.));
#7264=DIRECTION('',(0.,1.,0.));
#7265=DIRECTION('center_axis',(0.,0.,-1.));
#7266=DIRECTION('ref_axis',(-1.,0.,0.));
#7267=DIRECTION('',(-1.,0.,0.));
#7268=DIRECTION('center_axis',(0.,0.,-1.));
#7269=DIRECTION('ref_axis',(0.,-1.,0.));
#7270=DIRECTION('',(0.,-1.,0.));
#7271=DIRECTION('center_axis',(0.,0.,-1.));
#7272=DIRECTION('ref_axis',(1.,0.,0.));
#7273=DIRECTION('',(1.,0.,0.));
#7274=DIRECTION('center_axis',(0.,0.,-1.));
#7275=DIRECTION('ref_axis',(0.,1.,0.));
#7276=DIRECTION('',(0.,1.,0.));
#7277=DIRECTION('center_axis',(0.,0.,-1.));
#7278=DIRECTION('ref_axis',(-1.,0.,0.));
#7279=DIRECTION('',(-1.,0.,0.));
#7280=DIRECTION('center_axis',(0.,0.,-1.));
#7281=DIRECTION('ref_axis',(0.,-1.,0.));
#7282=DIRECTION('',(0.,-1.,0.));
#7283=DIRECTION('center_axis',(0.,0.,-1.));
#7284=DIRECTION('ref_axis',(1.,0.,0.));
#7285=DIRECTION('',(1.,0.,0.));
#7286=DIRECTION('center_axis',(0.,0.,-1.));
#7287=DIRECTION('ref_axis',(0.,1.,0.));
#7288=DIRECTION('',(0.,1.,0.));
#7289=DIRECTION('center_axis',(0.,0.,-1.));
#7290=DIRECTION('ref_axis',(-1.,0.,0.));
#7291=DIRECTION('',(-1.,0.,0.));
#7292=DIRECTION('center_axis',(0.,0.,-1.));
#7293=DIRECTION('ref_axis',(0.,-1.,0.));
#7294=DIRECTION('',(0.,-1.,0.));
#7295=DIRECTION('center_axis',(0.,0.,-1.));
#7296=DIRECTION('ref_axis',(1.,0.,0.));
#7297=DIRECTION('',(1.,0.,0.));
#7298=DIRECTION('center_axis',(0.,0.,-1.));
#7299=DIRECTION('ref_axis',(0.,1.,0.));
#7300=DIRECTION('',(0.,1.,0.));
#7301=DIRECTION('center_axis',(0.,0.,-1.));
#7302=DIRECTION('ref_axis',(-1.,0.,0.));
#7303=DIRECTION('',(-1.,0.,0.));
#7304=DIRECTION('center_axis',(0.,0.,-1.));
#7305=DIRECTION('ref_axis',(0.,-1.,0.));
#7306=DIRECTION('',(0.,-1.,0.));
#7307=DIRECTION('center_axis',(0.,0.,-1.));
#7308=DIRECTION('ref_axis',(1.,0.,0.));
#7309=DIRECTION('',(1.,0.,0.));
#7310=DIRECTION('center_axis',(0.,0.,-1.));
#7311=DIRECTION('ref_axis',(0.,1.,0.));
#7312=DIRECTION('',(0.,1.,0.));
#7313=DIRECTION('center_axis',(0.,0.,-1.));
#7314=DIRECTION('ref_axis',(-1.,0.,0.));
#7315=DIRECTION('',(-1.,0.,0.));
#7316=DIRECTION('center_axis',(0.,0.,-1.));
#7317=DIRECTION('ref_axis',(0.,-1.,0.));
#7318=DIRECTION('',(0.,-1.,0.));
#7319=DIRECTION('center_axis',(0.,0.,-1.));
#7320=DIRECTION('ref_axis',(1.,0.,0.));
#7321=DIRECTION('',(1.,0.,0.));
#7322=DIRECTION('center_axis',(0.,0.,-1.));
#7323=DIRECTION('ref_axis',(0.,1.,0.));
#7324=DIRECTION('',(0.,1.,0.));
#7325=DIRECTION('center_axis',(0.,0.,-1.));
#7326=DIRECTION('ref_axis',(-1.,0.,0.));
#7327=DIRECTION('',(-1.,0.,0.));
#7328=DIRECTION('center_axis',(0.,0.,-1.));
#7329=DIRECTION('ref_axis',(0.,-1.,0.));
#7330=DIRECTION('',(0.,-1.,0.));
#7331=DIRECTION('center_axis',(0.,0.,-1.));
#7332=DIRECTION('ref_axis',(1.,0.,0.));
#7333=DIRECTION('',(1.,0.,0.));
#7334=DIRECTION('center_axis',(0.,0.,-1.));
#7335=DIRECTION('ref_axis',(0.,1.,0.));
#7336=DIRECTION('',(0.,1.,0.));
#7337=DIRECTION('center_axis',(0.,0.,-1.));
#7338=DIRECTION('ref_axis',(-1.,0.,0.));
#7339=DIRECTION('',(-1.,0.,0.));
#7340=DIRECTION('center_axis',(0.,0.,-1.));
#7341=DIRECTION('ref_axis',(0.,-1.,0.));
#7342=DIRECTION('',(0.,-1.,0.));
#7343=DIRECTION('center_axis',(0.,0.,-1.));
#7344=DIRECTION('ref_axis',(1.,0.,0.));
#7345=DIRECTION('',(1.,0.,0.));
#7346=DIRECTION('center_axis',(0.,0.,-1.));
#7347=DIRECTION('ref_axis',(0.,1.,0.));
#7348=DIRECTION('',(0.,1.,0.));
#7349=DIRECTION('center_axis',(0.,0.,-1.));
#7350=DIRECTION('ref_axis',(-1.,0.,0.));
#7351=DIRECTION('',(-1.,0.,0.));
#7352=DIRECTION('center_axis',(0.,0.,-1.));
#7353=DIRECTION('ref_axis',(0.,-1.,0.));
#7354=DIRECTION('',(0.,-1.,0.));
#7355=DIRECTION('center_axis',(0.,0.,-1.));
#7356=DIRECTION('ref_axis',(1.,0.,0.));
#7357=DIRECTION('',(1.,0.,0.));
#7358=DIRECTION('center_axis',(0.,0.,-1.));
#7359=DIRECTION('ref_axis',(-1.,0.,0.));
#7360=DIRECTION('center_axis',(0.,0.,-1.));
#7361=DIRECTION('ref_axis',(-1.,0.,0.));
#7362=DIRECTION('center_axis',(0.,0.,-1.));
#7363=DIRECTION('ref_axis',(-1.,0.,0.));
#7364=DIRECTION('center_axis',(0.,0.,-1.));
#7365=DIRECTION('ref_axis',(-1.,0.,0.));
#7366=DIRECTION('center_axis',(0.,0.,-1.));
#7367=DIRECTION('ref_axis',(0.707106781186548,0.707106781186548,0.));
#7368=DIRECTION('',(0.,0.,-1.));
#7369=DIRECTION('center_axis',(0.,0.,1.));
#7370=DIRECTION('ref_axis',(0.707106781186548,-0.707106781186548,0.));
#7371=DIRECTION('',(0.,0.,-1.));
#7372=DIRECTION('',(0.,0.,1.));
#7373=DIRECTION('center_axis',(0.,-1.,0.));
#7374=DIRECTION('ref_axis',(0.,0.,-1.));
#7375=DIRECTION('center_axis',(1.,0.,0.));
#7376=DIRECTION('ref_axis',(0.,-1.,0.));
#7377=DIRECTION('',(0.,0.,-1.));
#7378=DIRECTION('',(0.,0.,-1.));
#7379=DIRECTION('center_axis',(0.,1.,0.));
#7380=DIRECTION('ref_axis',(1.,0.,0.));
#7381=DIRECTION('',(0.,0.,-1.));
#7382=DIRECTION('center_axis',(-1.,0.,0.));
#7383=DIRECTION('ref_axis',(0.,1.,0.));
#7384=DIRECTION('',(0.,0.,-1.));
#7385=DIRECTION('center_axis',(0.,-1.,0.));
#7386=DIRECTION('ref_axis',(-1.,0.,0.));
#7387=DIRECTION('center_axis',(1.,0.,0.));
#7388=DIRECTION('ref_axis',(0.,0.,-1.));
#7389=DIRECTION('center_axis',(1.,0.,0.));
#7390=DIRECTION('ref_axis',(0.,1.,0.));
#7391=DIRECTION('',(0.,0.,1.));
#7392=DIRECTION('',(0.,0.,1.));
#7393=DIRECTION('center_axis',(0.,0.,1.));
#7394=DIRECTION('ref_axis',(-1.,0.,0.));
#7395=DIRECTION('',(0.,0.,1.));
#7396=DIRECTION('center_axis',(0.,1.,0.));
#7397=DIRECTION('ref_axis',(-1.,0.,0.));
#7398=DIRECTION('',(0.,0.,1.));
#7399=DIRECTION('center_axis',(0.,0.,1.));
#7400=DIRECTION('ref_axis',(0.,-1.,0.));
#7401=DIRECTION('',(0.,0.,1.));
#7402=DIRECTION('center_axis',(-1.,0.,0.));
#7403=DIRECTION('ref_axis',(0.,-1.,0.));
#7404=DIRECTION('',(0.,0.,1.));
#7405=DIRECTION('center_axis',(0.,0.,1.));
#7406=DIRECTION('ref_axis',(1.,0.,0.));
#7407=DIRECTION('',(0.,0.,1.));
#7408=DIRECTION('center_axis',(0.,-1.,0.));
#7409=DIRECTION('ref_axis',(1.,0.,0.));
#7410=DIRECTION('',(0.,0.,1.));
#7411=DIRECTION('center_axis',(0.,0.,1.));
#7412=DIRECTION('ref_axis',(0.,1.,0.));
#7413=DIRECTION('center_axis',(1.,0.,0.));
#7414=DIRECTION('ref_axis',(0.,1.,0.));
#7415=DIRECTION('',(0.,0.,1.));
#7416=DIRECTION('',(0.,0.,1.));
#7417=DIRECTION('center_axis',(0.,0.,1.));
#7418=DIRECTION('ref_axis',(-1.,0.,0.));
#7419=DIRECTION('',(0.,0.,1.));
#7420=DIRECTION('center_axis',(0.,1.,0.));
#7421=DIRECTION('ref_axis',(-1.,0.,0.));
#7422=DIRECTION('',(0.,0.,1.));
#7423=DIRECTION('center_axis',(0.,0.,1.));
#7424=DIRECTION('ref_axis',(0.,-1.,0.));
#7425=DIRECTION('',(0.,0.,1.));
#7426=DIRECTION('center_axis',(-1.,0.,0.));
#7427=DIRECTION('ref_axis',(0.,-1.,0.));
#7428=DIRECTION('',(0.,0.,1.));
#7429=DIRECTION('center_axis',(0.,0.,1.));
#7430=DIRECTION('ref_axis',(1.,0.,0.));
#7431=DIRECTION('',(0.,0.,1.));
#7432=DIRECTION('center_axis',(0.,-1.,0.));
#7433=DIRECTION('ref_axis',(1.,0.,0.));
#7434=DIRECTION('',(0.,0.,1.));
#7435=DIRECTION('center_axis',(0.,0.,1.));
#7436=DIRECTION('ref_axis',(0.,1.,0.));
#7437=DIRECTION('center_axis',(1.,0.,0.));
#7438=DIRECTION('ref_axis',(0.,1.,0.));
#7439=DIRECTION('',(0.,0.,1.));
#7440=DIRECTION('',(0.,0.,1.));
#7441=DIRECTION('center_axis',(0.,0.,1.));
#7442=DIRECTION('ref_axis',(-1.,0.,0.));
#7443=DIRECTION('',(0.,0.,1.));
#7444=DIRECTION('center_axis',(0.,1.,0.));
#7445=DIRECTION('ref_axis',(-1.,0.,0.));
#7446=DIRECTION('',(0.,0.,1.));
#7447=DIRECTION('center_axis',(0.,0.,1.));
#7448=DIRECTION('ref_axis',(0.,-1.,0.));
#7449=DIRECTION('',(0.,0.,1.));
#7450=DIRECTION('center_axis',(-1.,0.,0.));
#7451=DIRECTION('ref_axis',(0.,-1.,0.));
#7452=DIRECTION('',(0.,0.,1.));
#7453=DIRECTION('center_axis',(0.,0.,1.));
#7454=DIRECTION('ref_axis',(1.,0.,0.));
#7455=DIRECTION('',(0.,0.,1.));
#7456=DIRECTION('center_axis',(0.,-1.,0.));
#7457=DIRECTION('ref_axis',(1.,0.,0.));
#7458=DIRECTION('',(0.,0.,1.));
#7459=DIRECTION('center_axis',(0.,0.,1.));
#7460=DIRECTION('ref_axis',(0.,1.,0.));
#7461=DIRECTION('center_axis',(1.,0.,0.));
#7462=DIRECTION('ref_axis',(0.,1.,0.));
#7463=DIRECTION('',(0.,0.,1.));
#7464=DIRECTION('',(0.,0.,1.));
#7465=DIRECTION('center_axis',(0.,0.,1.));
#7466=DIRECTION('ref_axis',(-1.,0.,0.));
#7467=DIRECTION('',(0.,0.,1.));
#7468=DIRECTION('center_axis',(0.,1.,0.));
#7469=DIRECTION('ref_axis',(-1.,0.,0.));
#7470=DIRECTION('',(0.,0.,1.));
#7471=DIRECTION('center_axis',(0.,0.,1.));
#7472=DIRECTION('ref_axis',(0.,-1.,0.));
#7473=DIRECTION('',(0.,0.,1.));
#7474=DIRECTION('center_axis',(-1.,0.,0.));
#7475=DIRECTION('ref_axis',(0.,-1.,0.));
#7476=DIRECTION('',(0.,0.,1.));
#7477=DIRECTION('center_axis',(0.,0.,1.));
#7478=DIRECTION('ref_axis',(1.,0.,0.));
#7479=DIRECTION('',(0.,0.,1.));
#7480=DIRECTION('center_axis',(0.,-1.,0.));
#7481=DIRECTION('ref_axis',(1.,0.,0.));
#7482=DIRECTION('',(0.,0.,1.));
#7483=DIRECTION('center_axis',(0.,0.,1.));
#7484=DIRECTION('ref_axis',(0.,1.,0.));
#7485=DIRECTION('center_axis',(1.,0.,0.));
#7486=DIRECTION('ref_axis',(0.,1.,0.));
#7487=DIRECTION('',(0.,0.,1.));
#7488=DIRECTION('',(0.,0.,1.));
#7489=DIRECTION('center_axis',(0.,0.,1.));
#7490=DIRECTION('ref_axis',(-1.,0.,0.));
#7491=DIRECTION('',(0.,0.,1.));
#7492=DIRECTION('center_axis',(0.,1.,0.));
#7493=DIRECTION('ref_axis',(-1.,0.,0.));
#7494=DIRECTION('',(0.,0.,1.));
#7495=DIRECTION('center_axis',(0.,0.,1.));
#7496=DIRECTION('ref_axis',(0.,-1.,0.));
#7497=DIRECTION('',(0.,0.,1.));
#7498=DIRECTION('center_axis',(-1.,0.,0.));
#7499=DIRECTION('ref_axis',(0.,-1.,0.));
#7500=DIRECTION('',(0.,0.,1.));
#7501=DIRECTION('center_axis',(0.,0.,1.));
#7502=DIRECTION('ref_axis',(1.,0.,0.));
#7503=DIRECTION('',(0.,0.,1.));
#7504=DIRECTION('center_axis',(0.,-1.,0.));
#7505=DIRECTION('ref_axis',(1.,0.,0.));
#7506=DIRECTION('',(0.,0.,1.));
#7507=DIRECTION('center_axis',(0.,0.,1.));
#7508=DIRECTION('ref_axis',(0.,1.,0.));
#7509=DIRECTION('center_axis',(1.,0.,0.));
#7510=DIRECTION('ref_axis',(0.,1.,0.));
#7511=DIRECTION('',(0.,0.,1.));
#7512=DIRECTION('',(0.,0.,1.));
#7513=DIRECTION('center_axis',(0.,0.,1.));
#7514=DIRECTION('ref_axis',(-1.,0.,0.));
#7515=DIRECTION('',(0.,0.,1.));
#7516=DIRECTION('center_axis',(0.,1.,0.));
#7517=DIRECTION('ref_axis',(-1.,0.,0.));
#7518=DIRECTION('',(0.,0.,1.));
#7519=DIRECTION('center_axis',(0.,0.,1.));
#7520=DIRECTION('ref_axis',(0.,-1.,0.));
#7521=DIRECTION('',(0.,0.,1.));
#7522=DIRECTION('center_axis',(-1.,0.,0.));
#7523=DIRECTION('ref_axis',(0.,-1.,0.));
#7524=DIRECTION('',(0.,0.,1.));
#7525=DIRECTION('center_axis',(0.,0.,1.));
#7526=DIRECTION('ref_axis',(1.,0.,0.));
#7527=DIRECTION('',(0.,0.,1.));
#7528=DIRECTION('center_axis',(0.,-1.,0.));
#7529=DIRECTION('ref_axis',(1.,0.,0.));
#7530=DIRECTION('',(0.,0.,1.));
#7531=DIRECTION('center_axis',(0.,0.,1.));
#7532=DIRECTION('ref_axis',(0.,1.,0.));
#7533=DIRECTION('center_axis',(1.,0.,0.));
#7534=DIRECTION('ref_axis',(0.,1.,0.));
#7535=DIRECTION('',(0.,0.,1.));
#7536=DIRECTION('',(0.,0.,1.));
#7537=DIRECTION('center_axis',(0.,0.,1.));
#7538=DIRECTION('ref_axis',(-1.,0.,0.));
#7539=DIRECTION('',(0.,0.,1.));
#7540=DIRECTION('center_axis',(0.,1.,0.));
#7541=DIRECTION('ref_axis',(-1.,0.,0.));
#7542=DIRECTION('',(0.,0.,1.));
#7543=DIRECTION('center_axis',(0.,0.,1.));
#7544=DIRECTION('ref_axis',(0.,-1.,0.));
#7545=DIRECTION('',(0.,0.,1.));
#7546=DIRECTION('center_axis',(-1.,0.,0.));
#7547=DIRECTION('ref_axis',(0.,-1.,0.));
#7548=DIRECTION('',(0.,0.,1.));
#7549=DIRECTION('center_axis',(0.,0.,1.));
#7550=DIRECTION('ref_axis',(1.,0.,0.));
#7551=DIRECTION('',(0.,0.,1.));
#7552=DIRECTION('center_axis',(0.,-1.,0.));
#7553=DIRECTION('ref_axis',(1.,0.,0.));
#7554=DIRECTION('',(0.,0.,1.));
#7555=DIRECTION('center_axis',(0.,0.,1.));
#7556=DIRECTION('ref_axis',(0.,1.,0.));
#7557=DIRECTION('center_axis',(1.,0.,0.));
#7558=DIRECTION('ref_axis',(0.,1.,0.));
#7559=DIRECTION('',(0.,0.,1.));
#7560=DIRECTION('',(0.,0.,1.));
#7561=DIRECTION('center_axis',(0.,0.,1.));
#7562=DIRECTION('ref_axis',(-1.,0.,0.));
#7563=DIRECTION('',(0.,0.,1.));
#7564=DIRECTION('center_axis',(0.,1.,0.));
#7565=DIRECTION('ref_axis',(-1.,0.,0.));
#7566=DIRECTION('',(0.,0.,1.));
#7567=DIRECTION('center_axis',(0.,0.,1.));
#7568=DIRECTION('ref_axis',(0.,-1.,0.));
#7569=DIRECTION('',(0.,0.,1.));
#7570=DIRECTION('center_axis',(-1.,0.,0.));
#7571=DIRECTION('ref_axis',(0.,-1.,0.));
#7572=DIRECTION('',(0.,0.,1.));
#7573=DIRECTION('center_axis',(0.,0.,1.));
#7574=DIRECTION('ref_axis',(1.,0.,0.));
#7575=DIRECTION('',(0.,0.,1.));
#7576=DIRECTION('center_axis',(0.,-1.,0.));
#7577=DIRECTION('ref_axis',(1.,0.,0.));
#7578=DIRECTION('',(0.,0.,1.));
#7579=DIRECTION('center_axis',(0.,0.,1.));
#7580=DIRECTION('ref_axis',(0.,1.,0.));
#7581=DIRECTION('center_axis',(1.,0.,0.));
#7582=DIRECTION('ref_axis',(0.,1.,0.));
#7583=DIRECTION('',(0.,0.,1.));
#7584=DIRECTION('',(0.,0.,1.));
#7585=DIRECTION('center_axis',(0.,0.,1.));
#7586=DIRECTION('ref_axis',(-1.,0.,0.));
#7587=DIRECTION('',(0.,0.,1.));
#7588=DIRECTION('center_axis',(0.,1.,0.));
#7589=DIRECTION('ref_axis',(-1.,0.,0.));
#7590=DIRECTION('',(0.,0.,1.));
#7591=DIRECTION('center_axis',(0.,0.,1.));
#7592=DIRECTION('ref_axis',(0.,-1.,0.));
#7593=DIRECTION('',(0.,0.,1.));
#7594=DIRECTION('center_axis',(-1.,0.,0.));
#7595=DIRECTION('ref_axis',(0.,-1.,0.));
#7596=DIRECTION('',(0.,0.,1.));
#7597=DIRECTION('center_axis',(0.,0.,1.));
#7598=DIRECTION('ref_axis',(1.,0.,0.));
#7599=DIRECTION('',(0.,0.,1.));
#7600=DIRECTION('center_axis',(0.,-1.,0.));
#7601=DIRECTION('ref_axis',(1.,0.,0.));
#7602=DIRECTION('',(0.,0.,1.));
#7603=DIRECTION('center_axis',(0.,0.,1.));
#7604=DIRECTION('ref_axis',(0.,1.,0.));
#7605=DIRECTION('center_axis',(1.,0.,0.));
#7606=DIRECTION('ref_axis',(0.,1.,0.));
#7607=DIRECTION('',(0.,0.,1.));
#7608=DIRECTION('',(0.,0.,1.));
#7609=DIRECTION('center_axis',(0.,0.,1.));
#7610=DIRECTION('ref_axis',(-1.,0.,0.));
#7611=DIRECTION('',(0.,0.,1.));
#7612=DIRECTION('center_axis',(0.,1.,0.));
#7613=DIRECTION('ref_axis',(-1.,0.,0.));
#7614=DIRECTION('',(0.,0.,1.));
#7615=DIRECTION('center_axis',(0.,0.,1.));
#7616=DIRECTION('ref_axis',(0.,-1.,0.));
#7617=DIRECTION('',(0.,0.,1.));
#7618=DIRECTION('center_axis',(-1.,0.,0.));
#7619=DIRECTION('ref_axis',(0.,-1.,0.));
#7620=DIRECTION('',(0.,0.,1.));
#7621=DIRECTION('center_axis',(0.,0.,1.));
#7622=DIRECTION('ref_axis',(1.,0.,0.));
#7623=DIRECTION('',(0.,0.,1.));
#7624=DIRECTION('center_axis',(0.,-1.,0.));
#7625=DIRECTION('ref_axis',(1.,0.,0.));
#7626=DIRECTION('',(0.,0.,1.));
#7627=DIRECTION('center_axis',(0.,0.,1.));
#7628=DIRECTION('ref_axis',(0.,1.,0.));
#7629=DIRECTION('center_axis',(1.,0.,0.));
#7630=DIRECTION('ref_axis',(0.,1.,0.));
#7631=DIRECTION('',(0.,0.,1.));
#7632=DIRECTION('',(0.,0.,1.));
#7633=DIRECTION('center_axis',(0.,0.,1.));
#7634=DIRECTION('ref_axis',(-1.,0.,0.));
#7635=DIRECTION('',(0.,0.,1.));
#7636=DIRECTION('center_axis',(0.,1.,0.));
#7637=DIRECTION('ref_axis',(-1.,0.,0.));
#7638=DIRECTION('',(0.,0.,1.));
#7639=DIRECTION('center_axis',(0.,0.,1.));
#7640=DIRECTION('ref_axis',(0.,-1.,0.));
#7641=DIRECTION('',(0.,0.,1.));
#7642=DIRECTION('center_axis',(-1.,0.,0.));
#7643=DIRECTION('ref_axis',(0.,-1.,0.));
#7644=DIRECTION('',(0.,0.,1.));
#7645=DIRECTION('center_axis',(0.,0.,1.));
#7646=DIRECTION('ref_axis',(1.,0.,0.));
#7647=DIRECTION('',(0.,0.,1.));
#7648=DIRECTION('center_axis',(0.,-1.,0.));
#7649=DIRECTION('ref_axis',(1.,0.,0.));
#7650=DIRECTION('',(0.,0.,1.));
#7651=DIRECTION('center_axis',(0.,0.,1.));
#7652=DIRECTION('ref_axis',(0.,1.,0.));
#7653=DIRECTION('center_axis',(1.,0.,0.));
#7654=DIRECTION('ref_axis',(0.,1.,0.));
#7655=DIRECTION('',(0.,0.,1.));
#7656=DIRECTION('',(0.,0.,1.));
#7657=DIRECTION('center_axis',(0.,0.,1.));
#7658=DIRECTION('ref_axis',(-1.,0.,0.));
#7659=DIRECTION('',(0.,0.,1.));
#7660=DIRECTION('center_axis',(0.,1.,0.));
#7661=DIRECTION('ref_axis',(-1.,0.,0.));
#7662=DIRECTION('',(0.,0.,1.));
#7663=DIRECTION('center_axis',(0.,0.,1.));
#7664=DIRECTION('ref_axis',(0.,-1.,0.));
#7665=DIRECTION('',(0.,0.,1.));
#7666=DIRECTION('center_axis',(-1.,0.,0.));
#7667=DIRECTION('ref_axis',(0.,-1.,0.));
#7668=DIRECTION('',(0.,0.,1.));
#7669=DIRECTION('center_axis',(0.,0.,1.));
#7670=DIRECTION('ref_axis',(1.,0.,0.));
#7671=DIRECTION('',(0.,0.,1.));
#7672=DIRECTION('center_axis',(0.,-1.,0.));
#7673=DIRECTION('ref_axis',(1.,0.,0.));
#7674=DIRECTION('',(0.,0.,1.));
#7675=DIRECTION('center_axis',(0.,0.,1.));
#7676=DIRECTION('ref_axis',(0.,1.,0.));
#7677=DIRECTION('center_axis',(1.,0.,0.));
#7678=DIRECTION('ref_axis',(0.,1.,0.));
#7679=DIRECTION('',(0.,0.,1.));
#7680=DIRECTION('',(0.,0.,1.));
#7681=DIRECTION('center_axis',(0.,0.,1.));
#7682=DIRECTION('ref_axis',(-1.,0.,0.));
#7683=DIRECTION('',(0.,0.,1.));
#7684=DIRECTION('center_axis',(0.,1.,0.));
#7685=DIRECTION('ref_axis',(-1.,0.,0.));
#7686=DIRECTION('',(0.,0.,1.));
#7687=DIRECTION('center_axis',(0.,0.,1.));
#7688=DIRECTION('ref_axis',(0.,-1.,0.));
#7689=DIRECTION('',(0.,0.,1.));
#7690=DIRECTION('center_axis',(-1.,0.,0.));
#7691=DIRECTION('ref_axis',(0.,-1.,0.));
#7692=DIRECTION('',(0.,0.,1.));
#7693=DIRECTION('center_axis',(0.,0.,1.));
#7694=DIRECTION('ref_axis',(1.,0.,0.));
#7695=DIRECTION('',(0.,0.,1.));
#7696=DIRECTION('center_axis',(0.,-1.,0.));
#7697=DIRECTION('ref_axis',(1.,0.,0.));
#7698=DIRECTION('',(0.,0.,1.));
#7699=DIRECTION('center_axis',(0.,0.,1.));
#7700=DIRECTION('ref_axis',(0.,1.,0.));
#7701=DIRECTION('center_axis',(1.,0.,0.));
#7702=DIRECTION('ref_axis',(0.,1.,0.));
#7703=DIRECTION('',(0.,0.,1.));
#7704=DIRECTION('',(0.,0.,1.));
#7705=DIRECTION('center_axis',(0.,0.,1.));
#7706=DIRECTION('ref_axis',(-1.,0.,0.));
#7707=DIRECTION('',(0.,0.,1.));
#7708=DIRECTION('center_axis',(0.,1.,0.));
#7709=DIRECTION('ref_axis',(-1.,0.,0.));
#7710=DIRECTION('',(0.,0.,1.));
#7711=DIRECTION('center_axis',(0.,0.,1.));
#7712=DIRECTION('ref_axis',(0.,-1.,0.));
#7713=DIRECTION('',(0.,0.,1.));
#7714=DIRECTION('center_axis',(-1.,0.,0.));
#7715=DIRECTION('ref_axis',(0.,-1.,0.));
#7716=DIRECTION('',(0.,0.,1.));
#7717=DIRECTION('center_axis',(0.,0.,1.));
#7718=DIRECTION('ref_axis',(1.,0.,0.));
#7719=DIRECTION('',(0.,0.,1.));
#7720=DIRECTION('center_axis',(0.,-1.,0.));
#7721=DIRECTION('ref_axis',(1.,0.,0.));
#7722=DIRECTION('',(0.,0.,1.));
#7723=DIRECTION('center_axis',(0.,0.,1.));
#7724=DIRECTION('ref_axis',(0.,1.,0.));
#7725=DIRECTION('center_axis',(1.,0.,0.));
#7726=DIRECTION('ref_axis',(0.,1.,0.));
#7727=DIRECTION('',(0.,0.,1.));
#7728=DIRECTION('',(0.,0.,1.));
#7729=DIRECTION('center_axis',(0.,0.,1.));
#7730=DIRECTION('ref_axis',(-1.,0.,0.));
#7731=DIRECTION('',(0.,0.,1.));
#7732=DIRECTION('center_axis',(0.,1.,0.));
#7733=DIRECTION('ref_axis',(-1.,0.,0.));
#7734=DIRECTION('',(0.,0.,1.));
#7735=DIRECTION('center_axis',(0.,0.,1.));
#7736=DIRECTION('ref_axis',(0.,-1.,0.));
#7737=DIRECTION('',(0.,0.,1.));
#7738=DIRECTION('center_axis',(-1.,0.,0.));
#7739=DIRECTION('ref_axis',(0.,-1.,0.));
#7740=DIRECTION('',(0.,0.,1.));
#7741=DIRECTION('center_axis',(0.,0.,1.));
#7742=DIRECTION('ref_axis',(1.,0.,0.));
#7743=DIRECTION('',(0.,0.,1.));
#7744=DIRECTION('center_axis',(0.,-1.,0.));
#7745=DIRECTION('ref_axis',(1.,0.,0.));
#7746=DIRECTION('',(0.,0.,1.));
#7747=DIRECTION('center_axis',(0.,0.,1.));
#7748=DIRECTION('ref_axis',(0.,1.,0.));
#7749=DIRECTION('center_axis',(1.,0.,0.));
#7750=DIRECTION('ref_axis',(0.,1.,0.));
#7751=DIRECTION('',(0.,0.,1.));
#7752=DIRECTION('',(0.,0.,1.));
#7753=DIRECTION('center_axis',(0.,0.,1.));
#7754=DIRECTION('ref_axis',(-1.,0.,0.));
#7755=DIRECTION('',(0.,0.,1.));
#7756=DIRECTION('center_axis',(0.,1.,0.));
#7757=DIRECTION('ref_axis',(-1.,0.,0.));
#7758=DIRECTION('',(0.,0.,1.));
#7759=DIRECTION('center_axis',(0.,0.,1.));
#7760=DIRECTION('ref_axis',(0.,-1.,0.));
#7761=DIRECTION('',(0.,0.,1.));
#7762=DIRECTION('center_axis',(-1.,0.,0.));
#7763=DIRECTION('ref_axis',(0.,-1.,0.));
#7764=DIRECTION('',(0.,0.,1.));
#7765=DIRECTION('center_axis',(0.,0.,1.));
#7766=DIRECTION('ref_axis',(1.,0.,0.));
#7767=DIRECTION('',(0.,0.,1.));
#7768=DIRECTION('center_axis',(0.,-1.,0.));
#7769=DIRECTION('ref_axis',(1.,0.,0.));
#7770=DIRECTION('',(0.,0.,1.));
#7771=DIRECTION('center_axis',(0.,0.,1.));
#7772=DIRECTION('ref_axis',(0.,1.,0.));
#7773=DIRECTION('center_axis',(0.,0.,1.));
#7774=DIRECTION('ref_axis',(-1.,0.,0.));
#7775=DIRECTION('',(0.,0.,1.));
#7776=DIRECTION('center_axis',(0.,0.,1.));
#7777=DIRECTION('ref_axis',(-1.,0.,0.));
#7778=DIRECTION('',(0.,0.,1.));
#7779=DIRECTION('center_axis',(0.,0.,1.));
#7780=DIRECTION('ref_axis',(-1.,0.,0.));
#7781=DIRECTION('',(0.,0.,1.));
#7782=DIRECTION('center_axis',(0.,0.,1.));
#7783=DIRECTION('ref_axis',(-1.,0.,0.));
#7784=DIRECTION('',(0.,0.,1.));
#7785=DIRECTION('center_axis',(0.,-1.,0.));
#7786=DIRECTION('ref_axis',(1.,0.,0.));
#7787=DIRECTION('',(1.,0.,0.));
#7788=DIRECTION('',(0.,0.,1.));
#7789=DIRECTION('',(1.,0.,0.));
#7790=DIRECTION('',(0.,0.,1.));
#7791=DIRECTION('center_axis',(-1.,0.,0.));
#7792=DIRECTION('ref_axis',(0.,-1.,0.));
#7793=DIRECTION('',(0.,-1.,0.));
#7794=DIRECTION('',(0.,-1.,0.));
#7795=DIRECTION('',(0.,0.,1.));
#7796=DIRECTION('center_axis',(0.,1.,0.));
#7797=DIRECTION('ref_axis',(-1.,0.,0.));
#7798=DIRECTION('',(-1.,0.,0.));
#7799=DIRECTION('',(-1.,0.,0.));
#7800=DIRECTION('',(0.,0.,1.));
#7801=DIRECTION('center_axis',(1.,0.,0.));
#7802=DIRECTION('ref_axis',(0.,1.,0.));
#7803=DIRECTION('',(0.,1.,0.));
#7804=DIRECTION('',(0.,1.,0.));
#7805=DIRECTION('center_axis',(0.,0.,1.));
#7806=DIRECTION('ref_axis',(1.,0.,0.));
#7807=DIRECTION('center_axis',(0.,0.,1.));
#7808=DIRECTION('ref_axis',(1.,0.,0.));
#7809=CARTESIAN_POINT('',(0.,0.,0.));
#7810=CARTESIAN_POINT('Origin',(-36.02,-48.45,8.50000014901161));
#7811=CARTESIAN_POINT('',(-36.02,-38.45,10.0000001490116));
#7812=CARTESIAN_POINT('',(-36.02,-48.45,10.0000001490116));
#7813=CARTESIAN_POINT('',(-36.02,-48.45,10.0000001490116));
#7814=CARTESIAN_POINT('',(-36.02,-38.45,3.));
#7815=CARTESIAN_POINT('',(-36.02,-38.45,4.25000007450581));
#7816=CARTESIAN_POINT('',(-36.02,-48.45,3.));
#7817=CARTESIAN_POINT('',(-36.02,-24.225,3.));
#7818=CARTESIAN_POINT('',(-36.02,-48.45,4.25000007450581));
#7819=CARTESIAN_POINT('Origin',(0.,0.,3.));
#7820=CARTESIAN_POINT('',(60.45,-38.45,3.));
#7821=CARTESIAN_POINT('',(-16.51,-38.45,3.));
#7822=CARTESIAN_POINT('',(60.45,38.45,3.));
#7823=CARTESIAN_POINT('',(60.45,-38.45,3.));
#7824=CARTESIAN_POINT('',(-60.45,38.45,3.));
#7825=CARTESIAN_POINT('',(60.45,38.45,3.));
#7826=CARTESIAN_POINT('',(-60.45,-38.45,3.));
#7827=CARTESIAN_POINT('',(-60.45,38.45,3.));
#7828=CARTESIAN_POINT('',(-51.02,-38.45,3.));
#7829=CARTESIAN_POINT('',(-60.45,-38.45,3.));
#7830=CARTESIAN_POINT('',(-51.02,-48.45,3.));
#7831=CARTESIAN_POINT('',(-51.02,-24.225,3.));
#7832=CARTESIAN_POINT('',(-52.485,-48.45,3.00000014901161));
#7833=CARTESIAN_POINT('Origin',(-51.02,-48.45,4.50000014901161));
#7834=CARTESIAN_POINT('',(-51.02,-48.45,10.0000001490116));
#7835=CARTESIAN_POINT('',(-51.02,-48.45,2.25000007450581));
#7836=CARTESIAN_POINT('',(-51.02,-38.45,10.0000001490116));
#7837=CARTESIAN_POINT('',(-51.02,-38.45,2.25000007450581));
#7838=CARTESIAN_POINT('',(-51.02,-48.45,10.0000001490116));
#7839=CARTESIAN_POINT('Origin',(60.45,-38.45,0.));
#7840=CARTESIAN_POINT('',(6.215,-38.45,10.0000001490116));
#7841=CARTESIAN_POINT('',(-60.45,-38.45,13.));
#7842=CARTESIAN_POINT('',(-60.45,-38.45,0.));
#7843=CARTESIAN_POINT('',(60.45,-38.45,13.));
#7844=CARTESIAN_POINT('',(-60.45,-38.45,13.));
#7845=CARTESIAN_POINT('',(60.45,-38.45,0.));
#7846=CARTESIAN_POINT('Origin',(-46.52,-48.45,10.0000001490116));
#7847=CARTESIAN_POINT('',(-59.235,-48.45,10.0000001490116));
#7848=CARTESIAN_POINT('Origin',(-60.45,-38.45,0.));
#7849=CARTESIAN_POINT('',(-60.45,38.45,13.));
#7850=CARTESIAN_POINT('',(-60.45,38.45,13.));
#7851=CARTESIAN_POINT('',(-60.45,38.45,0.));
#7852=CARTESIAN_POINT('Origin',(-60.45,38.45,0.));
#7853=CARTESIAN_POINT('',(60.45,38.45,13.));
#7854=CARTESIAN_POINT('',(60.45,38.45,0.));
#7855=CARTESIAN_POINT('',(60.45,38.45,13.));
#7856=CARTESIAN_POINT('Origin',(60.45,38.45,0.));
#7857=CARTESIAN_POINT('',(60.45,-38.45,13.));
#7858=CARTESIAN_POINT('Origin',(-69.45,47.45,0.));
#7859=CARTESIAN_POINT('',(-70.45,47.45,13.));
#7860=CARTESIAN_POINT('',(-69.45,48.45,13.));
#7861=CARTESIAN_POINT('Origin',(-69.45,47.45,13.));
#7862=CARTESIAN_POINT('',(-69.45,48.45,0.));
#7863=CARTESIAN_POINT('',(-69.45,48.45,0.));
#7864=CARTESIAN_POINT('',(-70.45,47.45,0.));
#7865=CARTESIAN_POINT('Origin',(-69.45,47.45,0.));
#7866=CARTESIAN_POINT('',(-70.45,47.45,0.));
#7867=CARTESIAN_POINT('Origin',(0.,0.,0.));
#7868=CARTESIAN_POINT('',(69.45,48.45,0.));
#7869=CARTESIAN_POINT('',(70.45,48.45,0.));
#7870=CARTESIAN_POINT('',(70.45,47.45,0.));
#7871=CARTESIAN_POINT('Origin',(69.45,47.45,0.));
#7872=CARTESIAN_POINT('',(70.45,-47.45,0.));
#7873=CARTESIAN_POINT('',(70.45,-48.45,0.));
#7874=CARTESIAN_POINT('',(69.45,-48.45,0.));
#7875=CARTESIAN_POINT('Origin',(69.45,-47.45,0.));
#7876=CARTESIAN_POINT('',(-69.45,-48.45,0.));
#7877=CARTESIAN_POINT('',(-70.45,-48.45,0.));
#7878=CARTESIAN_POINT('',(-70.45,-47.45,0.));
#7879=CARTESIAN_POINT('Origin',(-69.45,-47.45,0.));
#7880=CARTESIAN_POINT('',(-70.45,48.45,0.));
#7881=CARTESIAN_POINT('',(-63.5500009685755,-43.0000006407499,0.));
#7882=CARTESIAN_POINT('Origin',(-65.0000009685755,-43.0000006407499,0.));
#7883=CARTESIAN_POINT('',(66.4500009685755,43.0000006407499,0.));
#7884=CARTESIAN_POINT('Origin',(65.0000009685755,43.0000006407499,0.));
#7885=CARTESIAN_POINT('',(66.4500009685755,-43.0000006407499,0.));
#7886=CARTESIAN_POINT('Origin',(65.0000009685755,-43.0000006407499,0.));
#7887=CARTESIAN_POINT('',(-63.5500009685755,43.0000006407499,0.));
#7888=CARTESIAN_POINT('Origin',(-65.0000009685755,43.0000006407499,0.));
#7889=CARTESIAN_POINT('Origin',(70.45,48.45,0.));
#7890=CARTESIAN_POINT('',(69.45,48.45,13.));
#7891=CARTESIAN_POINT('',(70.45,48.45,13.));
#7892=CARTESIAN_POINT('',(69.45,48.45,0.));
#7893=CARTESIAN_POINT('Origin',(69.45,47.45,0.));
#7894=CARTESIAN_POINT('',(70.45,47.45,13.));
#7895=CARTESIAN_POINT('Origin',(69.45,47.45,13.));
#7896=CARTESIAN_POINT('',(70.45,47.45,0.));
#7897=CARTESIAN_POINT('Origin',(69.45,-47.45,0.));
#7898=CARTESIAN_POINT('',(70.45,-47.45,13.));
#7899=CARTESIAN_POINT('',(69.45,-48.45,13.));
#7900=CARTESIAN_POINT('Origin',(69.45,-47.45,13.));
#7901=CARTESIAN_POINT('',(69.45,-48.45,0.));
#7902=CARTESIAN_POINT('',(70.45,-47.45,0.));
#7903=CARTESIAN_POINT('Origin',(-70.45,-48.45,0.));
#7904=CARTESIAN_POINT('',(-69.45,-48.45,13.));
#7905=CARTESIAN_POINT('',(-70.45,-48.45,13.));
#7906=CARTESIAN_POINT('',(-69.45,-48.45,0.));
#7907=CARTESIAN_POINT('Origin',(-69.45,-47.45,0.));
#7908=CARTESIAN_POINT('',(-70.45,-47.45,13.));
#7909=CARTESIAN_POINT('Origin',(-69.45,-47.45,13.));
#7910=CARTESIAN_POINT('',(-70.45,-47.45,0.));
#7911=CARTESIAN_POINT('Origin',(70.45,-48.45,0.));
#7912=CARTESIAN_POINT('',(70.45,-48.45,13.));
#7913=CARTESIAN_POINT('Origin',(-70.45,48.45,0.));
#7914=CARTESIAN_POINT('',(-70.45,48.45,13.));
#7915=CARTESIAN_POINT('Origin',(0.,0.,13.));
#7916=CARTESIAN_POINT('',(-63.5500009685755,43.0000006407499,13.));
#7917=CARTESIAN_POINT('Origin',(-65.0000009685755,43.0000006407499,13.));
#7918=CARTESIAN_POINT('',(66.4500009685755,-43.0000006407499,13.));
#7919=CARTESIAN_POINT('Origin',(65.0000009685755,-43.0000006407499,13.));
#7920=CARTESIAN_POINT('',(66.4500009685755,43.0000006407499,13.));
#7921=CARTESIAN_POINT('Origin',(65.0000009685755,43.0000006407499,13.));
#7922=CARTESIAN_POINT('',(-63.5500009685755,-43.0000006407499,13.));
#7923=CARTESIAN_POINT('Origin',(-65.0000009685755,-43.0000006407499,13.));
#7924=CARTESIAN_POINT('Origin',(-65.0000009685755,43.0000006407499,15.));
#7925=CARTESIAN_POINT('',(-63.5500009685755,43.0000006407499,15.));
#7926=CARTESIAN_POINT('Origin',(65.0000009685755,-43.0000006407499,15.));
#7927=CARTESIAN_POINT('',(66.4500009685755,-43.0000006407499,15.));
#7928=CARTESIAN_POINT('Origin',(65.0000009685755,43.0000006407499,15.));
#7929=CARTESIAN_POINT('',(66.4500009685755,43.0000006407499,15.));
#7930=CARTESIAN_POINT('Origin',(-65.0000009685755,-43.0000006407499,15.));
#7931=CARTESIAN_POINT('',(-63.5500009685755,-43.0000006407499,15.));
#7932=CARTESIAN_POINT('Origin',(-62.5000006407499,30.,26.));
#7933=CARTESIAN_POINT('',(-61.5000006407499,30.,25.));
#7934=CARTESIAN_POINT('',(-61.5000006407499,30.,26.));
#7935=CARTESIAN_POINT('',(-61.5000006407499,30.,26.));
#7936=CARTESIAN_POINT('',(-24.5000006407499,30.,25.));
#7937=CARTESIAN_POINT('',(-52.7500006407499,30.,25.));
#7938=CARTESIAN_POINT('',(-24.5000006407499,30.,26.));
#7939=CARTESIAN_POINT('',(-24.5000006407499,30.,26.));
#7940=CARTESIAN_POINT('',(-19.700000320375,30.,26.));
#7941=CARTESIAN_POINT('Origin',(-24.5000006407499,31.,26.));
#7942=CARTESIAN_POINT('',(-24.5000006407499,-30.,25.));
#7943=CARTESIAN_POINT('',(-24.5000006407499,15.5,25.));
#7944=CARTESIAN_POINT('',(-24.5000006407499,-30.,26.));
#7945=CARTESIAN_POINT('',(-24.5000006407499,-30.,26.));
#7946=CARTESIAN_POINT('',(-24.5000006407499,15.575,26.));
#7947=CARTESIAN_POINT('Origin',(-43.0000006407499,0.,25.));
#7948=CARTESIAN_POINT('',(-61.5000006407499,-30.,25.));
#7949=CARTESIAN_POINT('',(-61.5000006407499,-15.5,25.));
#7950=CARTESIAN_POINT('',(-33.2500006407499,-30.,25.));
#7951=CARTESIAN_POINT('',(-60.0000008940697,-13.0000001937151,25.));
#7952=CARTESIAN_POINT('',(-60.0000008940697,13.0000001937151,25.));
#7953=CARTESIAN_POINT('',(-60.0000008940697,-6.50000009685755,25.));
#7954=CARTESIAN_POINT('',(-48.0000007152557,13.0000001937151,25.));
#7955=CARTESIAN_POINT('',(-51.5000007674098,13.0000001937151,25.));
#7956=CARTESIAN_POINT('',(-48.0000007152557,-13.0000001937151,25.));
#7957=CARTESIAN_POINT('',(-48.0000007152557,6.50000009685755,25.));
#7958=CARTESIAN_POINT('',(-45.5000006780028,-13.0000001937151,25.));
#7959=CARTESIAN_POINT('Origin',(-61.5000006407499,-31.,26.));
#7960=CARTESIAN_POINT('',(-61.5000006407499,-30.,26.));
#7961=CARTESIAN_POINT('',(-61.5000006407499,-15.425,26.));
#7962=CARTESIAN_POINT('',(-61.5000006407499,-30.,26.));
#7963=CARTESIAN_POINT('Origin',(-23.5000006407499,-30.,26.));
#7964=CARTESIAN_POINT('',(-0.200000320374962,-30.,26.));
#7965=CARTESIAN_POINT('Origin',(65.7611471377899,13.1802675283976,26.));
#7966=CARTESIAN_POINT('',(65.7611471377899,13.1802675283976,26.));
#7967=CARTESIAN_POINT('',(63.1899676212436,14.1323892654158,26.));
#7968=CARTESIAN_POINT('',(49.1244839182992,19.3409142591269,26.));
#7969=CARTESIAN_POINT('',(65.7611471377899,13.1802675283976,25.5));
#7970=CARTESIAN_POINT('',(65.7611471377899,13.1802675283976,26.));
#7971=CARTESIAN_POINT('',(63.1899676212436,14.1323892654158,25.5));
#7972=CARTESIAN_POINT('',(65.7611471377899,13.1802675283976,25.5));
#7973=CARTESIAN_POINT('',(63.1899676212436,14.1323892654158,26.));
#7974=CARTESIAN_POINT('Origin',(63.1793914358344,12.2379685999049,26.));
#7975=CARTESIAN_POINT('',(63.1793914358344,12.2379685999049,26.));
#7976=CARTESIAN_POINT('',(43.5487933883351,5.07311892345495,26.));
#7977=CARTESIAN_POINT('',(63.1793914358344,12.2379685999049,25.5));
#7978=CARTESIAN_POINT('',(63.1793914358344,12.2379685999049,26.));
#7979=CARTESIAN_POINT('',(63.1793914358344,12.2379685999049,25.5));
#7980=CARTESIAN_POINT('Origin',(63.1899676212436,14.1323892654158,26.));
#7981=CARTESIAN_POINT('',(63.1503136083722,7.02950873265139,26.));
#7982=CARTESIAN_POINT('',(63.1899676212436,14.1323892654158,25.5));
#7983=CARTESIAN_POINT('Origin',(67.384923500018,13.8958391778096,26.));
#7984=CARTESIAN_POINT('',(67.384923500018,13.8958391778096,26.));
#7985=CARTESIAN_POINT('',(67.3766476439197,12.4134566163477,26.));
#7986=CARTESIAN_POINT('',(67.3458644017354,6.89952055252659,26.));
#7987=CARTESIAN_POINT('',(67.384923500018,13.8958391778096,25.5));
#7988=CARTESIAN_POINT('',(67.384923500018,13.8958391778096,26.));
#7989=CARTESIAN_POINT('',(67.3766476439197,12.4134566163477,25.5));
#7990=CARTESIAN_POINT('',(67.384923500018,13.8958391778096,25.5));
#7991=CARTESIAN_POINT('',(67.3766476439197,12.4134566163477,26.));
#7992=CARTESIAN_POINT('Origin',(60.456962971224,16.6388906644871,26.));
#7993=CARTESIAN_POINT('',(60.456962971224,16.6388906644871,26.));
#7994=CARTESIAN_POINT('',(47.1317469566508,21.9148666818385,26.));
#7995=CARTESIAN_POINT('',(60.456962971224,16.6388906644871,25.5));
#7996=CARTESIAN_POINT('',(60.456962971224,16.6388906644871,26.));
#7997=CARTESIAN_POINT('',(60.456962971224,16.6388906644871,25.5));
#7998=CARTESIAN_POINT('Origin',(60.4486606543641,15.1517684155348,26.));
#7999=CARTESIAN_POINT('',(60.4486606543641,15.1517684155348,26.));
#8000=CARTESIAN_POINT('',(60.4062039503628,7.54686604878768,26.));
#8001=CARTESIAN_POINT('',(60.4486606543641,15.1517684155348,25.5));
#8002=CARTESIAN_POINT('',(60.4486606543641,15.1517684155348,26.));
#8003=CARTESIAN_POINT('',(60.4486606543641,15.1517684155347,25.5));
#8004=CARTESIAN_POINT('Origin',(62.0225679395235,14.5699026146818,26.));
#8005=CARTESIAN_POINT('',(62.0225679395235,14.5699026146818,26.));
#8006=CARTESIAN_POINT('',(47.2463053354846,20.0326143987769,26.));
#8007=CARTESIAN_POINT('',(62.0225679395235,14.5699026146818,25.5));
#8008=CARTESIAN_POINT('',(62.0225679395235,14.5699026146818,26.));
#8009=CARTESIAN_POINT('',(62.0225679395235,14.5699026146818,25.5));
#8010=CARTESIAN_POINT('Origin',(62.0070738059371,11.794572405863,26.));
#8011=CARTESIAN_POINT('',(62.0070738059371,11.794572405863,26.));
#8012=CARTESIAN_POINT('',(61.9739638136109,5.86386570294855,26.));
#8013=CARTESIAN_POINT('',(62.0070738059371,11.794572405863,25.5));
#8014=CARTESIAN_POINT('',(62.0070738059371,11.794572405863,26.));
#8015=CARTESIAN_POINT('',(62.0070738059371,11.794572405863,25.5));
#8016=CARTESIAN_POINT('Origin',(60.4265828490208,11.1971619980764,26.));
#8017=CARTESIAN_POINT('',(60.4265828490208,11.1971619980764,26.));
#8018=CARTESIAN_POINT('',(42.2696362155435,4.33401049126209,26.));
#8019=CARTESIAN_POINT('',(60.4265828490208,11.1971619980764,25.5));
#8020=CARTESIAN_POINT('',(60.4265828490208,11.1971619980764,26.));
#8021=CARTESIAN_POINT('',(60.4265828490208,11.1971619980764,25.5));
#8022=CARTESIAN_POINT('Origin',(60.4180690191009,9.67215324313267,26.));
#8023=CARTESIAN_POINT('',(60.4180690191009,9.67215324313267,26.));
#8024=CARTESIAN_POINT('',(60.3909081327312,4.80705846258663,26.));
#8025=CARTESIAN_POINT('',(60.4180690191009,9.67215324313267,25.5));
#8026=CARTESIAN_POINT('',(60.4180690191009,9.67215324313267,26.));
#8027=CARTESIAN_POINT('',(60.4180690191009,9.67215324313267,25.5));
#8028=CARTESIAN_POINT('Origin',(67.3766476439197,12.4134566163477,26.));
#8029=CARTESIAN_POINT('',(46.1214241775854,4.04004892373604,26.));
#8030=CARTESIAN_POINT('',(67.3766476439197,12.4134566163477,25.5));
#8031=CARTESIAN_POINT('Origin',(63.8572324896564,0.0820795049944145,25.5));
#8032=CARTESIAN_POINT('Ctrl Pts',(65.9530177083451,-20.3199705112126,26.));
#8033=CARTESIAN_POINT('Ctrl Pts',(65.9530177083451,-20.3199705112126,25.5));
#8034=CARTESIAN_POINT('Ctrl Pts',(65.9729038975332,-20.1754038263365,26.));
#8035=CARTESIAN_POINT('Ctrl Pts',(65.9729038975332,-20.1754038263365,25.5));
#8036=CARTESIAN_POINT('Ctrl Pts',(66.0253682126225,-19.7940038489456,26.));
#8037=CARTESIAN_POINT('Ctrl Pts',(66.0253682126225,-19.7940038489456,25.5));
#8038=CARTESIAN_POINT('Ctrl Pts',(66.0256023156314,-19.4087252654143,26.));
#8039=CARTESIAN_POINT('Ctrl Pts',(66.0256023156314,-19.4087252654143,25.5));
#8040=CARTESIAN_POINT('Ctrl Pts',(66.0257476837218,-19.1694835221469,26.));
#8041=CARTESIAN_POINT('Ctrl Pts',(66.0257476837218,-19.1694835221469,25.5));
#8042=CARTESIAN_POINT('',(65.9530177083451,-20.3199705112126,26.));
#8043=CARTESIAN_POINT('',(66.0257476837218,-19.1694835221469,26.));
#8044=CARTESIAN_POINT('Ctrl Pts',(65.9530177083451,-20.3199705112126,26.));
#8045=CARTESIAN_POINT('Ctrl Pts',(65.9729038975332,-20.1754038263365,26.));
#8046=CARTESIAN_POINT('Ctrl Pts',(66.0253682126225,-19.7940038489456,26.));
#8047=CARTESIAN_POINT('Ctrl Pts',(66.0256023156314,-19.4087252654143,26.));
#8048=CARTESIAN_POINT('Ctrl Pts',(66.0257476837218,-19.1694835221469,26.));
#8049=CARTESIAN_POINT('',(65.9530177083451,-20.3199705112126,25.5));
#8050=CARTESIAN_POINT('',(65.9530177083451,-20.3199705112126,26.));
#8051=CARTESIAN_POINT('',(66.0257476837218,-19.1694835221469,25.5));
#8052=CARTESIAN_POINT('Ctrl Pts',(65.9530177083451,-20.3199705112126,25.5));
#8053=CARTESIAN_POINT('Ctrl Pts',(65.9729038975332,-20.1754038263365,25.5));
#8054=CARTESIAN_POINT('Ctrl Pts',(66.0253682126225,-19.7940038489456,25.5));
#8055=CARTESIAN_POINT('Ctrl Pts',(66.0256023156314,-19.4087252654143,25.5));
#8056=CARTESIAN_POINT('Ctrl Pts',(66.0257476837218,-19.1694835221469,25.5));
#8057=CARTESIAN_POINT('',(66.0257476837218,-19.1694835221469,26.));
#8058=CARTESIAN_POINT('Ctrl Pts',(65.6226078473335,-20.9669874028373,26.));
#8059=CARTESIAN_POINT('Ctrl Pts',(65.6226078473335,-20.9669874028373,25.5));
#8060=CARTESIAN_POINT('Ctrl Pts',(65.6975809510965,-20.8742589038234,26.));
#8061=CARTESIAN_POINT('Ctrl Pts',(65.6975809510965,-20.8742589038234,25.5));
#8062=CARTESIAN_POINT('Ctrl Pts',(65.8530235545858,-20.6820038339261,26.));
#8063=CARTESIAN_POINT('Ctrl Pts',(65.8530235545858,-20.6820038339261,25.5));
#8064=CARTESIAN_POINT('Ctrl Pts',(65.9189097528019,-20.4434598954618,26.));
#8065=CARTESIAN_POINT('Ctrl Pts',(65.9189097528019,-20.4434598954618,25.5));
#8066=CARTESIAN_POINT('Ctrl Pts',(65.9530177083451,-20.3199705112126,26.));
#8067=CARTESIAN_POINT('Ctrl Pts',(65.9530177083451,-20.3199705112126,25.5));
#8068=CARTESIAN_POINT('',(65.6226078473335,-20.9669874028373,26.));
#8069=CARTESIAN_POINT('Ctrl Pts',(65.6226078473335,-20.9669874028373,26.));
#8070=CARTESIAN_POINT('Ctrl Pts',(65.6975809510965,-20.8742589038234,26.));
#8071=CARTESIAN_POINT('Ctrl Pts',(65.8530235545858,-20.6820038339261,26.));
#8072=CARTESIAN_POINT('Ctrl Pts',(65.9189097528019,-20.4434598954618,26.));
#8073=CARTESIAN_POINT('Ctrl Pts',(65.9530177083451,-20.3199705112126,26.));
#8074=CARTESIAN_POINT('',(65.6226078473335,-20.9669874028373,25.5));
#8075=CARTESIAN_POINT('',(65.6226078473335,-20.9669874028373,26.));
#8076=CARTESIAN_POINT('Ctrl Pts',(65.6226078473335,-20.9669874028373,25.5));
#8077=CARTESIAN_POINT('Ctrl Pts',(65.6975809510965,-20.8742589038234,25.5));
#8078=CARTESIAN_POINT('Ctrl Pts',(65.8530235545858,-20.6820038339261,25.5));
#8079=CARTESIAN_POINT('Ctrl Pts',(65.9189097528019,-20.4434598954618,25.5));
#8080=CARTESIAN_POINT('Ctrl Pts',(65.9530177083451,-20.3199705112126,25.5));
#8081=CARTESIAN_POINT('Ctrl Pts',(64.9478667955656,-21.3610614311961,26.));
#8082=CARTESIAN_POINT('Ctrl Pts',(64.9478667955656,-21.3610614311961,25.5));
#8083=CARTESIAN_POINT('Ctrl Pts',(65.0807859008017,-21.3128879443261,26.));
#8084=CARTESIAN_POINT('Ctrl Pts',(65.0807859008017,-21.3128879443261,25.5));
#8085=CARTESIAN_POINT('Ctrl Pts',(65.3301018761797,-21.2225290764642,26.));
#8086=CARTESIAN_POINT('Ctrl Pts',(65.3301018761797,-21.2225290764642,25.5));
#8087=CARTESIAN_POINT('Ctrl Pts',(65.5295108179095,-21.0483196594572,26.));
#8088=CARTESIAN_POINT('Ctrl Pts',(65.5295108179095,-21.0483196594572,25.5));
#8089=CARTESIAN_POINT('Ctrl Pts',(65.6226078473335,-20.9669874028373,26.));
#8090=CARTESIAN_POINT('Ctrl Pts',(65.6226078473335,-20.9669874028373,25.5));
#8091=CARTESIAN_POINT('',(64.9478667955656,-21.3610614311961,26.));
#8092=CARTESIAN_POINT('Ctrl Pts',(64.9478667955656,-21.3610614311961,26.));
#8093=CARTESIAN_POINT('Ctrl Pts',(65.0807859008017,-21.3128879443261,26.));
#8094=CARTESIAN_POINT('Ctrl Pts',(65.3301018761797,-21.2225290764642,26.));
#8095=CARTESIAN_POINT('Ctrl Pts',(65.5295108179095,-21.0483196594572,26.));
#8096=CARTESIAN_POINT('Ctrl Pts',(65.6226078473335,-20.9669874028373,26.));
#8097=CARTESIAN_POINT('',(64.9478667955656,-21.3610614311961,25.5));
#8098=CARTESIAN_POINT('',(64.9478667955656,-21.3610614311961,26.));
#8099=CARTESIAN_POINT('Ctrl Pts',(64.9478667955656,-21.3610614311961,25.5));
#8100=CARTESIAN_POINT('Ctrl Pts',(65.0807859008017,-21.3128879443261,25.5));
#8101=CARTESIAN_POINT('Ctrl Pts',(65.3301018761797,-21.2225290764642,25.5));
#8102=CARTESIAN_POINT('Ctrl Pts',(65.5295108179095,-21.0483196594572,25.5));
#8103=CARTESIAN_POINT('Ctrl Pts',(65.6226078473335,-20.9669874028373,25.5));
#8104=CARTESIAN_POINT('Ctrl Pts',(63.7109628224431,-21.4962461854021,26.));
#8105=CARTESIAN_POINT('Ctrl Pts',(63.7109628224431,-21.4962461854021,25.5));
#8106=CARTESIAN_POINT('Ctrl Pts',(63.9494429389016,-21.4958554702965,26.));
#8107=CARTESIAN_POINT('Ctrl Pts',(63.9494429389016,-21.4958554702965,25.5));
#8108=CARTESIAN_POINT('Ctrl Pts',(64.3670760795137,-21.4951712389271,26.));
#8109=CARTESIAN_POINT('Ctrl Pts',(64.3670760795137,-21.4951712389271,25.5));
#8110=CARTESIAN_POINT('Ctrl Pts',(64.7735155466188,-21.4013207050234,26.));
#8111=CARTESIAN_POINT('Ctrl Pts',(64.7735155466188,-21.4013207050234,25.5));
#8112=CARTESIAN_POINT('Ctrl Pts',(64.9478667955656,-21.3610614311961,26.));
#8113=CARTESIAN_POINT('Ctrl Pts',(64.9478667955656,-21.3610614311961,25.5));
#8114=CARTESIAN_POINT('',(63.7109628224431,-21.4962461854021,26.));
#8115=CARTESIAN_POINT('Ctrl Pts',(63.7109628224431,-21.4962461854021,26.));
#8116=CARTESIAN_POINT('Ctrl Pts',(63.9494429389016,-21.4958554702965,26.));
#8117=CARTESIAN_POINT('Ctrl Pts',(64.3670760795137,-21.4951712389271,26.));
#8118=CARTESIAN_POINT('Ctrl Pts',(64.7735155466188,-21.4013207050234,26.));
#8119=CARTESIAN_POINT('Ctrl Pts',(64.9478667955656,-21.3610614311961,26.));
#8120=CARTESIAN_POINT('',(63.7109628224431,-21.4962461854021,25.5));
#8121=CARTESIAN_POINT('',(63.7109628224431,-21.4962461854021,26.));
#8122=CARTESIAN_POINT('Ctrl Pts',(63.7109628224431,-21.4962461854021,25.5));
#8123=CARTESIAN_POINT('Ctrl Pts',(63.9494429389016,-21.4958554702965,25.5));
#8124=CARTESIAN_POINT('Ctrl Pts',(64.3670760795137,-21.4951712389271,25.5));
#8125=CARTESIAN_POINT('Ctrl Pts',(64.7735155466188,-21.4013207050234,25.5));
#8126=CARTESIAN_POINT('Ctrl Pts',(64.9478667955656,-21.3610614311961,25.5));
#8127=CARTESIAN_POINT('Ctrl Pts',(62.4401250852488,-21.3470611926168,26.));
#8128=CARTESIAN_POINT('Ctrl Pts',(62.4401250852488,-21.3470611926168,25.5));
#8129=CARTESIAN_POINT('Ctrl Pts',(62.6229193489715,-21.3893597890507,26.));
#8130=CARTESIAN_POINT('Ctrl Pts',(62.6229193489715,-21.3893597890507,25.5));
#8131=CARTESIAN_POINT('Ctrl Pts',(63.0406019820636,-21.4860115590504,26.));
#8132=CARTESIAN_POINT('Ctrl Pts',(63.0406019820636,-21.4860115590504,25.5));
#8133=CARTESIAN_POINT('Ctrl Pts',(63.4696711253069,-21.4925623032103,26.));
#8134=CARTESIAN_POINT('Ctrl Pts',(63.4696711253069,-21.4925623032103,25.5));
#8135=CARTESIAN_POINT('Ctrl Pts',(63.7109628224431,-21.4962461854021,26.));
#8136=CARTESIAN_POINT('Ctrl Pts',(63.7109628224431,-21.4962461854021,25.5));
#8137=CARTESIAN_POINT('',(62.4401250852488,-21.3470611926168,26.));
#8138=CARTESIAN_POINT('Ctrl Pts',(62.4401250852488,-21.3470611926168,26.));
#8139=CARTESIAN_POINT('Ctrl Pts',(62.6229193489715,-21.3893597890507,26.));
#8140=CARTESIAN_POINT('Ctrl Pts',(63.0406019820636,-21.4860115590504,26.));
#8141=CARTESIAN_POINT('Ctrl Pts',(63.4696711253069,-21.4925623032103,26.));
#8142=CARTESIAN_POINT('Ctrl Pts',(63.7109628224431,-21.4962461854021,26.));
#8143=CARTESIAN_POINT('',(62.4401250852488,-21.3470611926168,25.5));
#8144=CARTESIAN_POINT('',(62.4401250852488,-21.3470611926168,26.));
#8145=CARTESIAN_POINT('Ctrl Pts',(62.4401250852488,-21.3470611926168,25.5));
#8146=CARTESIAN_POINT('Ctrl Pts',(62.6229193489715,-21.3893597890507,25.5));
#8147=CARTESIAN_POINT('Ctrl Pts',(63.0406019820636,-21.4860115590504,25.5));
#8148=CARTESIAN_POINT('Ctrl Pts',(63.4696711253069,-21.4925623032103,25.5));
#8149=CARTESIAN_POINT('Ctrl Pts',(63.7109628224431,-21.4962461854021,25.5));
#8150=CARTESIAN_POINT('Ctrl Pts',(61.7720222278003,-20.976275412231,26.));
#8151=CARTESIAN_POINT('Ctrl Pts',(61.7720222278003,-20.976275412231,25.5));
#8152=CARTESIAN_POINT('Ctrl Pts',(61.8581941321952,-21.0504720087643,26.));
#8153=CARTESIAN_POINT('Ctrl Pts',(61.8581941321952,-21.0504720087643,25.5));
#8154=CARTESIAN_POINT('Ctrl Pts',(62.0546399806283,-21.2196177814982,26.));
#8155=CARTESIAN_POINT('Ctrl Pts',(62.0546399806283,-21.2196177814982,25.5));
#8156=CARTESIAN_POINT('Ctrl Pts',(62.3015329112258,-21.3012418880571,26.));
#8157=CARTESIAN_POINT('Ctrl Pts',(62.3015329112258,-21.3012418880571,25.5));
#8158=CARTESIAN_POINT('Ctrl Pts',(62.4401250852488,-21.3470611926168,26.));
#8159=CARTESIAN_POINT('Ctrl Pts',(62.4401250852488,-21.3470611926168,25.5));
#8160=CARTESIAN_POINT('',(61.7720222278003,-20.976275412231,26.));
#8161=CARTESIAN_POINT('Ctrl Pts',(61.7720222278003,-20.976275412231,26.));
#8162=CARTESIAN_POINT('Ctrl Pts',(61.8581941321952,-21.0504720087643,26.));
#8163=CARTESIAN_POINT('Ctrl Pts',(62.0546399806283,-21.2196177814982,26.));
#8164=CARTESIAN_POINT('Ctrl Pts',(62.3015329112258,-21.3012418880571,26.));
#8165=CARTESIAN_POINT('Ctrl Pts',(62.4401250852488,-21.3470611926168,26.));
#8166=CARTESIAN_POINT('',(61.7720222278003,-20.976275412231,25.5));
#8167=CARTESIAN_POINT('',(61.7720222278003,-20.976275412231,26.));
#8168=CARTESIAN_POINT('Ctrl Pts',(61.7720222278003,-20.976275412231,25.5));
#8169=CARTESIAN_POINT('Ctrl Pts',(61.8581941321952,-21.0504720087643,25.5));
#8170=CARTESIAN_POINT('Ctrl Pts',(62.0546399806283,-21.2196177814982,25.5));
#8171=CARTESIAN_POINT('Ctrl Pts',(62.3015329112258,-21.3012418880571,25.5));
#8172=CARTESIAN_POINT('Ctrl Pts',(62.4401250852488,-21.3470611926168,25.5));
#8173=CARTESIAN_POINT('Ctrl Pts',(61.4862826552583,-20.4087038035667,26.));
#8174=CARTESIAN_POINT('Ctrl Pts',(61.4862826552583,-20.4087038035667,25.5));
#8175=CARTESIAN_POINT('Ctrl Pts',(61.5176422313243,-20.5161455083897,26.));
#8176=CARTESIAN_POINT('Ctrl Pts',(61.5176422313243,-20.5161455083897,25.5));
#8177=CARTESIAN_POINT('Ctrl Pts',(61.5780436323809,-20.7230880222036,26.));
#8178=CARTESIAN_POINT('Ctrl Pts',(61.5780436323809,-20.7230880222036,25.5));
#8179=CARTESIAN_POINT('Ctrl Pts',(61.7090382247733,-20.8940665720989,26.));
#8180=CARTESIAN_POINT('Ctrl Pts',(61.7090382247733,-20.8940665720989,25.5));
#8181=CARTESIAN_POINT('Ctrl Pts',(61.7720222278003,-20.976275412231,26.));
#8182=CARTESIAN_POINT('Ctrl Pts',(61.7720222278003,-20.976275412231,25.5));
#8183=CARTESIAN_POINT('',(61.4862826552583,-20.4087038035667,26.));
#8184=CARTESIAN_POINT('Ctrl Pts',(61.4862826552583,-20.4087038035667,26.));
#8185=CARTESIAN_POINT('Ctrl Pts',(61.5176422313243,-20.5161455083897,26.));
#8186=CARTESIAN_POINT('Ctrl Pts',(61.5780436323809,-20.7230880222036,26.));
#8187=CARTESIAN_POINT('Ctrl Pts',(61.7090382247733,-20.8940665720989,26.));
#8188=CARTESIAN_POINT('Ctrl Pts',(61.7720222278003,-20.976275412231,26.));
#8189=CARTESIAN_POINT('',(61.4862826552583,-20.4087038035667,25.5));
#8190=CARTESIAN_POINT('',(61.4862826552583,-20.4087038035667,26.));
#8191=CARTESIAN_POINT('Ctrl Pts',(61.4862826552583,-20.4087038035667,25.5));
#8192=CARTESIAN_POINT('Ctrl Pts',(61.5176422313243,-20.5161455083897,25.5));
#8193=CARTESIAN_POINT('Ctrl Pts',(61.5780436323809,-20.7230880222036,25.5));
#8194=CARTESIAN_POINT('Ctrl Pts',(61.7090382247733,-20.8940665720989,25.5));
#8195=CARTESIAN_POINT('Ctrl Pts',(61.7720222278003,-20.976275412231,25.5));
#8196=CARTESIAN_POINT('Ctrl Pts',(61.4247105494987,-19.5605780633853,26.));
#8197=CARTESIAN_POINT('Ctrl Pts',(61.4247105494987,-19.5605780633853,25.5));
#8198=CARTESIAN_POINT('Ctrl Pts',(61.4237313089394,-19.7295975061742,26.));
#8199=CARTESIAN_POINT('Ctrl Pts',(61.4237313089394,-19.7295975061742,25.5));
#8200=CARTESIAN_POINT('Ctrl Pts',(61.4220827104003,-20.0141498603493,26.));
#8201=CARTESIAN_POINT('Ctrl Pts',(61.4220827104003,-20.0141498603493,25.5));
#8202=CARTESIAN_POINT('Ctrl Pts',(61.467743590767,-20.2947681761328,26.));
#8203=CARTESIAN_POINT('Ctrl Pts',(61.467743590767,-20.2947681761328,25.5));
#8204=CARTESIAN_POINT('Ctrl Pts',(61.4862826552583,-20.4087038035667,26.));
#8205=CARTESIAN_POINT('Ctrl Pts',(61.4862826552583,-20.4087038035667,25.5));
#8206=CARTESIAN_POINT('',(61.4247105494987,-19.5605780633853,26.));
#8207=CARTESIAN_POINT('Ctrl Pts',(61.4247105494987,-19.5605780633853,26.));
#8208=CARTESIAN_POINT('Ctrl Pts',(61.4237313089394,-19.7295975061742,26.));
#8209=CARTESIAN_POINT('Ctrl Pts',(61.4220827104003,-20.0141498603493,26.));
#8210=CARTESIAN_POINT('Ctrl Pts',(61.467743590767,-20.2947681761328,26.));
#8211=CARTESIAN_POINT('Ctrl Pts',(61.4862826552583,-20.4087038035667,26.));
#8212=CARTESIAN_POINT('',(61.4247105494987,-19.5605780633853,25.5));
#8213=CARTESIAN_POINT('',(61.4247105494987,-19.5605780633853,26.));
#8214=CARTESIAN_POINT('Ctrl Pts',(61.4247105494987,-19.5605780633853,25.5));
#8215=CARTESIAN_POINT('Ctrl Pts',(61.4237313089394,-19.7295975061742,25.5));
#8216=CARTESIAN_POINT('Ctrl Pts',(61.4220827104003,-20.0141498603493,25.5));
#8217=CARTESIAN_POINT('Ctrl Pts',(61.467743590767,-20.2947681761328,25.5));
#8218=CARTESIAN_POINT('Ctrl Pts',(61.4862826552583,-20.4087038035667,25.5));
#8219=CARTESIAN_POINT('Origin',(61.4305538523393,-18.5139177385327,26.));
#8220=CARTESIAN_POINT('',(61.4305538523393,-18.5139177385327,26.));
#8221=CARTESIAN_POINT('',(61.4820534364584,-9.28924242831959,26.));
#8222=CARTESIAN_POINT('',(61.4305538523393,-18.5139177385327,25.5));
#8223=CARTESIAN_POINT('',(61.4305538523393,-18.5139177385327,26.));
#8224=CARTESIAN_POINT('',(61.4305538523393,-18.5139177385327,25.5));
#8225=CARTESIAN_POINT('Origin',(66.0292642497308,-18.5395914522392,26.));
#8226=CARTESIAN_POINT('',(66.0292642497308,-18.5395914522392,26.));
#8227=CARTESIAN_POINT('',(44.5131325407463,-18.4194710363327,26.));
#8228=CARTESIAN_POINT('',(66.0292642497308,-18.5395914522392,25.5));
#8229=CARTESIAN_POINT('',(66.0292642497308,-18.5395914522392,26.));
#8230=CARTESIAN_POINT('',(66.0292642497308,-18.5395914522392,25.5));
#8231=CARTESIAN_POINT('Origin',(66.0257476837218,-19.1694835221469,26.));
#8232=CARTESIAN_POINT('',(66.0790055508455,-9.62986217698005,26.));
#8233=CARTESIAN_POINT('',(66.0257476837218,-19.1694835221469,25.5));
#8234=CARTESIAN_POINT('Origin',(60.2538471434314,-19.7434917139379,26.));
#8235=CARTESIAN_POINT('',(60.2538471434314,-19.7434917139379,26.));
#8236=CARTESIAN_POINT('',(60.2685745005808,-17.1055075398022,26.));
#8237=CARTESIAN_POINT('',(60.3087971948964,-9.90076401594871,26.));
#8238=CARTESIAN_POINT('',(60.2538471434314,-19.7434917139379,25.5));
#8239=CARTESIAN_POINT('',(60.2538471434314,-19.7434917139379,26.));
#8240=CARTESIAN_POINT('',(60.2685745005808,-17.1055075398022,25.5));
#8241=CARTESIAN_POINT('',(60.2538471434314,-19.7434917139379,25.5));
#8242=CARTESIAN_POINT('',(60.2685745005808,-17.1055075398022,26.));
#8243=CARTESIAN_POINT('Ctrl Pts',(60.3937380051959,-20.9851558350102,26.));
#8244=CARTESIAN_POINT('Ctrl Pts',(60.3937380051959,-20.9851558350102,25.5));
#8245=CARTESIAN_POINT('Ctrl Pts',(60.3520698157158,-20.8049179265955,26.));
#8246=CARTESIAN_POINT('Ctrl Pts',(60.3520698157158,-20.8049179265955,25.5));
#8247=CARTESIAN_POINT('Ctrl Pts',(60.2577247760097,-20.3968235784102,26.));
#8248=CARTESIAN_POINT('Ctrl Pts',(60.2577247760097,-20.3968235784102,25.5));
#8249=CARTESIAN_POINT('Ctrl Pts',(60.2552364703585,-19.9775756642163,26.));
#8250=CARTESIAN_POINT('Ctrl Pts',(60.2552364703585,-19.9775756642163,25.5));
#8251=CARTESIAN_POINT('Ctrl Pts',(60.2538471434314,-19.7434917139379,26.));
#8252=CARTESIAN_POINT('Ctrl Pts',(60.2538471434314,-19.7434917139379,25.5));
#8253=CARTESIAN_POINT('',(60.3937380051959,-20.9851558350102,26.));
#8254=CARTESIAN_POINT('Ctrl Pts',(60.3937380051959,-20.9851558350102,26.));
#8255=CARTESIAN_POINT('Ctrl Pts',(60.3520698157158,-20.8049179265955,26.));
#8256=CARTESIAN_POINT('Ctrl Pts',(60.2577247760097,-20.3968235784102,26.));
#8257=CARTESIAN_POINT('Ctrl Pts',(60.2552364703585,-19.9775756642163,26.));
#8258=CARTESIAN_POINT('Ctrl Pts',(60.2538471434314,-19.7434917139379,26.));
#8259=CARTESIAN_POINT('',(60.3937380051959,-20.9851558350102,25.5));
#8260=CARTESIAN_POINT('',(60.3937380051959,-20.9851558350102,26.));
#8261=CARTESIAN_POINT('Ctrl Pts',(60.3937380051959,-20.9851558350102,25.5));
#8262=CARTESIAN_POINT('Ctrl Pts',(60.3520698157158,-20.8049179265955,25.5));
#8263=CARTESIAN_POINT('Ctrl Pts',(60.2577247760097,-20.3968235784102,25.5));
#8264=CARTESIAN_POINT('Ctrl Pts',(60.2552364703585,-19.9775756642163,25.5));
#8265=CARTESIAN_POINT('Ctrl Pts',(60.2538471434314,-19.7434917139379,25.5));
#8266=CARTESIAN_POINT('Ctrl Pts',(60.9423562386616,-21.9733509752882,26.));
#8267=CARTESIAN_POINT('Ctrl Pts',(60.9423562386616,-21.9733509752882,25.5));
#8268=CARTESIAN_POINT('Ctrl Pts',(60.8294255459259,-21.8346080066216,26.));
#8269=CARTESIAN_POINT('Ctrl Pts',(60.8294255459259,-21.8346080066216,25.5));
#8270=CARTESIAN_POINT('Ctrl Pts',(60.5881598673121,-21.5381968567621,26.));
#8271=CARTESIAN_POINT('Ctrl Pts',(60.5881598673121,-21.5381968567621,25.5));
#8272=CARTESIAN_POINT('Ctrl Pts',(60.4612463441308,-21.1771860950589,26.));
#8273=CARTESIAN_POINT('Ctrl Pts',(60.4612463441308,-21.1771860950589,25.5));
#8274=CARTESIAN_POINT('Ctrl Pts',(60.3937380051959,-20.9851558350102,26.));
#8275=CARTESIAN_POINT('Ctrl Pts',(60.3937380051959,-20.9851558350102,25.5));
#8276=CARTESIAN_POINT('',(60.9423562386616,-21.9733509752882,26.));
#8277=CARTESIAN_POINT('Ctrl Pts',(60.9423562386616,-21.9733509752882,26.));
#8278=CARTESIAN_POINT('Ctrl Pts',(60.8294255459259,-21.8346080066216,26.));
#8279=CARTESIAN_POINT('Ctrl Pts',(60.5881598673121,-21.5381968567621,26.));
#8280=CARTESIAN_POINT('Ctrl Pts',(60.4612463441308,-21.1771860950589,26.));
#8281=CARTESIAN_POINT('Ctrl Pts',(60.3937380051959,-20.9851558350102,26.));
#8282=CARTESIAN_POINT('',(60.9423562386616,-21.9733509752882,25.5));
#8283=CARTESIAN_POINT('',(60.9423562386616,-21.9733509752882,26.));
#8284=CARTESIAN_POINT('Ctrl Pts',(60.9423562386616,-21.9733509752882,25.5));
#8285=CARTESIAN_POINT('Ctrl Pts',(60.8294255459259,-21.8346080066216,25.5));
#8286=CARTESIAN_POINT('Ctrl Pts',(60.5881598673121,-21.5381968567621,25.5));
#8287=CARTESIAN_POINT('Ctrl Pts',(60.4612463441308,-21.1771860950589,25.5));
#8288=CARTESIAN_POINT('Ctrl Pts',(60.3937380051959,-20.9851558350102,25.5));
#8289=CARTESIAN_POINT('Ctrl Pts',(62.1648436069308,-22.7237578019906,26.));
#8290=CARTESIAN_POINT('Ctrl Pts',(62.1648436069308,-22.7237578019906,25.5));
#8291=CARTESIAN_POINT('Ctrl Pts',(61.9287294284234,-22.6302851154101,26.));
#8292=CARTESIAN_POINT('Ctrl Pts',(61.9287294284234,-22.6302851154101,25.5));
#8293=CARTESIAN_POINT('Ctrl Pts',(61.4769472394759,-22.4514339544292,26.));
#8294=CARTESIAN_POINT('Ctrl Pts',(61.4769472394759,-22.4514339544292,25.5));
#8295=CARTESIAN_POINT('Ctrl Pts',(61.1150944858755,-22.1278302233747,26.));
#8296=CARTESIAN_POINT('Ctrl Pts',(61.1150944858755,-22.1278302233747,25.5));
#8297=CARTESIAN_POINT('Ctrl Pts',(60.9423562386616,-21.9733509752882,26.));
#8298=CARTESIAN_POINT('Ctrl Pts',(60.9423562386616,-21.9733509752882,25.5));
#8299=CARTESIAN_POINT('',(62.1648436069308,-22.7237578019906,26.));
#8300=CARTESIAN_POINT('Ctrl Pts',(62.1648436069308,-22.7237578019906,26.));
#8301=CARTESIAN_POINT('Ctrl Pts',(61.9287294284234,-22.6302851154101,26.));
#8302=CARTESIAN_POINT('Ctrl Pts',(61.4769472394759,-22.4514339544292,26.));
#8303=CARTESIAN_POINT('Ctrl Pts',(61.1150944858755,-22.1278302233747,26.));
#8304=CARTESIAN_POINT('Ctrl Pts',(60.9423562386616,-21.9733509752882,26.));
#8305=CARTESIAN_POINT('',(62.1648436069308,-22.7237578019906,25.5));
#8306=CARTESIAN_POINT('',(62.1648436069308,-22.7237578019906,26.));
#8307=CARTESIAN_POINT('Ctrl Pts',(62.1648436069308,-22.7237578019906,25.5));
#8308=CARTESIAN_POINT('Ctrl Pts',(61.9287294284234,-22.6302851154101,25.5));
#8309=CARTESIAN_POINT('Ctrl Pts',(61.4769472394759,-22.4514339544292,25.5));
#8310=CARTESIAN_POINT('Ctrl Pts',(61.1150944858755,-22.1278302233747,25.5));
#8311=CARTESIAN_POINT('Ctrl Pts',(60.9423562386616,-21.9733509752882,25.5));
#8312=CARTESIAN_POINT('Ctrl Pts',(63.6413038041708,-22.9451310522208,26.));
#8313=CARTESIAN_POINT('Ctrl Pts',(63.6413038041708,-22.9451310522208,25.5));
#8314=CARTESIAN_POINT('Ctrl Pts',(63.3735975583355,-22.9374292749673,26.));
#8315=CARTESIAN_POINT('Ctrl Pts',(63.3735975583355,-22.9374292749673,25.5));
#8316=CARTESIAN_POINT('Ctrl Pts',(62.8722036422543,-22.9230044181775,26.));
#8317=CARTESIAN_POINT('Ctrl Pts',(62.8722036422543,-22.9230044181775,25.5));
#8318=CARTESIAN_POINT('Ctrl Pts',(62.3897183987288,-22.7870997199588,26.));
#8319=CARTESIAN_POINT('Ctrl Pts',(62.3897183987288,-22.7870997199588,25.5));
#8320=CARTESIAN_POINT('Ctrl Pts',(62.1648436069308,-22.7237578019906,26.));
#8321=CARTESIAN_POINT('Ctrl Pts',(62.1648436069308,-22.7237578019906,25.5));
#8322=CARTESIAN_POINT('',(63.6413038041708,-22.9451310522208,26.));
#8323=CARTESIAN_POINT('Ctrl Pts',(63.6413038041708,-22.9451310522208,26.));
#8324=CARTESIAN_POINT('Ctrl Pts',(63.3735975583355,-22.9374292749673,26.));
#8325=CARTESIAN_POINT('Ctrl Pts',(62.8722036422543,-22.9230044181775,26.));
#8326=CARTESIAN_POINT('Ctrl Pts',(62.3897183987288,-22.7870997199588,26.));
#8327=CARTESIAN_POINT('Ctrl Pts',(62.1648436069308,-22.7237578019906,26.));
#8328=CARTESIAN_POINT('',(63.6413038041708,-22.9451310522208,25.5));
#8329=CARTESIAN_POINT('',(63.6413038041708,-22.9451310522208,26.));
#8330=CARTESIAN_POINT('Ctrl Pts',(63.6413038041708,-22.9451310522208,25.5));
#8331=CARTESIAN_POINT('Ctrl Pts',(63.3735975583355,-22.9374292749673,25.5));
#8332=CARTESIAN_POINT('Ctrl Pts',(62.8722036422543,-22.9230044181775,25.5));
#8333=CARTESIAN_POINT('Ctrl Pts',(62.3897183987288,-22.7870997199588,25.5));
#8334=CARTESIAN_POINT('Ctrl Pts',(62.1648436069308,-22.7237578019906,25.5));
#8335=CARTESIAN_POINT('Ctrl Pts',(65.2836158473523,-22.7269593374823,26.));
#8336=CARTESIAN_POINT('Ctrl Pts',(65.2836158473523,-22.7269593374823,25.5));
#8337=CARTESIAN_POINT('Ctrl Pts',(65.0369499633184,-22.7917699831423,26.));
#8338=CARTESIAN_POINT('Ctrl Pts',(65.0369499633184,-22.7917699831423,25.5));
#8339=CARTESIAN_POINT('Ctrl Pts',(64.4990957376794,-22.9330894030171,26.));
#8340=CARTESIAN_POINT('Ctrl Pts',(64.4990957376794,-22.9330894030171,25.5));
#8341=CARTESIAN_POINT('Ctrl Pts',(63.9425899147151,-22.9409016097285,26.));
#8342=CARTESIAN_POINT('Ctrl Pts',(63.9425899147151,-22.9409016097285,25.5));
#8343=CARTESIAN_POINT('Ctrl Pts',(63.6413038041708,-22.9451310522208,26.));
#8344=CARTESIAN_POINT('Ctrl Pts',(63.6413038041708,-22.9451310522208,25.5));
#8345=CARTESIAN_POINT('',(65.2836158473523,-22.7269593374823,26.));
#8346=CARTESIAN_POINT('Ctrl Pts',(65.2836158473523,-22.7269593374823,26.));
#8347=CARTESIAN_POINT('Ctrl Pts',(65.0369499633184,-22.7917699831423,26.));
#8348=CARTESIAN_POINT('Ctrl Pts',(64.4990957376794,-22.9330894030171,26.));
#8349=CARTESIAN_POINT('Ctrl Pts',(63.9425899147151,-22.9409016097285,26.));
#8350=CARTESIAN_POINT('Ctrl Pts',(63.6413038041708,-22.9451310522208,26.));
#8351=CARTESIAN_POINT('',(65.2836158473523,-22.7269593374823,25.5));
#8352=CARTESIAN_POINT('',(65.2836158473523,-22.7269593374823,26.));
#8353=CARTESIAN_POINT('Ctrl Pts',(65.2836158473523,-22.7269593374823,25.5));
#8354=CARTESIAN_POINT('Ctrl Pts',(65.0369499633184,-22.7917699831423,25.5));
#8355=CARTESIAN_POINT('Ctrl Pts',(64.4990957376794,-22.9330894030171,25.5));
#8356=CARTESIAN_POINT('Ctrl Pts',(63.9425899147151,-22.9409016097285,25.5));
#8357=CARTESIAN_POINT('Ctrl Pts',(63.6413038041708,-22.9451310522208,25.5));
#8358=CARTESIAN_POINT('Ctrl Pts',(66.4121307921821,-22.0701976808351,26.));
#8359=CARTESIAN_POINT('Ctrl Pts',(66.4121307921821,-22.0701976808351,25.5));
#8360=CARTESIAN_POINT('Ctrl Pts',(66.24678548366,-22.2067956989091,26.));
#8361=CARTESIAN_POINT('Ctrl Pts',(66.24678548366,-22.2067956989091,25.5));
#8362=CARTESIAN_POINT('Ctrl Pts',(65.9068772941458,-22.4876067205814,26.));
#8363=CARTESIAN_POINT('Ctrl Pts',(65.9068772941458,-22.4876067205814,25.5));
#8364=CARTESIAN_POINT('Ctrl Pts',(65.4950919049984,-22.6457456701363,26.));
#8365=CARTESIAN_POINT('Ctrl Pts',(65.4950919049984,-22.6457456701363,25.5));
#8366=CARTESIAN_POINT('Ctrl Pts',(65.2836158473523,-22.7269593374823,26.));
#8367=CARTESIAN_POINT('Ctrl Pts',(65.2836158473523,-22.7269593374823,25.5));
#8368=CARTESIAN_POINT('',(66.4121307921821,-22.0701976808351,26.));
#8369=CARTESIAN_POINT('Ctrl Pts',(66.4121307921821,-22.0701976808351,26.));
#8370=CARTESIAN_POINT('Ctrl Pts',(66.24678548366,-22.2067956989091,26.));
#8371=CARTESIAN_POINT('Ctrl Pts',(65.9068772941458,-22.4876067205814,26.));
#8372=CARTESIAN_POINT('Ctrl Pts',(65.4950919049984,-22.6457456701363,26.));
#8373=CARTESIAN_POINT('Ctrl Pts',(65.2836158473523,-22.7269593374823,26.));
#8374=CARTESIAN_POINT('',(66.4121307921821,-22.0701976808351,25.5));
#8375=CARTESIAN_POINT('',(66.4121307921821,-22.0701976808351,26.));
#8376=CARTESIAN_POINT('Ctrl Pts',(66.4121307921821,-22.0701976808351,25.5));
#8377=CARTESIAN_POINT('Ctrl Pts',(66.24678548366,-22.2067956989091,25.5));
#8378=CARTESIAN_POINT('Ctrl Pts',(65.9068772941458,-22.4876067205814,25.5));
#8379=CARTESIAN_POINT('Ctrl Pts',(65.4950919049984,-22.6457456701363,25.5));
#8380=CARTESIAN_POINT('Ctrl Pts',(65.2836158473523,-22.7269593374823,25.5));
#8381=CARTESIAN_POINT('Ctrl Pts',(67.0573420169293,-21.0270972869549,26.));
#8382=CARTESIAN_POINT('Ctrl Pts',(67.0573420169293,-21.0270972869549,25.5));
#8383=CARTESIAN_POINT('Ctrl Pts',(66.9847324965639,-21.2229332701167,26.));
#8384=CARTESIAN_POINT('Ctrl Pts',(66.9847324965639,-21.2229332701167,25.5));
#8385=CARTESIAN_POINT('Ctrl Pts',(66.8397381422119,-21.6139992321911,26.));
#8386=CARTESIAN_POINT('Ctrl Pts',(66.8397381422119,-21.6139992321911,25.5));
#8387=CARTESIAN_POINT('Ctrl Pts',(66.5545192484089,-21.9182887091325,26.));
#8388=CARTESIAN_POINT('Ctrl Pts',(66.5545192484089,-21.9182887091325,25.5));
#8389=CARTESIAN_POINT('Ctrl Pts',(66.4121307921821,-22.0701976808351,26.));
#8390=CARTESIAN_POINT('Ctrl Pts',(66.4121307921821,-22.0701976808351,25.5));
#8391=CARTESIAN_POINT('',(67.0573420169293,-21.0270972869549,26.));
#8392=CARTESIAN_POINT('Ctrl Pts',(67.0573420169293,-21.0270972869549,26.));
#8393=CARTESIAN_POINT('Ctrl Pts',(66.9847324965639,-21.2229332701167,26.));
#8394=CARTESIAN_POINT('Ctrl Pts',(66.8397381422119,-21.6139992321911,26.));
#8395=CARTESIAN_POINT('Ctrl Pts',(66.5545192484089,-21.9182887091325,26.));
#8396=CARTESIAN_POINT('Ctrl Pts',(66.4121307921821,-22.0701976808351,26.));
#8397=CARTESIAN_POINT('',(67.0573420169293,-21.0270972869549,25.5));
#8398=CARTESIAN_POINT('',(67.0573420169293,-21.0270972869549,26.));
#8399=CARTESIAN_POINT('Ctrl Pts',(67.0573420169293,-21.0270972869549,25.5));
#8400=CARTESIAN_POINT('Ctrl Pts',(66.9847324965639,-21.2229332701167,25.5));
#8401=CARTESIAN_POINT('Ctrl Pts',(66.8397381422119,-21.6139992321911,25.5));
#8402=CARTESIAN_POINT('Ctrl Pts',(66.5545192484089,-21.9182887091325,25.5));
#8403=CARTESIAN_POINT('Ctrl Pts',(66.4121307921821,-22.0701976808351,25.5));
#8404=CARTESIAN_POINT('Ctrl Pts',(67.1973282532632,-19.7064756884549,26.));
#8405=CARTESIAN_POINT('Ctrl Pts',(67.1973282532632,-19.7064756884549,25.5));
#8406=CARTESIAN_POINT('Ctrl Pts',(67.1945243728819,-19.9620993211383,26.));
#8407=CARTESIAN_POINT('Ctrl Pts',(67.1945243728819,-19.9620993211383,25.5));
#8408=CARTESIAN_POINT('Ctrl Pts',(67.1896426587433,-20.4071545061557,26.));
#8409=CARTESIAN_POINT('Ctrl Pts',(67.1896426587433,-20.4071545061557,25.5));
#8410=CARTESIAN_POINT('Ctrl Pts',(67.0968415280747,-20.8420079597685,26.));
#8411=CARTESIAN_POINT('Ctrl Pts',(67.0968415280747,-20.8420079597685,25.5));
#8412=CARTESIAN_POINT('Ctrl Pts',(67.0573420169293,-21.0270972869549,26.));
#8413=CARTESIAN_POINT('Ctrl Pts',(67.0573420169293,-21.0270972869549,25.5));
#8414=CARTESIAN_POINT('',(67.1973282532632,-19.7064756884549,26.));
#8415=CARTESIAN_POINT('Ctrl Pts',(67.1973282532632,-19.7064756884549,26.));
#8416=CARTESIAN_POINT('Ctrl Pts',(67.1945243728819,-19.9620993211383,26.));
#8417=CARTESIAN_POINT('Ctrl Pts',(67.1896426587433,-20.4071545061557,26.));
#8418=CARTESIAN_POINT('Ctrl Pts',(67.0968415280747,-20.8420079597685,26.));
#8419=CARTESIAN_POINT('Ctrl Pts',(67.0573420169293,-21.0270972869549,26.));
#8420=CARTESIAN_POINT('',(67.1973282532632,-19.7064756884549,25.5));
#8421=CARTESIAN_POINT('',(67.1973282532632,-19.7064756884549,26.));
#8422=CARTESIAN_POINT('Ctrl Pts',(67.1973282532632,-19.7064756884549,25.5));
#8423=CARTESIAN_POINT('Ctrl Pts',(67.1945243728819,-19.9620993211383,25.5));
#8424=CARTESIAN_POINT('Ctrl Pts',(67.1896426587433,-20.4071545061557,25.5));
#8425=CARTESIAN_POINT('Ctrl Pts',(67.0968415280747,-20.8420079597685,25.5));
#8426=CARTESIAN_POINT('Ctrl Pts',(67.0573420169293,-21.0270972869549,25.5));
#8427=CARTESIAN_POINT('Origin',(67.2116325576721,-17.1442692945991,26.));
#8428=CARTESIAN_POINT('',(67.2116325576721,-17.1442692945991,26.));
#8429=CARTESIAN_POINT('',(67.2592189305624,-8.62053368367771,26.));
#8430=CARTESIAN_POINT('',(67.2116325576721,-17.1442692945991,25.5));
#8431=CARTESIAN_POINT('',(67.2116325576721,-17.1442692945991,26.));
#8432=CARTESIAN_POINT('',(67.2116325576721,-17.1442692945991,25.5));
#8433=CARTESIAN_POINT('Origin',(60.2685745005808,-17.1055075398022,26.));
#8434=CARTESIAN_POINT('',(41.6367008774001,-17.0014893808225,26.));
#8435=CARTESIAN_POINT('',(60.2685745005808,-17.1055075398022,25.5));
#8436=CARTESIAN_POINT('Origin',(63.8572324896564,0.0820795049944145,25.5));
#8437=CARTESIAN_POINT('Ctrl Pts',(66.0426481649317,-7.65870208336326,26.));
#8438=CARTESIAN_POINT('Ctrl Pts',(66.0426481649317,-7.65870208336326,25.5));
#8439=CARTESIAN_POINT('Ctrl Pts',(66.0569676940801,-7.53297925801004,26.));
#8440=CARTESIAN_POINT('Ctrl Pts',(66.0569676940801,-7.53297925801004,25.5));
#8441=CARTESIAN_POINT('Ctrl Pts',(66.0951124484308,-7.19807534883353,26.));
#8442=CARTESIAN_POINT('Ctrl Pts',(66.0951124484308,-7.19807534883353,25.5));
#8443=CARTESIAN_POINT('Ctrl Pts',(66.0954374901339,-6.86082942412825,26.));
#8444=CARTESIAN_POINT('Ctrl Pts',(66.0954374901339,-6.86082942412825,25.5));
#8445=CARTESIAN_POINT('Ctrl Pts',(66.0956405112808,-6.65018551669131,26.));
#8446=CARTESIAN_POINT('Ctrl Pts',(66.0956405112808,-6.65018551669131,25.5));
#8447=CARTESIAN_POINT('',(66.0426481649317,-7.65870208336326,26.));
#8448=CARTESIAN_POINT('',(66.0956405112808,-6.65018551669131,26.));
#8449=CARTESIAN_POINT('Ctrl Pts',(66.0426481649317,-7.65870208336326,26.));
#8450=CARTESIAN_POINT('Ctrl Pts',(66.0569676940801,-7.53297925801004,26.));
#8451=CARTESIAN_POINT('Ctrl Pts',(66.0951124484308,-7.19807534883353,26.));
#8452=CARTESIAN_POINT('Ctrl Pts',(66.0954374901339,-6.86082942412825,26.));
#8453=CARTESIAN_POINT('Ctrl Pts',(66.0956405112808,-6.65018551669131,26.));
#8454=CARTESIAN_POINT('',(66.0426481649317,-7.65870208336326,25.5));
#8455=CARTESIAN_POINT('',(66.0426481649317,-7.65870208336326,26.));
#8456=CARTESIAN_POINT('',(66.0956405112808,-6.65018551669131,25.5));
#8457=CARTESIAN_POINT('Ctrl Pts',(66.0426481649317,-7.65870208336326,25.5));
#8458=CARTESIAN_POINT('Ctrl Pts',(66.0569676940801,-7.53297925801004,25.5));
#8459=CARTESIAN_POINT('Ctrl Pts',(66.0951124484308,-7.19807534883353,25.5));
#8460=CARTESIAN_POINT('Ctrl Pts',(66.0954374901339,-6.86082942412825,25.5));
#8461=CARTESIAN_POINT('Ctrl Pts',(66.0956405112808,-6.65018551669131,25.5));
#8462=CARTESIAN_POINT('',(66.0956405112808,-6.65018551669131,26.));
#8463=CARTESIAN_POINT('Ctrl Pts',(65.7316580739758,-8.22057711617921,26.));
#8464=CARTESIAN_POINT('Ctrl Pts',(65.7316580739758,-8.22057711617921,25.5));
#8465=CARTESIAN_POINT('Ctrl Pts',(65.8066135377782,-8.14121442641293,26.));
#8466=CARTESIAN_POINT('Ctrl Pts',(65.8066135377782,-8.14121442641293,25.5));
#8467=CARTESIAN_POINT('Ctrl Pts',(65.9582886952208,-7.9806210839837,26.));
#8468=CARTESIAN_POINT('Ctrl Pts',(65.9582886952208,-7.9806210839837,25.5));
#8469=CARTESIAN_POINT('Ctrl Pts',(66.0143111308822,-7.76683730176882,26.));
#8470=CARTESIAN_POINT('Ctrl Pts',(66.0143111308822,-7.76683730176882,25.5));
#8471=CARTESIAN_POINT('Ctrl Pts',(66.0426481649317,-7.65870208336326,26.));
#8472=CARTESIAN_POINT('Ctrl Pts',(66.0426481649317,-7.65870208336326,25.5));
#8473=CARTESIAN_POINT('',(65.7316580739758,-8.22057711617921,26.));
#8474=CARTESIAN_POINT('Ctrl Pts',(65.7316580739758,-8.22057711617921,26.));
#8475=CARTESIAN_POINT('Ctrl Pts',(65.8066135377782,-8.14121442641293,26.));
#8476=CARTESIAN_POINT('Ctrl Pts',(65.9582886952208,-7.9806210839837,26.));
#8477=CARTESIAN_POINT('Ctrl Pts',(66.0143111308822,-7.76683730176882,26.));
#8478=CARTESIAN_POINT('Ctrl Pts',(66.0426481649317,-7.65870208336326,26.));
#8479=CARTESIAN_POINT('',(65.7316580739758,-8.22057711617921,25.5));
#8480=CARTESIAN_POINT('',(65.7316580739758,-8.22057711617921,26.));
#8481=CARTESIAN_POINT('Ctrl Pts',(65.7316580739758,-8.22057711617921,25.5));
#8482=CARTESIAN_POINT('Ctrl Pts',(65.8066135377782,-8.14121442641293,25.5));
#8483=CARTESIAN_POINT('Ctrl Pts',(65.9582886952208,-7.9806210839837,25.5));
#8484=CARTESIAN_POINT('Ctrl Pts',(66.0143111308822,-7.76683730176882,25.5));
#8485=CARTESIAN_POINT('Ctrl Pts',(66.0426481649317,-7.65870208336326,25.5));
#8486=CARTESIAN_POINT('Ctrl Pts',(65.1052558416528,-8.43968062435032,26.));
#8487=CARTESIAN_POINT('Ctrl Pts',(65.1052558416528,-8.43968062435032,25.5));
#8488=CARTESIAN_POINT('Ctrl Pts',(65.2244409815378,-8.43250444810215,26.));
#8489=CARTESIAN_POINT('Ctrl Pts',(65.2244409815378,-8.43250444810215,25.5));
#8490=CARTESIAN_POINT('Ctrl Pts',(65.454411041581,-8.41865787558256,26.));
#8491=CARTESIAN_POINT('Ctrl Pts',(65.454411041581,-8.41865787558256,25.5));
#8492=CARTESIAN_POINT('Ctrl Pts',(65.6415206082524,-8.28497635431335,26.));
#8493=CARTESIAN_POINT('Ctrl Pts',(65.6415206082524,-8.28497635431335,25.5));
#8494=CARTESIAN_POINT('Ctrl Pts',(65.7316580739758,-8.22057711617921,26.));
#8495=CARTESIAN_POINT('Ctrl Pts',(65.7316580739758,-8.22057711617921,25.5));
#8496=CARTESIAN_POINT('',(65.1052558416528,-8.43968062435032,26.));
#8497=CARTESIAN_POINT('Ctrl Pts',(65.1052558416528,-8.43968062435032,26.));
#8498=CARTESIAN_POINT('Ctrl Pts',(65.2244409815378,-8.43250444810215,26.));
#8499=CARTESIAN_POINT('Ctrl Pts',(65.454411041581,-8.41865787558256,26.));
#8500=CARTESIAN_POINT('Ctrl Pts',(65.6415206082524,-8.28497635431335,26.));
#8501=CARTESIAN_POINT('Ctrl Pts',(65.7316580739758,-8.22057711617921,26.));
#8502=CARTESIAN_POINT('',(65.1052558416528,-8.43968062435032,25.5));
#8503=CARTESIAN_POINT('',(65.1052558416528,-8.43968062435032,26.));
#8504=CARTESIAN_POINT('Ctrl Pts',(65.1052558416528,-8.43968062435032,25.5));
#8505=CARTESIAN_POINT('Ctrl Pts',(65.2244409815378,-8.43250444810215,25.5));
#8506=CARTESIAN_POINT('Ctrl Pts',(65.454411041581,-8.41865787558256,25.5));
#8507=CARTESIAN_POINT('Ctrl Pts',(65.6415206082524,-8.28497635431335,25.5));
#8508=CARTESIAN_POINT('Ctrl Pts',(65.7316580739758,-8.22057711617921,25.5));
#8509=CARTESIAN_POINT('Ctrl Pts',(64.5662314835702,-8.2780060866795,26.));
#8510=CARTESIAN_POINT('Ctrl Pts',(64.5662314835702,-8.2780060866795,25.5));
#8511=CARTESIAN_POINT('Ctrl Pts',(64.6476760047764,-8.32473171477785,26.));
#8512=CARTESIAN_POINT('Ctrl Pts',(64.6476760047764,-8.32473171477785,25.5));
#8513=CARTESIAN_POINT('Ctrl Pts',(64.8146168452649,-8.42050753261757,26.));
#8514=CARTESIAN_POINT('Ctrl Pts',(64.8146168452649,-8.42050753261757,25.5));
#8515=CARTESIAN_POINT('Ctrl Pts',(65.0068211878418,-8.43318701313279,26.));
#8516=CARTESIAN_POINT('Ctrl Pts',(65.0068211878418,-8.43318701313279,25.5));
#8517=CARTESIAN_POINT('Ctrl Pts',(65.1052558416528,-8.43968062435032,26.));
#8518=CARTESIAN_POINT('Ctrl Pts',(65.1052558416528,-8.43968062435032,25.5));
#8519=CARTESIAN_POINT('',(64.5662314835702,-8.2780060866795,26.));
#8520=CARTESIAN_POINT('Ctrl Pts',(64.5662314835702,-8.2780060866795,26.));
#8521=CARTESIAN_POINT('Ctrl Pts',(64.6476760047764,-8.32473171477785,26.));
#8522=CARTESIAN_POINT('Ctrl Pts',(64.8146168452649,-8.42050753261757,26.));
#8523=CARTESIAN_POINT('Ctrl Pts',(65.0068211878418,-8.43318701313279,26.));
#8524=CARTESIAN_POINT('Ctrl Pts',(65.1052558416528,-8.43968062435032,26.));
#8525=CARTESIAN_POINT('',(64.5662314835702,-8.2780060866795,25.5));
#8526=CARTESIAN_POINT('',(64.5662314835702,-8.2780060866795,26.));
#8527=CARTESIAN_POINT('Ctrl Pts',(64.5662314835702,-8.2780060866795,25.5));
#8528=CARTESIAN_POINT('Ctrl Pts',(64.6476760047764,-8.32473171477785,25.5));
#8529=CARTESIAN_POINT('Ctrl Pts',(64.8146168452649,-8.42050753261757,25.5));
#8530=CARTESIAN_POINT('Ctrl Pts',(65.0068211878418,-8.43318701313279,25.5));
#8531=CARTESIAN_POINT('Ctrl Pts',(65.1052558416528,-8.43968062435032,25.5));
#8532=CARTESIAN_POINT('Ctrl Pts',(64.2276813749684,-7.83801982888029,26.));
#8533=CARTESIAN_POINT('Ctrl Pts',(64.2276813749684,-7.83801982888029,25.5));
#8534=CARTESIAN_POINT('Ctrl Pts',(64.2679429473998,-7.92588085304784,26.));
#8535=CARTESIAN_POINT('Ctrl Pts',(64.2679429473998,-7.92588085304784,25.5));
#8536=CARTESIAN_POINT('Ctrl Pts',(64.3470966298844,-8.09861438504257,26.));
#8537=CARTESIAN_POINT('Ctrl Pts',(64.3470966298844,-8.09861438504257,25.5));
#8538=CARTESIAN_POINT('Ctrl Pts',(64.494033934951,-8.21890256716638,26.));
#8539=CARTESIAN_POINT('Ctrl Pts',(64.494033934951,-8.21890256716638,25.5));
#8540=CARTESIAN_POINT('Ctrl Pts',(64.5662314835702,-8.2780060866795,26.));
#8541=CARTESIAN_POINT('Ctrl Pts',(64.5662314835702,-8.2780060866795,25.5));
#8542=CARTESIAN_POINT('',(64.2276813749684,-7.83801982888029,26.));
#8543=CARTESIAN_POINT('Ctrl Pts',(64.2276813749684,-7.83801982888029,26.));
#8544=CARTESIAN_POINT('Ctrl Pts',(64.2679429473998,-7.92588085304784,26.));
#8545=CARTESIAN_POINT('Ctrl Pts',(64.3470966298844,-8.09861438504257,26.));
#8546=CARTESIAN_POINT('Ctrl Pts',(64.494033934951,-8.21890256716638,26.));
#8547=CARTESIAN_POINT('Ctrl Pts',(64.5662314835702,-8.2780060866795,26.));
#8548=CARTESIAN_POINT('',(64.2276813749684,-7.83801982888029,25.5));
#8549=CARTESIAN_POINT('',(64.2276813749684,-7.83801982888029,26.));
#8550=CARTESIAN_POINT('Ctrl Pts',(64.2276813749684,-7.83801982888029,25.5));
#8551=CARTESIAN_POINT('Ctrl Pts',(64.2679429473998,-7.92588085304784,25.5));
#8552=CARTESIAN_POINT('Ctrl Pts',(64.3470966298844,-8.09861438504257,25.5));
#8553=CARTESIAN_POINT('Ctrl Pts',(64.494033934951,-8.21890256716638,25.5));
#8554=CARTESIAN_POINT('Ctrl Pts',(64.5662314835702,-8.2780060866795,25.5));
#8555=CARTESIAN_POINT('Ctrl Pts',(64.1249390876685,-6.72917358137077,26.));
#8556=CARTESIAN_POINT('Ctrl Pts',(64.1249390876685,-6.72917358137077,25.5));
#8557=CARTESIAN_POINT('Ctrl Pts',(64.1217870812623,-6.9609309786878,26.));
#8558=CARTESIAN_POINT('Ctrl Pts',(64.1217870812623,-6.9609309786878,25.5));
#8559=CARTESIAN_POINT('Ctrl Pts',(64.1167005806204,-7.33492582459903,26.));
#8560=CARTESIAN_POINT('Ctrl Pts',(64.1167005806204,-7.33492582459903,25.5));
#8561=CARTESIAN_POINT('Ctrl Pts',(64.1971028443359,-7.69940237248778,26.));
#8562=CARTESIAN_POINT('Ctrl Pts',(64.1971028443359,-7.69940237248778,25.5));
#8563=CARTESIAN_POINT('Ctrl Pts',(64.2276813749684,-7.83801982888029,26.));
#8564=CARTESIAN_POINT('Ctrl Pts',(64.2276813749684,-7.83801982888029,25.5));
#8565=CARTESIAN_POINT('',(64.1249390876685,-6.72917358137077,26.));
#8566=CARTESIAN_POINT('Ctrl Pts',(64.1249390876685,-6.72917358137077,26.));
#8567=CARTESIAN_POINT('Ctrl Pts',(64.1217870812623,-6.9609309786878,26.));
#8568=CARTESIAN_POINT('Ctrl Pts',(64.1167005806204,-7.33492582459903,26.));
#8569=CARTESIAN_POINT('Ctrl Pts',(64.1971028443359,-7.69940237248778,26.));
#8570=CARTESIAN_POINT('Ctrl Pts',(64.2276813749684,-7.83801982888029,26.));
#8571=CARTESIAN_POINT('',(64.1249390876685,-6.72917358137077,25.5));
#8572=CARTESIAN_POINT('',(64.1249390876685,-6.72917358137077,26.));
#8573=CARTESIAN_POINT('Ctrl Pts',(64.1249390876685,-6.72917358137077,25.5));
#8574=CARTESIAN_POINT('Ctrl Pts',(64.1217870812623,-6.9609309786878,25.5));
#8575=CARTESIAN_POINT('Ctrl Pts',(64.1167005806204,-7.33492582459903,25.5));
#8576=CARTESIAN_POINT('Ctrl Pts',(64.1971028443359,-7.69940237248778,25.5));
#8577=CARTESIAN_POINT('Ctrl Pts',(64.2276813749684,-7.83801982888029,25.5));
#8578=CARTESIAN_POINT('Origin',(64.1292224301144,-5.96193547678006,26.));
#8579=CARTESIAN_POINT('',(64.1292224301144,-5.96193547678006,26.));
#8580=CARTESIAN_POINT('',(64.1456434031278,-3.02058853355785,26.));
#8581=CARTESIAN_POINT('',(64.1292224301144,-5.96193547678006,25.5));
#8582=CARTESIAN_POINT('',(64.1292224301144,-5.96193547678006,26.));
#8583=CARTESIAN_POINT('',(64.1292224301144,-5.96193547678006,25.5));
#8584=CARTESIAN_POINT('Origin',(66.0994214719424,-5.97293471825729,26.));
#8585=CARTESIAN_POINT('',(66.0994214719424,-5.97293471825729,26.));
#8586=CARTESIAN_POINT('',(44.5832897629578,-5.85281430235079,26.));
#8587=CARTESIAN_POINT('',(66.0994214719424,-5.97293471825729,25.5));
#8588=CARTESIAN_POINT('',(66.0994214719424,-5.97293471825729,26.));
#8589=CARTESIAN_POINT('',(66.0994214719424,-5.97293471825729,25.5));
#8590=CARTESIAN_POINT('Origin',(66.0956405112808,-6.65018551669131,26.));
#8591=CARTESIAN_POINT('',(66.1139519646249,-3.37021317425212,26.));
#8592=CARTESIAN_POINT('',(66.0956405112808,-6.65018551669131,25.5));
#8593=CARTESIAN_POINT('Origin',(62.9499438373261,-5.95535179171291,26.));
#8594=CARTESIAN_POINT('',(62.9499438373261,-5.95535179171291,26.));
#8595=CARTESIAN_POINT('',(60.3309053003347,-5.94073020440374,26.));
#8596=CARTESIAN_POINT('',(43.0085509456497,-5.8440228390786,26.));
#8597=CARTESIAN_POINT('',(62.9499438373261,-5.95535179171291,25.5));
#8598=CARTESIAN_POINT('',(62.9499438373261,-5.95535179171291,26.));
#8599=CARTESIAN_POINT('',(60.3309053003347,-5.94073020440374,25.5));
#8600=CARTESIAN_POINT('',(62.9499438373261,-5.95535179171291,25.5));
#8601=CARTESIAN_POINT('',(60.3309053003347,-5.94073020440374,26.));
#8602=CARTESIAN_POINT('Origin',(62.9448408501609,-6.86940576937295,26.));
#8603=CARTESIAN_POINT('',(62.9448408501609,-6.86940576937295,26.));
#8604=CARTESIAN_POINT('',(62.9638133167569,-3.47103183732073,26.));
#8605=CARTESIAN_POINT('',(62.9448408501609,-6.86940576937295,25.5));
#8606=CARTESIAN_POINT('',(62.9448408501609,-6.86940576937295,26.));
#8607=CARTESIAN_POINT('',(62.9448408501609,-6.86940576937295,25.5));
#8608=CARTESIAN_POINT('Ctrl Pts',(63.036180770073,-8.32392929744531,26.));
#8609=CARTESIAN_POINT('Ctrl Pts',(63.036180770073,-8.32392929744531,25.5));
#8610=CARTESIAN_POINT('Ctrl Pts',(63.0084792449238,-8.1192347439558,26.));
#8611=CARTESIAN_POINT('Ctrl Pts',(63.0084792449238,-8.1192347439558,25.5));
#8612=CARTESIAN_POINT('Ctrl Pts',(62.9431939647636,-7.63682299226292,26.));
#8613=CARTESIAN_POINT('Ctrl Pts',(62.9431939647636,-7.63682299226292,25.5));
#8614=CARTESIAN_POINT('Ctrl Pts',(62.9442391517275,-7.14978577729542,26.));
#8615=CARTESIAN_POINT('Ctrl Pts',(62.9442391517275,-7.14978577729542,25.5));
#8616=CARTESIAN_POINT('Ctrl Pts',(62.9448408501609,-6.86940576937295,26.));
#8617=CARTESIAN_POINT('Ctrl Pts',(62.9448408501609,-6.86940576937295,25.5));
#8618=CARTESIAN_POINT('',(63.036180770073,-8.32392929744531,26.));
#8619=CARTESIAN_POINT('Ctrl Pts',(63.036180770073,-8.32392929744531,26.));
#8620=CARTESIAN_POINT('Ctrl Pts',(63.0084792449238,-8.1192347439558,26.));
#8621=CARTESIAN_POINT('Ctrl Pts',(62.9431939647636,-7.63682299226292,26.));
#8622=CARTESIAN_POINT('Ctrl Pts',(62.9442391517275,-7.14978577729542,26.));
#8623=CARTESIAN_POINT('Ctrl Pts',(62.9448408501609,-6.86940576937295,26.));
#8624=CARTESIAN_POINT('',(63.036180770073,-8.32392929744531,25.5));
#8625=CARTESIAN_POINT('',(63.036180770073,-8.32392929744531,26.));
#8626=CARTESIAN_POINT('Ctrl Pts',(63.036180770073,-8.32392929744531,25.5));
#8627=CARTESIAN_POINT('Ctrl Pts',(63.0084792449238,-8.1192347439558,25.5));
#8628=CARTESIAN_POINT('Ctrl Pts',(62.9431939647636,-7.63682299226292,25.5));
#8629=CARTESIAN_POINT('Ctrl Pts',(62.9442391517275,-7.14978577729542,25.5));
#8630=CARTESIAN_POINT('Ctrl Pts',(62.9448408501609,-6.86940576937295,25.5));
#8631=CARTESIAN_POINT('Ctrl Pts',(63.3612788840421,-9.05275582344899,26.));
#8632=CARTESIAN_POINT('Ctrl Pts',(63.3612788840421,-9.05275582344899,25.5));
#8633=CARTESIAN_POINT('Ctrl Pts',(63.286600998033,-8.93505610665989,26.));
#8634=CARTESIAN_POINT('Ctrl Pts',(63.286600998033,-8.93505610665989,25.5));
#8635=CARTESIAN_POINT('Ctrl Pts',(63.1424806506499,-8.7079082188842,26.));
#8636=CARTESIAN_POINT('Ctrl Pts',(63.1424806506499,-8.7079082188842,25.5));
#8637=CARTESIAN_POINT('Ctrl Pts',(63.0707454276273,-8.44878456403227,26.));
#8638=CARTESIAN_POINT('Ctrl Pts',(63.0707454276273,-8.44878456403227,25.5));
#8639=CARTESIAN_POINT('Ctrl Pts',(63.036180770073,-8.32392929744531,26.));
#8640=CARTESIAN_POINT('Ctrl Pts',(63.036180770073,-8.32392929744531,25.5));
#8641=CARTESIAN_POINT('',(63.3612788840421,-9.05275582344899,26.));
#8642=CARTESIAN_POINT('Ctrl Pts',(63.3612788840421,-9.05275582344899,26.));
#8643=CARTESIAN_POINT('Ctrl Pts',(63.286600998033,-8.93505610665989,26.));
#8644=CARTESIAN_POINT('Ctrl Pts',(63.1424806506499,-8.7079082188842,26.));
#8645=CARTESIAN_POINT('Ctrl Pts',(63.0707454276273,-8.44878456403227,26.));
#8646=CARTESIAN_POINT('Ctrl Pts',(63.036180770073,-8.32392929744531,26.));
#8647=CARTESIAN_POINT('',(63.3612788840421,-9.05275582344899,25.5));
#8648=CARTESIAN_POINT('',(63.3612788840421,-9.05275582344899,26.));
#8649=CARTESIAN_POINT('Ctrl Pts',(63.3612788840421,-9.05275582344899,25.5));
#8650=CARTESIAN_POINT('Ctrl Pts',(63.286600998033,-8.93505610665989,25.5));
#8651=CARTESIAN_POINT('Ctrl Pts',(63.1424806506499,-8.7079082188842,25.5));
#8652=CARTESIAN_POINT('Ctrl Pts',(63.0707454276273,-8.44878456403227,25.5));
#8653=CARTESIAN_POINT('Ctrl Pts',(63.036180770073,-8.32392929744531,25.5));
#8654=CARTESIAN_POINT('Ctrl Pts',(64.0423467817962,-9.6462145762453,26.));
#8655=CARTESIAN_POINT('Ctrl Pts',(64.0423467817962,-9.6462145762453,25.5));
#8656=CARTESIAN_POINT('Ctrl Pts',(63.906812796579,-9.56493438589323,26.));
#8657=CARTESIAN_POINT('Ctrl Pts',(63.906812796579,-9.56493438589323,25.5));
#8658=CARTESIAN_POINT('Ctrl Pts',(63.6443104408234,-9.4075108333466,26.));
#8659=CARTESIAN_POINT('Ctrl Pts',(63.6443104408234,-9.4075108333466,25.5));
#8660=CARTESIAN_POINT('Ctrl Pts',(63.4535478355945,-9.16840678899306,26.));
#8661=CARTESIAN_POINT('Ctrl Pts',(63.4535478355945,-9.16840678899306,25.5));
#8662=CARTESIAN_POINT('Ctrl Pts',(63.3612788840421,-9.05275582344899,26.));
#8663=CARTESIAN_POINT('Ctrl Pts',(63.3612788840421,-9.05275582344899,25.5));
#8664=CARTESIAN_POINT('',(64.0423467817962,-9.6462145762453,26.));
#8665=CARTESIAN_POINT('Ctrl Pts',(64.0423467817962,-9.6462145762453,26.));
#8666=CARTESIAN_POINT('Ctrl Pts',(63.906812796579,-9.56493438589323,26.));
#8667=CARTESIAN_POINT('Ctrl Pts',(63.6443104408234,-9.4075108333466,26.));
#8668=CARTESIAN_POINT('Ctrl Pts',(63.4535478355945,-9.16840678899306,26.));
#8669=CARTESIAN_POINT('Ctrl Pts',(63.3612788840421,-9.05275582344899,26.));
#8670=CARTESIAN_POINT('',(64.0423467817962,-9.6462145762453,25.5));
#8671=CARTESIAN_POINT('',(64.0423467817962,-9.6462145762453,26.));
#8672=CARTESIAN_POINT('Ctrl Pts',(64.0423467817962,-9.6462145762453,25.5));
#8673=CARTESIAN_POINT('Ctrl Pts',(63.906812796579,-9.56493438589323,25.5));
#8674=CARTESIAN_POINT('Ctrl Pts',(63.6443104408234,-9.4075108333466,25.5));
#8675=CARTESIAN_POINT('Ctrl Pts',(63.4535478355945,-9.16840678899306,25.5));
#8676=CARTESIAN_POINT('Ctrl Pts',(63.3612788840421,-9.05275582344899,25.5));
#8677=CARTESIAN_POINT('Ctrl Pts',(65.1161359303742,-9.88428482715472,26.));
#8678=CARTESIAN_POINT('Ctrl Pts',(65.1161359303742,-9.88428482715472,25.5));
#8679=CARTESIAN_POINT('Ctrl Pts',(64.9172039674515,-9.87638610114,26.));
#8680=CARTESIAN_POINT('Ctrl Pts',(64.9172039674515,-9.87638610114,25.5));
#8681=CARTESIAN_POINT('Ctrl Pts',(64.5443998474674,-9.86158366538437,26.));
#8682=CARTESIAN_POINT('Ctrl Pts',(64.5443998474674,-9.86158366538437,25.5));
#8683=CARTESIAN_POINT('Ctrl Pts',(64.2020263822341,-9.71471341123283,26.));
#8684=CARTESIAN_POINT('Ctrl Pts',(64.2020263822341,-9.71471341123283,25.5));
#8685=CARTESIAN_POINT('Ctrl Pts',(64.0423467817962,-9.6462145762453,26.));
#8686=CARTESIAN_POINT('Ctrl Pts',(64.0423467817962,-9.6462145762453,25.5));
#8687=CARTESIAN_POINT('',(65.1161359303742,-9.88428482715472,26.));
#8688=CARTESIAN_POINT('Ctrl Pts',(65.1161359303742,-9.88428482715472,26.));
#8689=CARTESIAN_POINT('Ctrl Pts',(64.9172039674515,-9.87638610114,26.));
#8690=CARTESIAN_POINT('Ctrl Pts',(64.5443998474674,-9.86158366538437,26.));
#8691=CARTESIAN_POINT('Ctrl Pts',(64.2020263822341,-9.71471341123283,26.));
#8692=CARTESIAN_POINT('Ctrl Pts',(64.0423467817962,-9.6462145762453,26.));
#8693=CARTESIAN_POINT('',(65.1161359303742,-9.88428482715472,25.5));
#8694=CARTESIAN_POINT('',(65.1161359303742,-9.88428482715472,26.));
#8695=CARTESIAN_POINT('Ctrl Pts',(65.1161359303742,-9.88428482715472,25.5));
#8696=CARTESIAN_POINT('Ctrl Pts',(64.9172039674515,-9.87638610114,25.5));
#8697=CARTESIAN_POINT('Ctrl Pts',(64.5443998474674,-9.86158366538437,25.5));
#8698=CARTESIAN_POINT('Ctrl Pts',(64.2020263822341,-9.71471341123283,25.5));
#8699=CARTESIAN_POINT('Ctrl Pts',(64.0423467817962,-9.6462145762453,25.5));
#8700=CARTESIAN_POINT('Ctrl Pts',(66.4705270652688,-9.48926531898565,26.));
#8701=CARTESIAN_POINT('Ctrl Pts',(66.4705270652688,-9.48926531898565,25.5));
#8702=CARTESIAN_POINT('Ctrl Pts',(66.2751176450728,-9.60547607804816,26.));
#8703=CARTESIAN_POINT('Ctrl Pts',(66.2751176450728,-9.60547607804816,25.5));
#8704=CARTESIAN_POINT('Ctrl Pts',(65.8587683346716,-9.85308066818692,26.));
#8705=CARTESIAN_POINT('Ctrl Pts',(65.8587683346716,-9.85308066818692,25.5));
#8706=CARTESIAN_POINT('Ctrl Pts',(65.3735969413441,-9.87346675044838,26.));
#8707=CARTESIAN_POINT('Ctrl Pts',(65.3735969413441,-9.87346675044838,25.5));
#8708=CARTESIAN_POINT('Ctrl Pts',(65.1161359303742,-9.88428482715472,26.));
#8709=CARTESIAN_POINT('Ctrl Pts',(65.1161359303742,-9.88428482715472,25.5));
#8710=CARTESIAN_POINT('',(66.4705270652688,-9.48926531898565,26.));
#8711=CARTESIAN_POINT('Ctrl Pts',(66.4705270652688,-9.48926531898565,26.));
#8712=CARTESIAN_POINT('Ctrl Pts',(66.2751176450728,-9.60547607804816,26.));
#8713=CARTESIAN_POINT('Ctrl Pts',(65.8587683346716,-9.85308066818692,26.));
#8714=CARTESIAN_POINT('Ctrl Pts',(65.3735969413441,-9.87346675044838,26.));
#8715=CARTESIAN_POINT('Ctrl Pts',(65.1161359303742,-9.88428482715472,26.));
#8716=CARTESIAN_POINT('',(66.4705270652688,-9.48926531898565,25.5));
#8717=CARTESIAN_POINT('',(66.4705270652688,-9.48926531898565,26.));
#8718=CARTESIAN_POINT('Ctrl Pts',(66.4705270652688,-9.48926531898565,25.5));
#8719=CARTESIAN_POINT('Ctrl Pts',(66.2751176450728,-9.60547607804816,25.5));
#8720=CARTESIAN_POINT('Ctrl Pts',(65.8587683346716,-9.85308066818692,25.5));
#8721=CARTESIAN_POINT('Ctrl Pts',(65.3735969413441,-9.87346675044838,25.5));
#8722=CARTESIAN_POINT('Ctrl Pts',(65.1161359303742,-9.88428482715472,25.5));
#8723=CARTESIAN_POINT('Ctrl Pts',(67.1557302184796,-8.49375316536986,26.));
#8724=CARTESIAN_POINT('Ctrl Pts',(67.1557302184796,-8.49375316536986,25.5));
#8725=CARTESIAN_POINT('Ctrl Pts',(67.0857083669201,-8.68537768262022,26.));
#8726=CARTESIAN_POINT('Ctrl Pts',(67.0857083669201,-8.68537768262022,25.5));
#8727=CARTESIAN_POINT('Ctrl Pts',(66.9430348011529,-9.07582370133642,26.));
#8728=CARTESIAN_POINT('Ctrl Pts',(66.9430348011529,-9.07582370133642,25.5));
#8729=CARTESIAN_POINT('Ctrl Pts',(66.6299532923816,-9.34976826480542,26.));
#8730=CARTESIAN_POINT('Ctrl Pts',(66.6299532923816,-9.34976826480542,25.5));
#8731=CARTESIAN_POINT('Ctrl Pts',(66.4705270652688,-9.48926531898565,26.));
#8732=CARTESIAN_POINT('Ctrl Pts',(66.4705270652688,-9.48926531898565,25.5));
#8733=CARTESIAN_POINT('',(67.1557302184796,-8.49375316536986,26.));
#8734=CARTESIAN_POINT('Ctrl Pts',(67.1557302184796,-8.49375316536986,26.));
#8735=CARTESIAN_POINT('Ctrl Pts',(67.0857083669201,-8.68537768262022,26.));
#8736=CARTESIAN_POINT('Ctrl Pts',(66.9430348011529,-9.07582370133642,26.));
#8737=CARTESIAN_POINT('Ctrl Pts',(66.6299532923816,-9.34976826480542,26.));
#8738=CARTESIAN_POINT('Ctrl Pts',(66.4705270652688,-9.48926531898565,26.));
#8739=CARTESIAN_POINT('',(67.1557302184796,-8.49375316536986,25.5));
#8740=CARTESIAN_POINT('',(67.1557302184796,-8.49375316536986,26.));
#8741=CARTESIAN_POINT('Ctrl Pts',(67.1557302184796,-8.49375316536986,25.5));
#8742=CARTESIAN_POINT('Ctrl Pts',(67.0857083669201,-8.68537768262022,25.5));
#8743=CARTESIAN_POINT('Ctrl Pts',(66.9430348011529,-9.07582370133642,25.5));
#8744=CARTESIAN_POINT('Ctrl Pts',(66.6299532923816,-9.34976826480542,25.5));
#8745=CARTESIAN_POINT('Ctrl Pts',(66.4705270652688,-9.48926531898565,25.5));
#8746=CARTESIAN_POINT('Ctrl Pts',(67.2692305014779,-6.82724753156165,26.));
#8747=CARTESIAN_POINT('Ctrl Pts',(67.2692305014779,-6.82724753156165,25.5));
#8748=CARTESIAN_POINT('Ctrl Pts',(67.269947116386,-7.18017414649581,26.));
#8749=CARTESIAN_POINT('Ctrl Pts',(67.269947116386,-7.18017414649581,25.5));
#8750=CARTESIAN_POINT('Ctrl Pts',(67.2710815234369,-7.73885976120759,26.));
#8751=CARTESIAN_POINT('Ctrl Pts',(67.2710815234369,-7.73885976120759,25.5));
#8752=CARTESIAN_POINT('Ctrl Pts',(67.1867783397969,-8.29056498294948,26.));
#8753=CARTESIAN_POINT('Ctrl Pts',(67.1867783397969,-8.29056498294948,25.5));
#8754=CARTESIAN_POINT('Ctrl Pts',(67.1557302184796,-8.49375316536986,26.));
#8755=CARTESIAN_POINT('Ctrl Pts',(67.1557302184796,-8.49375316536986,25.5));
#8756=CARTESIAN_POINT('',(67.2692305014779,-6.82724753156165,26.));
#8757=CARTESIAN_POINT('Ctrl Pts',(67.2692305014779,-6.82724753156165,26.));
#8758=CARTESIAN_POINT('Ctrl Pts',(67.269947116386,-7.18017414649581,26.));
#8759=CARTESIAN_POINT('Ctrl Pts',(67.2710815234369,-7.73885976120759,26.));
#8760=CARTESIAN_POINT('Ctrl Pts',(67.1867783397969,-8.29056498294948,26.));
#8761=CARTESIAN_POINT('Ctrl Pts',(67.1557302184796,-8.49375316536986,26.));
#8762=CARTESIAN_POINT('',(67.2692305014779,-6.82724753156165,25.5));
#8763=CARTESIAN_POINT('',(67.2692305014779,-6.82724753156165,26.));
#8764=CARTESIAN_POINT('Ctrl Pts',(67.2692305014779,-6.82724753156165,25.5));
#8765=CARTESIAN_POINT('Ctrl Pts',(67.269947116386,-7.18017414649581,25.5));
#8766=CARTESIAN_POINT('Ctrl Pts',(67.2710815234369,-7.73885976120759,25.5));
#8767=CARTESIAN_POINT('Ctrl Pts',(67.1867783397969,-8.29056498294948,25.5));
#8768=CARTESIAN_POINT('Ctrl Pts',(67.1557302184796,-8.49375316536986,25.5));
#8769=CARTESIAN_POINT('Origin',(67.2817897532632,-4.57761732891445,26.));
#8770=CARTESIAN_POINT('',(67.2817897532632,-4.57761732891445,26.));
#8771=CARTESIAN_POINT('',(67.294297528358,-2.33720770083539,26.));
#8772=CARTESIAN_POINT('',(67.2817897532632,-4.57761732891445,25.5));
#8773=CARTESIAN_POINT('',(67.2817897532632,-4.57761732891445,26.));
#8774=CARTESIAN_POINT('',(67.2817897532632,-4.57761732891445,25.5));
#8775=CARTESIAN_POINT('Origin',(60.3387316961719,-4.53885557411758,26.));
#8776=CARTESIAN_POINT('',(60.3387316961719,-4.53885557411758,26.));
#8777=CARTESIAN_POINT('',(41.7068580729911,-4.43483741513785,26.));
#8778=CARTESIAN_POINT('',(60.3387316961719,-4.53885557411758,25.5));
#8779=CARTESIAN_POINT('',(60.3387316961719,-4.53885557411758,26.));
#8780=CARTESIAN_POINT('',(60.3387316961719,-4.53885557411758,25.5));
#8781=CARTESIAN_POINT('Origin',(60.3309053003347,-5.94073020440373,26.));
#8782=CARTESIAN_POINT('',(60.3473262733481,-2.9993832611816,26.));
#8783=CARTESIAN_POINT('',(60.3309053003347,-5.94073020440373,25.5));
#8784=CARTESIAN_POINT('Origin',(63.8572324896564,0.0820795049944145,25.5));
#8785=CARTESIAN_POINT('Origin',(65.6137731272076,-13.2175649985749,26.));
#8786=CARTESIAN_POINT('',(65.6137731272076,-13.2175649985749,26.));
#8787=CARTESIAN_POINT('',(63.0425936372818,-12.2654384932594,26.));
#8788=CARTESIAN_POINT('',(44.7436946272138,-5.48922281720773,26.));
#8789=CARTESIAN_POINT('',(65.6137731272076,-13.2175649985749,25.5));
#8790=CARTESIAN_POINT('',(65.6137731272076,-13.2175649985749,26.));
#8791=CARTESIAN_POINT('',(63.0425936372818,-12.2654384932594,25.5));
#8792=CARTESIAN_POINT('',(65.6137731272076,-13.2175649985749,25.5));
#8793=CARTESIAN_POINT('',(63.0425936372818,-12.2654384932594,26.));
#8794=CARTESIAN_POINT('Origin',(63.0320174252521,-14.1598639270675,26.));
#8795=CARTESIAN_POINT('',(63.0320174252521,-14.1598639270675,26.));
#8796=CARTESIAN_POINT('',(47.7175334377042,-19.7494020235474,26.));
#8797=CARTESIAN_POINT('',(63.0320174252521,-14.1598639270675,25.5));
#8798=CARTESIAN_POINT('',(63.0320174252521,-14.1598639270675,26.));
#8799=CARTESIAN_POINT('',(63.0320174252521,-14.1598639270675,25.5));
#8800=CARTESIAN_POINT('Origin',(63.0425936372818,-12.2654384932594,26.));
#8801=CARTESIAN_POINT('',(63.0766266163913,-6.16940514668618,26.));
#8802=CARTESIAN_POINT('',(63.0425936372818,-12.2654384932594,25.5));
#8803=CARTESIAN_POINT('Origin',(67.2375495160562,-12.5019885808655,26.));
#8804=CARTESIAN_POINT('',(67.2375495160562,-12.5019885808655,26.));
#8805=CARTESIAN_POINT('',(67.2292736333374,-13.9843759106248,26.));
#8806=CARTESIAN_POINT('',(67.2721774097545,-6.29939332681098,26.));
#8807=CARTESIAN_POINT('',(67.2375495160562,-12.5019885808655,25.5));
#8808=CARTESIAN_POINT('',(67.2375495160562,-12.5019885808655,26.));
#8809=CARTESIAN_POINT('',(67.2292736333374,-13.9843759106248,25.5));
#8810=CARTESIAN_POINT('',(67.2375495160562,-12.5019885808655,25.5));
#8811=CARTESIAN_POINT('',(67.2292736333374,-13.9843759106248,26.));
#8812=CARTESIAN_POINT('Origin',(60.309588973952,-9.75893947833666,26.));
#8813=CARTESIAN_POINT('',(60.309588973952,-9.75893947833667,26.));
#8814=CARTESIAN_POINT('',(42.5303379574222,-2.7194423206761,26.));
#8815=CARTESIAN_POINT('',(60.309588973952,-9.75893947833667,25.5));
#8816=CARTESIAN_POINT('',(60.309588973952,-9.75893947833667,26.));
#8817=CARTESIAN_POINT('',(60.309588973952,-9.75893947833666,25.5));
#8818=CARTESIAN_POINT('Origin',(60.301286657092,-11.2460617272891,26.));
#8819=CARTESIAN_POINT('',(60.301286657092,-11.2460617272891,26.));
#8820=CARTESIAN_POINT('',(60.3325169517267,-5.65204902262423,26.));
#8821=CARTESIAN_POINT('',(60.301286657092,-11.2460617272891,25.5));
#8822=CARTESIAN_POINT('',(60.301286657092,-11.2460617272891,26.));
#8823=CARTESIAN_POINT('',(60.301286657092,-11.2460617272891,25.5));
#8824=CARTESIAN_POINT('Origin',(61.8751939289412,-11.8279299122907,26.));
#8825=CARTESIAN_POINT('',(61.8751939289412,-11.8279299122907,26.));
#8826=CARTESIAN_POINT('',(42.8709175023281,-4.80211331597305,26.));
#8827=CARTESIAN_POINT('',(61.8751939289412,-11.8279299122907,25.5));
#8828=CARTESIAN_POINT('',(61.8751939289412,-11.8279299122907,26.));
#8829=CARTESIAN_POINT('',(61.8751939289412,-11.8279299122907,25.5));
#8830=CARTESIAN_POINT('Origin',(61.8596997953548,-14.6032601211094,26.));
#8831=CARTESIAN_POINT('',(61.8596997953548,-14.6032601211094,26.));
#8832=CARTESIAN_POINT('',(61.9002768083197,-7.33505056053768,26.));
#8833=CARTESIAN_POINT('',(61.8596997953548,-14.6032601211094,25.5));
#8834=CARTESIAN_POINT('',(61.8596997953548,-14.6032601211094,26.));
#8835=CARTESIAN_POINT('',(61.8596997953548,-14.6032601211094,25.5));
#8836=CARTESIAN_POINT('Origin',(60.2792088517487,-15.2006681447474,26.));
#8837=CARTESIAN_POINT('',(60.2792088517487,-15.2006681447474,26.));
#8838=CARTESIAN_POINT('',(46.5520688766464,-20.3893746007413,26.));
#8839=CARTESIAN_POINT('',(60.2792088517487,-15.2006681447474,25.5));
#8840=CARTESIAN_POINT('',(60.2792088517487,-15.2006681447474,26.));
#8841=CARTESIAN_POINT('',(60.2792088517487,-15.2006681447474,25.5));
#8842=CARTESIAN_POINT('Origin',(60.2706950351391,-16.7256745155425,26.));
#8843=CARTESIAN_POINT('',(60.2706950351391,-16.7256745155425,26.));
#8844=CARTESIAN_POINT('',(60.3172211407502,-8.39185541675096,26.));
#8845=CARTESIAN_POINT('',(60.2706950351391,-16.7256745155425,25.5));
#8846=CARTESIAN_POINT('',(60.2706950351391,-16.7256745155425,26.));
#8847=CARTESIAN_POINT('',(60.2706950351391,-16.7256745155425,25.5));
#8848=CARTESIAN_POINT('Origin',(67.2292736333374,-13.9843759106248,26.));
#8849=CARTESIAN_POINT('',(50.5389412531417,-20.559452159859,26.));
#8850=CARTESIAN_POINT('',(67.2292736333374,-13.9843759106248,25.5));
#8851=CARTESIAN_POINT('Origin',(63.8572324896564,0.0820795049944145,25.5));
#8852=CARTESIAN_POINT('Origin',(62.4659736931986,0.674247728824398,26.));
#8853=CARTESIAN_POINT('',(62.4659736931986,0.674247728824398,26.));
#8854=CARTESIAN_POINT('',(60.3679008392227,0.685960865146039,26.));
#8855=CARTESIAN_POINT('',(42.7850636430299,0.784122455964942,26.));
#8856=CARTESIAN_POINT('',(62.4659736931986,0.674247728824398,25.5));
#8857=CARTESIAN_POINT('',(62.4659736931986,0.674247728824398,26.));
#8858=CARTESIAN_POINT('',(60.3679008392227,0.685960865146039,25.5));
#8859=CARTESIAN_POINT('',(62.4659736931986,0.674247728824398,25.5));
#8860=CARTESIAN_POINT('',(60.3679008392227,0.685960865146039,26.));
#8861=CARTESIAN_POINT('Origin',(63.6199615336343,-0.468882589036616,26.));
#8862=CARTESIAN_POINT('',(63.6199615336343,-0.468882589036616,26.));
#8863=CARTESIAN_POINT('',(53.2394990486245,9.81391326395426,26.));
#8864=CARTESIAN_POINT('',(63.6199615336343,-0.468882589036616,25.5));
#8865=CARTESIAN_POINT('',(63.6199615336343,-0.468882589036616,26.));
#8866=CARTESIAN_POINT('',(63.6199615336343,-0.468882589036617,25.5));
#8867=CARTESIAN_POINT('Origin',(60.3508996002137,-2.35932410969683,26.));
#8868=CARTESIAN_POINT('',(60.3508996002137,-2.35932410969682,26.));
#8869=CARTESIAN_POINT('',(46.9368133145431,-10.1164563368055,26.));
#8870=CARTESIAN_POINT('',(60.3508996002137,-2.35932410969682,25.5));
#8871=CARTESIAN_POINT('',(60.3508996002137,-2.35932410969682,26.));
#8872=CARTESIAN_POINT('',(60.3508996002137,-2.35932410969683,25.5));
#8873=CARTESIAN_POINT('Origin',(60.3407729016862,-4.17323207573465,26.));
#8874=CARTESIAN_POINT('',(60.3407729016862,-4.17323207573466,26.));
#8875=CARTESIAN_POINT('',(60.3522600740238,-2.1156341968471,26.));
#8876=CARTESIAN_POINT('',(60.3407729016862,-4.17323207573466,25.5));
#8877=CARTESIAN_POINT('',(60.3407729016862,-4.17323207573466,26.));
#8878=CARTESIAN_POINT('',(60.3407729016862,-4.17323207573465,25.5));
#8879=CARTESIAN_POINT('Origin',(64.5949313720994,-1.44051293261679,26.));
#8880=CARTESIAN_POINT('',(64.5949313720994,-1.44051293261679,26.));
#8881=CARTESIAN_POINT('',(50.2694562453772,-10.6426854387224,26.));
#8882=CARTESIAN_POINT('',(64.5949313720994,-1.44051293261679,25.5));
#8883=CARTESIAN_POINT('',(64.5949313720994,-1.44051293261679,26.));
#8884=CARTESIAN_POINT('',(64.5949313720994,-1.44051293261679,25.5));
#8885=CARTESIAN_POINT('Origin',(67.2846241693556,-4.06991287665537,26.));
#8886=CARTESIAN_POINT('',(67.2846241693556,-4.06991287665537,26.));
#8887=CARTESIAN_POINT('',(54.933372895572,8.00446953654141,26.));
#8888=CARTESIAN_POINT('',(67.2846241693556,-4.06991287665537,25.5));
#8889=CARTESIAN_POINT('',(67.2846241693556,-4.06991287665537,26.));
#8890=CARTESIAN_POINT('',(67.2846241693556,-4.06991287665537,25.5));
#8891=CARTESIAN_POINT('Origin',(67.2951474864825,-2.18496204953083,26.));
#8892=CARTESIAN_POINT('',(67.2951474864825,-2.18496204953082,26.));
#8893=CARTESIAN_POINT('',(67.3009763949676,-1.1408800611436,26.));
#8894=CARTESIAN_POINT('',(67.2951474864825,-2.18496204953082,25.5));
#8895=CARTESIAN_POINT('',(67.2951474864825,-2.18496204953082,26.));
#8896=CARTESIAN_POINT('',(67.2951474864825,-2.18496204953083,25.5));
#8897=CARTESIAN_POINT('Origin',(64.2277862234055,0.664411869073208,26.));
#8898=CARTESIAN_POINT('',(64.2277862234055,0.664411869073206,26.));
#8899=CARTESIAN_POINT('',(53.3174956372634,10.7993437451312,26.));
#8900=CARTESIAN_POINT('',(64.2277862234055,0.664411869073206,25.5));
#8901=CARTESIAN_POINT('',(64.2277862234055,0.664411869073206,26.));
#8902=CARTESIAN_POINT('',(64.2277862234055,0.664411869073209,25.5));
#8903=CARTESIAN_POINT('Origin',(67.310958896314,0.64719911034917,26.));
#8904=CARTESIAN_POINT('',(67.310958896314,0.647199110349169,26.));
#8905=CARTESIAN_POINT('',(45.2075562445876,0.770598146727327,26.));
#8906=CARTESIAN_POINT('',(67.310958896314,0.647199110349169,25.5));
#8907=CARTESIAN_POINT('',(67.310958896314,0.647199110349169,26.));
#8908=CARTESIAN_POINT('',(67.310958896314,0.64719911034917,25.5));
#8909=CARTESIAN_POINT('Origin',(67.3187852788409,2.04907135648669,26.));
#8910=CARTESIAN_POINT('',(67.3187852788409,2.04907135648669,26.));
#8911=CARTESIAN_POINT('',(67.3127952911468,0.976136641865169,26.));
#8912=CARTESIAN_POINT('',(67.3187852788409,2.04907135648669,25.5));
#8913=CARTESIAN_POINT('',(67.3187852788409,2.04907135648669,26.));
#8914=CARTESIAN_POINT('',(67.3187852788409,2.04907135648669,25.5));
#8915=CARTESIAN_POINT('Origin',(60.3757272217496,2.08783311128355,26.));
#8916=CARTESIAN_POINT('',(60.3757272217496,2.08783311128355,26.));
#8917=CARTESIAN_POINT('',(41.7438535985689,2.19185127026328,26.));
#8918=CARTESIAN_POINT('',(60.3757272217496,2.08783311128355,25.5));
#8919=CARTESIAN_POINT('',(60.3757272217496,2.08783311128355,26.));
#8920=CARTESIAN_POINT('',(60.3757272217496,2.08783311128355,25.5));
#8921=CARTESIAN_POINT('Origin',(60.3679008392227,0.685960865146039,26.));
#8922=CARTESIAN_POINT('',(60.3658240427921,0.313962273593282,26.));
#8923=CARTESIAN_POINT('',(60.3679008392227,0.685960865146038,25.5));
#8924=CARTESIAN_POINT('Origin',(63.8572324896564,0.0820795049944145,25.5));
#8925=CARTESIAN_POINT('Ctrl Pts',(61.479534887489,6.37835523118885,26.));
#8926=CARTESIAN_POINT('Ctrl Pts',(61.479534887489,6.37835523118885,25.5));
#8927=CARTESIAN_POINT('Ctrl Pts',(61.492669049401,6.19926439551642,26.));
#8928=CARTESIAN_POINT('Ctrl Pts',(61.492669049401,6.19926439551642,25.5));
#8929=CARTESIAN_POINT('Ctrl Pts',(61.5186497490322,5.84500462321408,26.));
#8930=CARTESIAN_POINT('Ctrl Pts',(61.5186497490322,5.84500462321408,25.5));
#8931=CARTESIAN_POINT('Ctrl Pts',(61.72656493,5.55724118551108,26.));
#8932=CARTESIAN_POINT('Ctrl Pts',(61.72656493,5.55724118551108,25.5));
#8933=CARTESIAN_POINT('Ctrl Pts',(61.8293716385423,5.4149523361286,26.));
#8934=CARTESIAN_POINT('Ctrl Pts',(61.8293716385423,5.4149523361286,25.5));
#8935=CARTESIAN_POINT('',(61.479534887489,6.37835523118885,26.));
#8936=CARTESIAN_POINT('',(61.8293716385423,5.4149523361286,26.));
#8937=CARTESIAN_POINT('Ctrl Pts',(61.479534887489,6.37835523118885,26.));
#8938=CARTESIAN_POINT('Ctrl Pts',(61.492669049401,6.19926439551642,26.));
#8939=CARTESIAN_POINT('Ctrl Pts',(61.5186497490322,5.84500462321408,26.));
#8940=CARTESIAN_POINT('Ctrl Pts',(61.72656493,5.55724118551108,26.));
#8941=CARTESIAN_POINT('Ctrl Pts',(61.8293716385423,5.4149523361286,26.));
#8942=CARTESIAN_POINT('',(61.479534887489,6.37835523118885,25.5));
#8943=CARTESIAN_POINT('',(61.479534887489,6.37835523118885,26.));
#8944=CARTESIAN_POINT('',(61.8293716385423,5.4149523361286,25.5));
#8945=CARTESIAN_POINT('Ctrl Pts',(61.479534887489,6.37835523118885,25.5));
#8946=CARTESIAN_POINT('Ctrl Pts',(61.492669049401,6.19926439551642,25.5));
#8947=CARTESIAN_POINT('Ctrl Pts',(61.5186497490322,5.84500462321408,25.5));
#8948=CARTESIAN_POINT('Ctrl Pts',(61.72656493,5.55724118551108,25.5));
#8949=CARTESIAN_POINT('Ctrl Pts',(61.8293716385423,5.4149523361286,25.5));
#8950=CARTESIAN_POINT('',(61.8293716385423,5.4149523361286,26.));
#8951=CARTESIAN_POINT('Ctrl Pts',(62.0452639878155,7.60660987848749,26.));
#8952=CARTESIAN_POINT('Ctrl Pts',(62.0452639878155,7.60660987848749,25.5));
#8953=CARTESIAN_POINT('Ctrl Pts',(61.8813151389472,7.43660046241817,26.));
#8954=CARTESIAN_POINT('Ctrl Pts',(61.8813151389472,7.43660046241817,25.5));
#8955=CARTESIAN_POINT('Ctrl Pts',(61.5501870538128,7.09323182771034,26.));
#8956=CARTESIAN_POINT('Ctrl Pts',(61.5501870538128,7.09323182771034,25.5));
#8957=CARTESIAN_POINT('Ctrl Pts',(61.5032382823606,6.61819221189998,26.));
#8958=CARTESIAN_POINT('Ctrl Pts',(61.5032382823606,6.61819221189998,25.5));
#8959=CARTESIAN_POINT('Ctrl Pts',(61.479534887489,6.37835523118885,26.));
#8960=CARTESIAN_POINT('Ctrl Pts',(61.479534887489,6.37835523118885,25.5));
#8961=CARTESIAN_POINT('',(62.0452639878155,7.60660987848749,26.));
#8962=CARTESIAN_POINT('Ctrl Pts',(62.0452639878155,7.60660987848749,26.));
#8963=CARTESIAN_POINT('Ctrl Pts',(61.8813151389472,7.43660046241817,26.));
#8964=CARTESIAN_POINT('Ctrl Pts',(61.5501870538128,7.09323182771034,26.));
#8965=CARTESIAN_POINT('Ctrl Pts',(61.5032382823606,6.61819221189998,26.));
#8966=CARTESIAN_POINT('Ctrl Pts',(61.479534887489,6.37835523118885,26.));
#8967=CARTESIAN_POINT('',(62.0452639878155,7.60660987848749,25.5));
#8968=CARTESIAN_POINT('',(62.0452639878155,7.60660987848749,26.));
#8969=CARTESIAN_POINT('Ctrl Pts',(62.0452639878155,7.60660987848749,25.5));
#8970=CARTESIAN_POINT('Ctrl Pts',(61.8813151389472,7.43660046241817,25.5));
#8971=CARTESIAN_POINT('Ctrl Pts',(61.5501870538128,7.09323182771034,25.5));
#8972=CARTESIAN_POINT('Ctrl Pts',(61.5032382823606,6.61819221189998,25.5));
#8973=CARTESIAN_POINT('Ctrl Pts',(61.479534887489,6.37835523118885,25.5));
#8974=CARTESIAN_POINT('Ctrl Pts',(63.9233866454125,8.0697458014052,26.));
#8975=CARTESIAN_POINT('Ctrl Pts',(63.9233866454125,8.0697458014052,25.5));
#8976=CARTESIAN_POINT('Ctrl Pts',(63.5376901291585,8.06783072675866,26.));
#8977=CARTESIAN_POINT('Ctrl Pts',(63.5376901291585,8.06783072675866,25.5));
#8978=CARTESIAN_POINT('Ctrl Pts',(62.8701106391818,8.06451603631702,26.));
#8979=CARTESIAN_POINT('Ctrl Pts',(62.8701106391818,8.06451603631702,25.5));
#8980=CARTESIAN_POINT('Ctrl Pts',(62.2901501585088,7.74255622117068,26.));
#8981=CARTESIAN_POINT('Ctrl Pts',(62.2901501585088,7.74255622117068,25.5));
#8982=CARTESIAN_POINT('Ctrl Pts',(62.0452639878155,7.60660987848749,26.));
#8983=CARTESIAN_POINT('Ctrl Pts',(62.0452639878155,7.60660987848749,25.5));
#8984=CARTESIAN_POINT('',(63.9233866454125,8.0697458014052,26.));
#8985=CARTESIAN_POINT('Ctrl Pts',(63.9233866454125,8.0697458014052,26.));
#8986=CARTESIAN_POINT('Ctrl Pts',(63.5376901291585,8.06783072675866,26.));
#8987=CARTESIAN_POINT('Ctrl Pts',(62.8701106391818,8.06451603631702,26.));
#8988=CARTESIAN_POINT('Ctrl Pts',(62.2901501585088,7.74255622117068,26.));
#8989=CARTESIAN_POINT('Ctrl Pts',(62.0452639878155,7.60660987848749,26.));
#8990=CARTESIAN_POINT('',(63.9233866454125,8.0697458014052,25.5));
#8991=CARTESIAN_POINT('',(63.9233866454125,8.0697458014052,26.));
#8992=CARTESIAN_POINT('Ctrl Pts',(63.9233866454125,8.0697458014052,25.5));
#8993=CARTESIAN_POINT('Ctrl Pts',(63.5376901291585,8.06783072675866,25.5));
#8994=CARTESIAN_POINT('Ctrl Pts',(62.8701106391818,8.06451603631702,25.5));
#8995=CARTESIAN_POINT('Ctrl Pts',(62.2901501585088,7.74255622117068,25.5));
#8996=CARTESIAN_POINT('Ctrl Pts',(62.0452639878155,7.60660987848749,25.5));
#8997=CARTESIAN_POINT('Ctrl Pts',(65.7156676409253,7.57901373801718,26.));
#8998=CARTESIAN_POINT('Ctrl Pts',(65.7156676409253,7.57901373801718,25.5));
#8999=CARTESIAN_POINT('Ctrl Pts',(65.4802086144774,7.71984441215766,26.));
#9000=CARTESIAN_POINT('Ctrl Pts',(65.4802086144774,7.71984441215766,25.5));
#9001=CARTESIAN_POINT('Ctrl Pts',(64.9321565247803,8.04764048954962,26.));
#9002=CARTESIAN_POINT('Ctrl Pts',(64.9321565247803,8.04764048954962,25.5));
#9003=CARTESIAN_POINT('Ctrl Pts',(64.289779769949,8.06171697893016,26.));
#9004=CARTESIAN_POINT('Ctrl Pts',(64.289779769949,8.06171697893016,25.5));
#9005=CARTESIAN_POINT('Ctrl Pts',(63.9233866454125,8.0697458014052,26.));
#9006=CARTESIAN_POINT('Ctrl Pts',(63.9233866454125,8.0697458014052,25.5));
#9007=CARTESIAN_POINT('',(65.7156676409253,7.57901373801718,26.));
#9008=CARTESIAN_POINT('Ctrl Pts',(65.7156676409253,7.57901373801718,26.));
#9009=CARTESIAN_POINT('Ctrl Pts',(65.4802086144774,7.71984441215766,26.));
#9010=CARTESIAN_POINT('Ctrl Pts',(64.9321565247803,8.04764048954962,26.));
#9011=CARTESIAN_POINT('Ctrl Pts',(64.289779769949,8.06171697893016,26.));
#9012=CARTESIAN_POINT('Ctrl Pts',(63.9233866454125,8.0697458014052,26.));
#9013=CARTESIAN_POINT('',(65.7156676409253,7.57901373801718,25.5));
#9014=CARTESIAN_POINT('',(65.7156676409253,7.57901373801718,26.));
#9015=CARTESIAN_POINT('Ctrl Pts',(65.7156676409253,7.57901373801718,25.5));
#9016=CARTESIAN_POINT('Ctrl Pts',(65.4802086144774,7.71984441215766,25.5));
#9017=CARTESIAN_POINT('Ctrl Pts',(64.9321565247803,8.04764048954962,25.5));
#9018=CARTESIAN_POINT('Ctrl Pts',(64.289779769949,8.06171697893016,25.5));
#9019=CARTESIAN_POINT('Ctrl Pts',(63.9233866454125,8.0697458014052,25.5));
#9020=CARTESIAN_POINT('Ctrl Pts',(66.2627925953865,6.32323367213273,26.));
#9021=CARTESIAN_POINT('Ctrl Pts',(66.2627925953865,6.32323367213273,25.5));
#9022=CARTESIAN_POINT('Ctrl Pts',(66.2424494077356,6.56733113903337,26.));
#9023=CARTESIAN_POINT('Ctrl Pts',(66.2424494077356,6.56733113903337,25.5));
#9024=CARTESIAN_POINT('Ctrl Pts',(66.2023503946995,7.0484783257624,26.));
#9025=CARTESIAN_POINT('Ctrl Pts',(66.2023503946995,7.0484783257624,25.5));
#9026=CARTESIAN_POINT('Ctrl Pts',(65.8763032679715,7.40390400183512,26.));
#9027=CARTESIAN_POINT('Ctrl Pts',(65.8763032679715,7.40390400183512,25.5));
#9028=CARTESIAN_POINT('Ctrl Pts',(65.7156676409253,7.57901373801718,26.));
#9029=CARTESIAN_POINT('Ctrl Pts',(65.7156676409253,7.57901373801718,25.5));
#9030=CARTESIAN_POINT('',(66.2627925953865,6.32323367213273,26.));
#9031=CARTESIAN_POINT('Ctrl Pts',(66.2627925953865,6.32323367213273,26.));
#9032=CARTESIAN_POINT('Ctrl Pts',(66.2424494077356,6.56733113903337,26.));
#9033=CARTESIAN_POINT('Ctrl Pts',(66.2023503946995,7.0484783257624,26.));
#9034=CARTESIAN_POINT('Ctrl Pts',(65.8763032679715,7.40390400183512,26.));
#9035=CARTESIAN_POINT('Ctrl Pts',(65.7156676409253,7.57901373801718,26.));
#9036=CARTESIAN_POINT('',(66.2627925953865,6.32323367213273,25.5));
#9037=CARTESIAN_POINT('',(66.2627925953865,6.32323367213273,26.));
#9038=CARTESIAN_POINT('Ctrl Pts',(66.2627925953865,6.32323367213273,25.5));
#9039=CARTESIAN_POINT('Ctrl Pts',(66.2424494077356,6.56733113903337,25.5));
#9040=CARTESIAN_POINT('Ctrl Pts',(66.2023503946995,7.0484783257624,25.5));
#9041=CARTESIAN_POINT('Ctrl Pts',(65.8763032679715,7.40390400183512,25.5));
#9042=CARTESIAN_POINT('Ctrl Pts',(65.7156676409253,7.57901373801718,25.5));
#9043=CARTESIAN_POINT('Ctrl Pts',(65.9449115048694,5.37539856822112,26.));
#9044=CARTESIAN_POINT('Ctrl Pts',(65.9449115048694,5.37539856822112,25.5));
#9045=CARTESIAN_POINT('Ctrl Pts',(66.0368386113208,5.51478698206319,26.));
#9046=CARTESIAN_POINT('Ctrl Pts',(66.0368386113208,5.51478698206319,25.5));
#9047=CARTESIAN_POINT('Ctrl Pts',(66.2263927536872,5.8022065720142,26.));
#9048=CARTESIAN_POINT('Ctrl Pts',(66.2263927536872,5.8022065720142,25.5));
#9049=CARTESIAN_POINT('Ctrl Pts',(66.2504184952656,6.1461108825392,26.));
#9050=CARTESIAN_POINT('Ctrl Pts',(66.2504184952656,6.1461108825392,25.5));
#9051=CARTESIAN_POINT('Ctrl Pts',(66.2627925953865,6.32323367213273,26.));
#9052=CARTESIAN_POINT('Ctrl Pts',(66.2627925953865,6.32323367213273,25.5));
#9053=CARTESIAN_POINT('',(65.9449115048694,5.37539856822112,26.));
#9054=CARTESIAN_POINT('Ctrl Pts',(65.9449115048694,5.37539856822112,26.));
#9055=CARTESIAN_POINT('Ctrl Pts',(66.0368386113208,5.51478698206319,26.));
#9056=CARTESIAN_POINT('Ctrl Pts',(66.2263927536872,5.8022065720142,26.));
#9057=CARTESIAN_POINT('Ctrl Pts',(66.2504184952656,6.1461108825392,26.));
#9058=CARTESIAN_POINT('Ctrl Pts',(66.2627925953865,6.32323367213273,26.));
#9059=CARTESIAN_POINT('',(65.9449115048694,5.37539856822112,25.5));
#9060=CARTESIAN_POINT('',(65.9449115048694,5.37539856822112,26.));
#9061=CARTESIAN_POINT('Ctrl Pts',(65.9449115048694,5.37539856822112,25.5));
#9062=CARTESIAN_POINT('Ctrl Pts',(66.0368386113208,5.51478698206319,25.5));
#9063=CARTESIAN_POINT('Ctrl Pts',(66.2263927536872,5.8022065720142,25.5));
#9064=CARTESIAN_POINT('Ctrl Pts',(66.2504184952656,6.1461108825392,25.5));
#9065=CARTESIAN_POINT('Ctrl Pts',(66.2627925953865,6.32323367213273,25.5));
#9066=CARTESIAN_POINT('Ctrl Pts',(65.0895528262144,4.86629753094288,26.));
#9067=CARTESIAN_POINT('Ctrl Pts',(65.0895528262144,4.86629753094288,25.5));
#9068=CARTESIAN_POINT('Ctrl Pts',(65.2587988956317,4.91566928281165,26.));
#9069=CARTESIAN_POINT('Ctrl Pts',(65.2587988956317,4.91566928281165,25.5));
#9070=CARTESIAN_POINT('Ctrl Pts',(65.5882084169285,5.01176324354389,26.));
#9071=CARTESIAN_POINT('Ctrl Pts',(65.5882084169285,5.01176324354389,25.5));
#9072=CARTESIAN_POINT('Ctrl Pts',(65.8282163419603,5.2564355289672,26.));
#9073=CARTESIAN_POINT('Ctrl Pts',(65.8282163419603,5.2564355289672,25.5));
#9074=CARTESIAN_POINT('Ctrl Pts',(65.9449115048694,5.37539856822112,26.));
#9075=CARTESIAN_POINT('Ctrl Pts',(65.9449115048694,5.37539856822112,25.5));
#9076=CARTESIAN_POINT('',(65.0895528262144,4.86629753094288,26.));
#9077=CARTESIAN_POINT('Ctrl Pts',(65.0895528262144,4.86629753094288,26.));
#9078=CARTESIAN_POINT('Ctrl Pts',(65.2587988956317,4.91566928281165,26.));
#9079=CARTESIAN_POINT('Ctrl Pts',(65.5882084169285,5.01176324354389,26.));
#9080=CARTESIAN_POINT('Ctrl Pts',(65.8282163419603,5.2564355289672,26.));
#9081=CARTESIAN_POINT('Ctrl Pts',(65.9449115048694,5.37539856822112,26.));
#9082=CARTESIAN_POINT('',(65.0895528262144,4.86629753094288,25.5));
#9083=CARTESIAN_POINT('',(65.0895528262144,4.86629753094288,26.));
#9084=CARTESIAN_POINT('Ctrl Pts',(65.0895528262144,4.86629753094288,25.5));
#9085=CARTESIAN_POINT('Ctrl Pts',(65.2587988956317,4.91566928281165,25.5));
#9086=CARTESIAN_POINT('Ctrl Pts',(65.5882084169285,5.01176324354389,25.5));
#9087=CARTESIAN_POINT('Ctrl Pts',(65.8282163419603,5.2564355289672,25.5));
#9088=CARTESIAN_POINT('Ctrl Pts',(65.9449115048694,5.37539856822112,25.5));
#9089=CARTESIAN_POINT('Origin',(65.4133293758856,3.47678159408691,26.));
#9090=CARTESIAN_POINT('',(65.4133293758856,3.47678159408691,26.));
#9091=CARTESIAN_POINT('',(64.6914082656072,6.57497041876612,26.));
#9092=CARTESIAN_POINT('',(65.4133293758856,3.47678159408691,25.5));
#9093=CARTESIAN_POINT('',(65.4133293758856,3.47678159408691,26.));
#9094=CARTESIAN_POINT('',(65.4133293758856,3.47678159408691,25.5));
#9095=CARTESIAN_POINT('Ctrl Pts',(66.6960305966909,4.18005219995864,26.));
#9096=CARTESIAN_POINT('Ctrl Pts',(66.6960305966909,4.18005219995864,25.5));
#9097=CARTESIAN_POINT('Ctrl Pts',(66.5214417633672,4.03056637438167,26.));
#9098=CARTESIAN_POINT('Ctrl Pts',(66.5214417633672,4.03056637438167,25.5));
#9099=CARTESIAN_POINT('Ctrl Pts',(66.1438126069335,3.70723409054202,26.));
#9100=CARTESIAN_POINT('Ctrl Pts',(66.1438126069335,3.70723409054202,25.5));
#9101=CARTESIAN_POINT('Ctrl Pts',(65.668754461039,3.55736297642258,26.));
#9102=CARTESIAN_POINT('Ctrl Pts',(65.668754461039,3.55736297642258,25.5));
#9103=CARTESIAN_POINT('Ctrl Pts',(65.4133293758856,3.47678159408691,26.));
#9104=CARTESIAN_POINT('Ctrl Pts',(65.4133293758856,3.47678159408691,25.5));
#9105=CARTESIAN_POINT('',(66.6960305966909,4.18005219995864,26.));
#9106=CARTESIAN_POINT('Ctrl Pts',(66.6960305966909,4.18005219995864,26.));
#9107=CARTESIAN_POINT('Ctrl Pts',(66.5214417633672,4.03056637438167,26.));
#9108=CARTESIAN_POINT('Ctrl Pts',(66.1438126069335,3.70723409054202,26.));
#9109=CARTESIAN_POINT('Ctrl Pts',(65.668754461039,3.55736297642258,26.));
#9110=CARTESIAN_POINT('Ctrl Pts',(65.4133293758856,3.47678159408691,26.));
#9111=CARTESIAN_POINT('',(66.6960305966909,4.18005219995864,25.5));
#9112=CARTESIAN_POINT('',(66.6960305966909,4.18005219995864,26.));
#9113=CARTESIAN_POINT('Ctrl Pts',(66.6960305966909,4.18005219995864,25.5));
#9114=CARTESIAN_POINT('Ctrl Pts',(66.5214417633672,4.03056637438167,25.5));
#9115=CARTESIAN_POINT('Ctrl Pts',(66.1438126069335,3.70723409054202,25.5));
#9116=CARTESIAN_POINT('Ctrl Pts',(65.668754461039,3.55736297642258,25.5));
#9117=CARTESIAN_POINT('Ctrl Pts',(65.4133293758856,3.47678159408691,25.5));
#9118=CARTESIAN_POINT('Ctrl Pts',(67.4606178358813,6.24550375359751,26.));
#9119=CARTESIAN_POINT('Ctrl Pts',(67.4606178358813,6.24550375359751,25.5));
#9120=CARTESIAN_POINT('Ctrl Pts',(67.4326274145718,5.84703579685069,26.));
#9121=CARTESIAN_POINT('Ctrl Pts',(67.4326274145718,5.84703579685069,25.5));
#9122=CARTESIAN_POINT('Ctrl Pts',(67.3789006494647,5.08218863438554,26.));
#9123=CARTESIAN_POINT('Ctrl Pts',(67.3789006494647,5.08218863438554,25.5));
#9124=CARTESIAN_POINT('Ctrl Pts',(66.9171971064018,4.47223424202476,26.));
#9125=CARTESIAN_POINT('Ctrl Pts',(66.9171971064018,4.47223424202476,25.5));
#9126=CARTESIAN_POINT('Ctrl Pts',(66.6960305966909,4.18005219995864,26.));
#9127=CARTESIAN_POINT('Ctrl Pts',(66.6960305966909,4.18005219995864,25.5));
#9128=CARTESIAN_POINT('',(67.4606178358813,6.24550375359751,26.));
#9129=CARTESIAN_POINT('Ctrl Pts',(67.4606178358813,6.24550375359751,26.));
#9130=CARTESIAN_POINT('Ctrl Pts',(67.4326274145718,5.84703579685069,26.));
#9131=CARTESIAN_POINT('Ctrl Pts',(67.3789006494647,5.08218863438554,26.));
#9132=CARTESIAN_POINT('Ctrl Pts',(66.9171971064018,4.47223424202476,26.));
#9133=CARTESIAN_POINT('Ctrl Pts',(66.6960305966909,4.18005219995864,26.));
#9134=CARTESIAN_POINT('',(67.4606178358813,6.24550375359751,25.5));
#9135=CARTESIAN_POINT('',(67.4606178358813,6.24550375359751,26.));
#9136=CARTESIAN_POINT('Ctrl Pts',(67.4606178358813,6.24550375359751,25.5));
#9137=CARTESIAN_POINT('Ctrl Pts',(67.4326274145718,5.84703579685069,25.5));
#9138=CARTESIAN_POINT('Ctrl Pts',(67.3789006494647,5.08218863438554,25.5));
#9139=CARTESIAN_POINT('Ctrl Pts',(66.9171971064018,4.47223424202476,25.5));
#9140=CARTESIAN_POINT('Ctrl Pts',(66.6960305966909,4.18005219995864,25.5));
#9141=CARTESIAN_POINT('Ctrl Pts',(66.5147075516029,8.60467783385514,26.));
#9142=CARTESIAN_POINT('Ctrl Pts',(66.5147075516029,8.60467783385514,25.5));
#9143=CARTESIAN_POINT('Ctrl Pts',(66.7925252759839,8.27433612330281,26.));
#9144=CARTESIAN_POINT('Ctrl Pts',(66.7925252759839,8.27433612330281,25.5));
#9145=CARTESIAN_POINT('Ctrl Pts',(67.3653888709476,7.59316741711212,26.));
#9146=CARTESIAN_POINT('Ctrl Pts',(67.3653888709476,7.59316741711212,25.5));
#9147=CARTESIAN_POINT('Ctrl Pts',(67.4282447440106,6.7036420901854,26.));
#9148=CARTESIAN_POINT('Ctrl Pts',(67.4282447440106,6.7036420901854,25.5));
#9149=CARTESIAN_POINT('Ctrl Pts',(67.4606178358813,6.24550375359751,26.));
#9150=CARTESIAN_POINT('Ctrl Pts',(67.4606178358813,6.24550375359751,25.5));
#9151=CARTESIAN_POINT('',(66.5147075516029,8.60467783385514,26.));
#9152=CARTESIAN_POINT('Ctrl Pts',(66.5147075516029,8.60467783385514,26.));
#9153=CARTESIAN_POINT('Ctrl Pts',(66.7925252759839,8.27433612330281,26.));
#9154=CARTESIAN_POINT('Ctrl Pts',(67.3653888709476,7.59316741711212,26.));
#9155=CARTESIAN_POINT('Ctrl Pts',(67.4282447440106,6.7036420901854,26.));
#9156=CARTESIAN_POINT('Ctrl Pts',(67.4606178358813,6.24550375359751,26.));
#9157=CARTESIAN_POINT('',(66.5147075516029,8.60467783385514,25.5));
#9158=CARTESIAN_POINT('',(66.5147075516029,8.60467783385514,26.));
#9159=CARTESIAN_POINT('Ctrl Pts',(66.5147075516029,8.60467783385514,25.5));
#9160=CARTESIAN_POINT('Ctrl Pts',(66.7925252759839,8.27433612330281,25.5));
#9161=CARTESIAN_POINT('Ctrl Pts',(67.3653888709476,7.59316741711212,25.5));
#9162=CARTESIAN_POINT('Ctrl Pts',(67.4282447440106,6.7036420901854,25.5));
#9163=CARTESIAN_POINT('Ctrl Pts',(67.4606178358813,6.24550375359751,25.5));
#9164=CARTESIAN_POINT('Ctrl Pts',(63.8272577326403,9.51482354773886,26.));
#9165=CARTESIAN_POINT('Ctrl Pts',(63.8272577326403,9.51482354773886,25.5));
#9166=CARTESIAN_POINT('Ctrl Pts',(64.3579132382713,9.48746085732935,26.));
#9167=CARTESIAN_POINT('Ctrl Pts',(64.3579132382713,9.48746085732935,25.5));
#9168=CARTESIAN_POINT('Ctrl Pts',(65.3434808426257,9.43664110525024,26.));
#9169=CARTESIAN_POINT('Ctrl Pts',(65.3434808426257,9.43664110525024,25.5));
#9170=CARTESIAN_POINT('Ctrl Pts',(66.1448271575069,8.86741680688094,26.));
#9171=CARTESIAN_POINT('Ctrl Pts',(66.1448271575069,8.86741680688094,25.5));
#9172=CARTESIAN_POINT('Ctrl Pts',(66.5147075516029,8.60467783385514,26.));
#9173=CARTESIAN_POINT('Ctrl Pts',(66.5147075516029,8.60467783385514,25.5));
#9174=CARTESIAN_POINT('',(63.8272577326403,9.51482354773886,26.));
#9175=CARTESIAN_POINT('Ctrl Pts',(63.8272577326403,9.51482354773886,26.));
#9176=CARTESIAN_POINT('Ctrl Pts',(64.3579132382713,9.48746085732935,26.));
#9177=CARTESIAN_POINT('Ctrl Pts',(65.3434808426257,9.43664110525024,26.));
#9178=CARTESIAN_POINT('Ctrl Pts',(66.1448271575069,8.86741680688094,26.));
#9179=CARTESIAN_POINT('Ctrl Pts',(66.5147075516029,8.60467783385514,26.));
#9180=CARTESIAN_POINT('',(63.8272577326403,9.51482354773886,25.5));
#9181=CARTESIAN_POINT('',(63.8272577326403,9.51482354773886,26.));
#9182=CARTESIAN_POINT('Ctrl Pts',(63.8272577326403,9.51482354773886,25.5));
#9183=CARTESIAN_POINT('Ctrl Pts',(64.3579132382713,9.48746085732935,25.5));
#9184=CARTESIAN_POINT('Ctrl Pts',(65.3434808426257,9.43664110525024,25.5));
#9185=CARTESIAN_POINT('Ctrl Pts',(66.1448271575069,8.86741680688094,25.5));
#9186=CARTESIAN_POINT('Ctrl Pts',(66.5147075516029,8.60467783385514,25.5));
#9187=CARTESIAN_POINT('Ctrl Pts',(61.2387680349315,8.63886983818553,26.));
#9188=CARTESIAN_POINT('Ctrl Pts',(61.2387680349315,8.63886983818553,25.5));
#9189=CARTESIAN_POINT('Ctrl Pts',(61.5997740592089,8.89626635429622,26.));
#9190=CARTESIAN_POINT('Ctrl Pts',(61.5997740592089,8.89626635429622,25.5));
#9191=CARTESIAN_POINT('Ctrl Pts',(62.3715421181806,9.44653531455089,26.));
#9192=CARTESIAN_POINT('Ctrl Pts',(62.3715421181806,9.44653531455089,25.5));
#9193=CARTESIAN_POINT('Ctrl Pts',(63.3216023493782,9.49110304053129,26.));
#9194=CARTESIAN_POINT('Ctrl Pts',(63.3216023493782,9.49110304053129,25.5));
#9195=CARTESIAN_POINT('Ctrl Pts',(63.8272577326403,9.51482354773886,26.));
#9196=CARTESIAN_POINT('Ctrl Pts',(63.8272577326403,9.51482354773886,25.5));
#9197=CARTESIAN_POINT('',(61.2387680349315,8.63886983818553,26.));
#9198=CARTESIAN_POINT('Ctrl Pts',(61.2387680349315,8.63886983818553,26.));
#9199=CARTESIAN_POINT('Ctrl Pts',(61.5997740592089,8.89626635429622,26.));
#9200=CARTESIAN_POINT('Ctrl Pts',(62.3715421181806,9.44653531455089,26.));
#9201=CARTESIAN_POINT('Ctrl Pts',(63.3216023493782,9.49110304053129,26.));
#9202=CARTESIAN_POINT('Ctrl Pts',(63.8272577326403,9.51482354773886,26.));
#9203=CARTESIAN_POINT('',(61.2387680349315,8.63886983818553,25.5));
#9204=CARTESIAN_POINT('',(61.2387680349315,8.63886983818553,26.));
#9205=CARTESIAN_POINT('Ctrl Pts',(61.2387680349315,8.63886983818553,25.5));
#9206=CARTESIAN_POINT('Ctrl Pts',(61.5997740592089,8.89626635429622,25.5));
#9207=CARTESIAN_POINT('Ctrl Pts',(62.3715421181806,9.44653531455089,25.5));
#9208=CARTESIAN_POINT('Ctrl Pts',(63.3216023493782,9.49110304053129,25.5));
#9209=CARTESIAN_POINT('Ctrl Pts',(63.8272577326403,9.51482354773886,25.5));
#9210=CARTESIAN_POINT('Ctrl Pts',(60.2812331166239,6.37083515023677,26.));
#9211=CARTESIAN_POINT('Ctrl Pts',(60.2812331166239,6.37083515023677,25.5));
#9212=CARTESIAN_POINT('Ctrl Pts',(60.3201499745742,6.80832013613254,26.));
#9213=CARTESIAN_POINT('Ctrl Pts',(60.3201499745742,6.80832013613254,25.5));
#9214=CARTESIAN_POINT('Ctrl Pts',(60.3966153157271,7.66790748356352,26.));
#9215=CARTESIAN_POINT('Ctrl Pts',(60.3966153157271,7.66790748356352,25.5));
#9216=CARTESIAN_POINT('Ctrl Pts',(60.9614195869704,8.31910016227986,26.));
#9217=CARTESIAN_POINT('Ctrl Pts',(60.9614195869704,8.31910016227986,25.5));
#9218=CARTESIAN_POINT('Ctrl Pts',(61.2387680349315,8.63886983818553,26.));
#9219=CARTESIAN_POINT('Ctrl Pts',(61.2387680349315,8.63886983818553,25.5));
#9220=CARTESIAN_POINT('',(60.2812331166239,6.37083515023677,26.));
#9221=CARTESIAN_POINT('Ctrl Pts',(60.2812331166239,6.37083515023677,26.));
#9222=CARTESIAN_POINT('Ctrl Pts',(60.3201499745742,6.80832013613254,26.));
#9223=CARTESIAN_POINT('Ctrl Pts',(60.3966153157271,7.66790748356352,26.));
#9224=CARTESIAN_POINT('Ctrl Pts',(60.9614195869704,8.31910016227986,26.));
#9225=CARTESIAN_POINT('Ctrl Pts',(61.2387680349315,8.63886983818553,26.));
#9226=CARTESIAN_POINT('',(60.2812331166239,6.37083515023677,25.5));
#9227=CARTESIAN_POINT('',(60.2812331166239,6.37083515023677,26.));
#9228=CARTESIAN_POINT('Ctrl Pts',(60.2812331166239,6.37083515023677,25.5));
#9229=CARTESIAN_POINT('Ctrl Pts',(60.3201499745742,6.80832013613254,25.5));
#9230=CARTESIAN_POINT('Ctrl Pts',(60.3966153157271,7.66790748356352,25.5));
#9231=CARTESIAN_POINT('Ctrl Pts',(60.9614195869704,8.31910016227986,25.5));
#9232=CARTESIAN_POINT('Ctrl Pts',(61.2387680349315,8.63886983818553,25.5));
#9233=CARTESIAN_POINT('Ctrl Pts',(60.8226849625023,4.52306274083404,26.));
#9234=CARTESIAN_POINT('Ctrl Pts',(60.8226849625023,4.52306274083404,25.5));
#9235=CARTESIAN_POINT('Ctrl Pts',(60.6633829562973,4.79178383386424,26.));
#9236=CARTESIAN_POINT('Ctrl Pts',(60.6633829562973,4.79178383386424,25.5));
#9237=CARTESIAN_POINT('Ctrl Pts',(60.3263663309375,5.36028562548332,26.));
#9238=CARTESIAN_POINT('Ctrl Pts',(60.3263663309375,5.36028562548332,25.5));
#9239=CARTESIAN_POINT('Ctrl Pts',(60.2968156795215,6.02193574721333,26.));
#9240=CARTESIAN_POINT('Ctrl Pts',(60.2968156795215,6.02193574721333,25.5));
#9241=CARTESIAN_POINT('Ctrl Pts',(60.2812331166239,6.37083515023677,26.));
#9242=CARTESIAN_POINT('Ctrl Pts',(60.2812331166239,6.37083515023677,25.5));
#9243=CARTESIAN_POINT('',(60.8226849625023,4.52306274083404,26.));
#9244=CARTESIAN_POINT('Ctrl Pts',(60.8226849625023,4.52306274083404,26.));
#9245=CARTESIAN_POINT('Ctrl Pts',(60.6633829562973,4.79178383386424,26.));
#9246=CARTESIAN_POINT('Ctrl Pts',(60.3263663309375,5.36028562548332,26.));
#9247=CARTESIAN_POINT('Ctrl Pts',(60.2968156795215,6.02193574721333,26.));
#9248=CARTESIAN_POINT('Ctrl Pts',(60.2812331166239,6.37083515023677,26.));
#9249=CARTESIAN_POINT('',(60.8226849625023,4.52306274083404,25.5));
#9250=CARTESIAN_POINT('',(60.8226849625023,4.52306274083404,26.));
#9251=CARTESIAN_POINT('Ctrl Pts',(60.8226849625023,4.52306274083404,25.5));
#9252=CARTESIAN_POINT('Ctrl Pts',(60.6633829562973,4.79178383386424,25.5));
#9253=CARTESIAN_POINT('Ctrl Pts',(60.3263663309375,5.36028562548332,25.5));
#9254=CARTESIAN_POINT('Ctrl Pts',(60.2968156795215,6.02193574721333,25.5));
#9255=CARTESIAN_POINT('Ctrl Pts',(60.2812331166239,6.37083515023677,25.5));
#9256=CARTESIAN_POINT('Ctrl Pts',(62.5052852685778,3.47407160826133,26.));
#9257=CARTESIAN_POINT('Ctrl Pts',(62.5052852685778,3.47407160826133,25.5));
#9258=CARTESIAN_POINT('Ctrl Pts',(62.1589185900204,3.588062609087,26.));
#9259=CARTESIAN_POINT('Ctrl Pts',(62.1589185900204,3.588062609087,25.5));
#9260=CARTESIAN_POINT('Ctrl Pts',(61.510834032628,3.80135046814012,26.));
#9261=CARTESIAN_POINT('Ctrl Pts',(61.510834032628,3.80135046814012,25.5));
#9262=CARTESIAN_POINT('Ctrl Pts',(61.0412850311496,4.29380085674016,26.));
#9263=CARTESIAN_POINT('Ctrl Pts',(61.0412850311496,4.29380085674016,25.5));
#9264=CARTESIAN_POINT('Ctrl Pts',(60.8226849625023,4.52306274083404,26.));
#9265=CARTESIAN_POINT('Ctrl Pts',(60.8226849625023,4.52306274083404,25.5));
#9266=CARTESIAN_POINT('',(62.5052852685778,3.47407160826133,26.));
#9267=CARTESIAN_POINT('Ctrl Pts',(62.5052852685778,3.47407160826133,26.));
#9268=CARTESIAN_POINT('Ctrl Pts',(62.1589185900204,3.588062609087,26.));
#9269=CARTESIAN_POINT('Ctrl Pts',(61.510834032628,3.80135046814012,26.));
#9270=CARTESIAN_POINT('Ctrl Pts',(61.0412850311496,4.29380085674016,26.));
#9271=CARTESIAN_POINT('Ctrl Pts',(60.8226849625023,4.52306274083404,26.));
#9272=CARTESIAN_POINT('',(62.5052852685778,3.47407160826133,25.5));
#9273=CARTESIAN_POINT('',(62.5052852685778,3.47407160826133,26.));
#9274=CARTESIAN_POINT('Ctrl Pts',(62.5052852685778,3.47407160826133,25.5));
#9275=CARTESIAN_POINT('Ctrl Pts',(62.1589185900204,3.588062609087,25.5));
#9276=CARTESIAN_POINT('Ctrl Pts',(61.510834032628,3.80135046814012,25.5));
#9277=CARTESIAN_POINT('Ctrl Pts',(61.0412850311496,4.29380085674016,25.5));
#9278=CARTESIAN_POINT('Ctrl Pts',(60.8226849625023,4.52306274083404,25.5));
#9279=CARTESIAN_POINT('Origin',(62.9438550476379,4.83091395922482,26.));
#9280=CARTESIAN_POINT('',(62.9438550476379,4.83091395922482,26.));
#9281=CARTESIAN_POINT('',(60.3744249993636,-3.11836041806603,26.));
#9282=CARTESIAN_POINT('',(62.9438550476379,4.83091395922482,25.5));
#9283=CARTESIAN_POINT('',(62.9438550476379,4.83091395922482,26.));
#9284=CARTESIAN_POINT('',(62.9438550476379,4.83091395922482,25.5));
#9285=CARTESIAN_POINT('Ctrl Pts',(61.8293716385423,5.4149523361286,26.));
#9286=CARTESIAN_POINT('Ctrl Pts',(61.8293716385423,5.4149523361286,25.5));
#9287=CARTESIAN_POINT('Ctrl Pts',(61.9747312676799,5.28720498617669,26.));
#9288=CARTESIAN_POINT('Ctrl Pts',(61.9747312676799,5.28720498617669,25.5));
#9289=CARTESIAN_POINT('Ctrl Pts',(62.2977108828828,5.00335870660481,26.));
#9290=CARTESIAN_POINT('Ctrl Pts',(62.2977108828828,5.00335870660481,25.5));
#9291=CARTESIAN_POINT('Ctrl Pts',(62.7145937432956,4.89209985220011,26.));
#9292=CARTESIAN_POINT('Ctrl Pts',(62.7145937432956,4.89209985220011,25.5));
#9293=CARTESIAN_POINT('Ctrl Pts',(62.9438550476379,4.83091395922482,26.));
#9294=CARTESIAN_POINT('Ctrl Pts',(62.9438550476379,4.83091395922482,25.5));
#9295=CARTESIAN_POINT('Ctrl Pts',(61.8293716385423,5.4149523361286,26.));
#9296=CARTESIAN_POINT('Ctrl Pts',(61.9747312676799,5.28720498617669,26.));
#9297=CARTESIAN_POINT('Ctrl Pts',(62.2977108828828,5.00335870660481,26.));
#9298=CARTESIAN_POINT('Ctrl Pts',(62.7145937432956,4.89209985220011,26.));
#9299=CARTESIAN_POINT('Ctrl Pts',(62.9438550476379,4.83091395922482,26.));
#9300=CARTESIAN_POINT('Ctrl Pts',(61.8293716385423,5.4149523361286,25.5));
#9301=CARTESIAN_POINT('Ctrl Pts',(61.9747312676799,5.28720498617669,25.5));
#9302=CARTESIAN_POINT('Ctrl Pts',(62.2977108828828,5.00335870660481,25.5));
#9303=CARTESIAN_POINT('Ctrl Pts',(62.7145937432956,4.89209985220011,25.5));
#9304=CARTESIAN_POINT('Ctrl Pts',(62.9438550476379,4.83091395922482,25.5));
#9305=CARTESIAN_POINT('Origin',(63.8572324896564,0.0820795049944145,25.5));
#9306=CARTESIAN_POINT('Origin',(63.5210711415414,21.6904694653109,26.));
#9307=CARTESIAN_POINT('',(63.5210711415414,21.6904694653109,26.));
#9308=CARTESIAN_POINT('',(60.4852595813079,21.7074178160721,26.));
#9309=CARTESIAN_POINT('',(43.3712917382439,21.8029617996712,26.));
#9310=CARTESIAN_POINT('',(63.5210711415414,21.6904694653109,25.5));
#9311=CARTESIAN_POINT('',(63.5210711415414,21.6904694653109,26.));
#9312=CARTESIAN_POINT('',(60.4852595813079,21.7074178160721,25.5));
#9313=CARTESIAN_POINT('',(63.5210711415414,21.6904694653109,25.5));
#9314=CARTESIAN_POINT('',(60.4852595813079,21.7074178160721,26.));
#9315=CARTESIAN_POINT('Origin',(63.5057356593879,18.9435571161715,26.));
#9316=CARTESIAN_POINT('',(63.5057356593879,18.9435571161715,26.));
#9317=CARTESIAN_POINT('',(63.4526472329914,9.43428622372537,26.));
#9318=CARTESIAN_POINT('',(63.5057356593879,18.9435571161715,25.5));
#9319=CARTESIAN_POINT('',(63.5057356593879,18.9435571161715,26.));
#9320=CARTESIAN_POINT('',(63.5057356593879,18.9435571161715,25.5));
#9321=CARTESIAN_POINT('Origin',(60.4699240991543,18.9605054669327,26.));
#9322=CARTESIAN_POINT('',(60.4699240991543,18.9605054669327,26.));
#9323=CARTESIAN_POINT('',(41.8380504759736,19.0645236259124,26.));
#9324=CARTESIAN_POINT('',(60.4699240991543,18.9605054669327,25.5));
#9325=CARTESIAN_POINT('',(60.4699240991543,18.9605054669327,26.));
#9326=CARTESIAN_POINT('',(60.4699240991543,18.9605054669327,25.5));
#9327=CARTESIAN_POINT('Origin',(60.4620977166274,17.5586332207952,26.));
#9328=CARTESIAN_POINT('',(60.4620977166274,17.5586332207952,26.));
#9329=CARTESIAN_POINT('',(60.4129224814944,8.75029845141785,26.));
#9330=CARTESIAN_POINT('',(60.4620977166274,17.5586332207952,25.5));
#9331=CARTESIAN_POINT('',(60.4620977166274,17.5586332207952,26.));
#9332=CARTESIAN_POINT('',(60.4620977166274,17.5586332207952,25.5));
#9333=CARTESIAN_POINT('Origin',(67.4051557737187,17.5198714659983,26.));
#9334=CARTESIAN_POINT('',(67.4051557737187,17.5198714659983,26.));
#9335=CARTESIAN_POINT('',(45.3017531219923,17.6432705023765,26.));
#9336=CARTESIAN_POINT('',(67.4051557737187,17.5198714659983,25.5));
#9337=CARTESIAN_POINT('',(67.4051557737187,17.5198714659983,26.));
#9338=CARTESIAN_POINT('',(67.4051557737187,17.5198714659983,25.5));
#9339=CARTESIAN_POINT('Origin',(67.4129821562456,18.9217437121358,26.));
#9340=CARTESIAN_POINT('',(67.4129821562456,18.9217437121358,26.));
#9341=CARTESIAN_POINT('',(67.3598937298492,9.41247281968974,26.));
#9342=CARTESIAN_POINT('',(67.4129821562456,18.9217437121358,25.5));
#9343=CARTESIAN_POINT('',(67.4129821562456,18.9217437121358,26.));
#9344=CARTESIAN_POINT('',(67.4129821562456,18.9217437121358,25.5));
#9345=CARTESIAN_POINT('Origin',(64.6802781409087,18.9369998719006,26.));
#9346=CARTESIAN_POINT('',(64.6802781409087,18.9369998719006,26.));
#9347=CARTESIAN_POINT('',(43.9432274968508,19.0527708283964,26.));
#9348=CARTESIAN_POINT('',(64.6802781409087,18.9369998719006,25.5));
#9349=CARTESIAN_POINT('',(64.6802781409087,18.9369998719006,26.));
#9350=CARTESIAN_POINT('',(64.6802781409087,18.9369998719006,25.5));
#9351=CARTESIAN_POINT('Origin',(64.6956136230622,21.68391222104,26.));
#9352=CARTESIAN_POINT('',(64.6956136230622,21.68391222104,26.));
#9353=CARTESIAN_POINT('',(64.634857455589,10.8011851540242,26.));
#9354=CARTESIAN_POINT('',(64.6956136230622,21.68391222104,25.5));
#9355=CARTESIAN_POINT('',(64.6956136230622,21.68391222104,26.));
#9356=CARTESIAN_POINT('',(64.6956136230622,21.68391222104,25.5));
#9357=CARTESIAN_POINT('Origin',(67.4283176383992,21.6686560612753,26.));
#9358=CARTESIAN_POINT('',(67.4283176383992,21.6686560612753,26.));
#9359=CARTESIAN_POINT('',(45.3249149866728,21.7920550976534,26.));
#9360=CARTESIAN_POINT('',(67.4283176383992,21.6686560612753,25.5));
#9361=CARTESIAN_POINT('',(67.4283176383992,21.6686560612753,26.));
#9362=CARTESIAN_POINT('',(67.4283176383992,21.6686560612753,25.5));
#9363=CARTESIAN_POINT('Origin',(67.4361440209261,23.0705283074128,26.));
#9364=CARTESIAN_POINT('',(67.4361440209261,23.0705283074128,26.));
#9365=CARTESIAN_POINT('',(67.3714746621894,11.4868651173282,26.));
#9366=CARTESIAN_POINT('',(67.4361440209261,23.0705283074128,25.5));
#9367=CARTESIAN_POINT('',(67.4361440209261,23.0705283074128,26.));
#9368=CARTESIAN_POINT('',(67.4361440209261,23.0705283074128,25.5));
#9369=CARTESIAN_POINT('Origin',(60.4930859638348,23.1092900622096,26.));
#9370=CARTESIAN_POINT('',(60.4930859638348,23.1092900622096,26.));
#9371=CARTESIAN_POINT('',(41.8612123406541,23.2133082211894,26.));
#9372=CARTESIAN_POINT('',(60.4930859638348,23.1092900622096,25.5));
#9373=CARTESIAN_POINT('',(60.4930859638348,23.1092900622096,26.));
#9374=CARTESIAN_POINT('',(60.4930859638348,23.1092900622096,25.5));
#9375=CARTESIAN_POINT('Origin',(60.4852595813079,21.7074178160721,26.));
#9376=CARTESIAN_POINT('',(60.4245034138346,10.8246907490563,26.));
#9377=CARTESIAN_POINT('',(60.4852595813079,21.7074178160721,25.5));
#9378=CARTESIAN_POINT('Origin',(63.8572324896564,0.0820795049944145,25.5));
#9379=CARTESIAN_POINT('Origin',(23.1,0.149999999999997,26.));
#9380=CARTESIAN_POINT('Origin',(23.1,0.149999999999997,26.));
#9381=CARTESIAN_POINT('Origin',(23.1,0.149999999999997,26.));
#9382=CARTESIAN_POINT('Origin',(23.1,0.149999999999997,26.));
#9383=CARTESIAN_POINT('Origin',(69.2,-18.9,25.));
#9384=CARTESIAN_POINT('',(69.2,-46.95,26.));
#9385=CARTESIAN_POINT('',(70.2,-46.95,25.));
#9386=CARTESIAN_POINT('Origin',(69.2,-46.95,25.));
#9387=CARTESIAN_POINT('',(70.2,47.25,25.));
#9388=CARTESIAN_POINT('',(70.2,-18.9,25.));
#9389=CARTESIAN_POINT('',(69.2,47.25,26.));
#9390=CARTESIAN_POINT('Origin',(69.2,47.25,25.));
#9391=CARTESIAN_POINT('',(69.2,-18.9,26.));
#9392=CARTESIAN_POINT('Origin',(4.05,-46.95,25.));
#9393=CARTESIAN_POINT('',(69.2,-47.95,25.));
#9394=CARTESIAN_POINT('Origin',(69.2,-46.95,25.));
#9395=CARTESIAN_POINT('',(-69.5,-46.95,26.));
#9396=CARTESIAN_POINT('',(4.05,-46.95,26.));
#9397=CARTESIAN_POINT('',(-69.5,-47.95,25.));
#9398=CARTESIAN_POINT('Origin',(-69.5,-46.95,25.));
#9399=CARTESIAN_POINT('',(4.05,-47.95,25.));
#9400=CARTESIAN_POINT('Origin',(-69.5,19.2,25.));
#9401=CARTESIAN_POINT('',(-70.5,-46.95,25.));
#9402=CARTESIAN_POINT('Origin',(-69.5,-46.95,25.));
#9403=CARTESIAN_POINT('',(-69.5,47.25,26.));
#9404=CARTESIAN_POINT('',(-69.5,19.2,26.));
#9405=CARTESIAN_POINT('',(-70.5,47.25,25.));
#9406=CARTESIAN_POINT('Origin',(-69.5,47.25,25.));
#9407=CARTESIAN_POINT('',(-70.5,19.2,25.));
#9408=CARTESIAN_POINT('Origin',(42.15,47.25,25.));
#9409=CARTESIAN_POINT('',(69.2,48.25,25.));
#9410=CARTESIAN_POINT('Origin',(69.2,47.25,25.));
#9411=CARTESIAN_POINT('',(-69.5,48.25,25.));
#9412=CARTESIAN_POINT('',(42.15,48.25,25.));
#9413=CARTESIAN_POINT('Origin',(-69.5,47.25,25.));
#9414=CARTESIAN_POINT('',(42.15,47.25,26.));
#9415=CARTESIAN_POINT('Origin',(-69.5,47.25,25.));
#9416=CARTESIAN_POINT('Origin',(-69.5,47.25,25.));
#9417=CARTESIAN_POINT('Origin',(-69.5,-46.95,25.));
#9418=CARTESIAN_POINT('Origin',(-69.5,-46.95,25.));
#9419=CARTESIAN_POINT('Origin',(69.2,-46.95,25.));
#9420=CARTESIAN_POINT('Origin',(69.2,-46.95,25.));
#9421=CARTESIAN_POINT('Origin',(69.2,47.25,25.));
#9422=CARTESIAN_POINT('Origin',(69.2,47.25,25.));
#9423=CARTESIAN_POINT('Origin',(-69.5,-46.95,23.));
#9424=CARTESIAN_POINT('',(-70.5,-46.95,23.));
#9425=CARTESIAN_POINT('',(-70.5,-46.95,23.));
#9426=CARTESIAN_POINT('',(-69.5,-47.95,23.));
#9427=CARTESIAN_POINT('Origin',(-69.5,-46.95,23.));
#9428=CARTESIAN_POINT('',(-69.5,-47.95,23.));
#9429=CARTESIAN_POINT('Origin',(-70.5,38.25,23.));
#9430=CARTESIAN_POINT('',(-70.5,47.25,23.));
#9431=CARTESIAN_POINT('',(-70.5,47.25,23.));
#9432=CARTESIAN_POINT('',(-70.5,38.25,23.));
#9433=CARTESIAN_POINT('Origin',(-69.5,47.25,23.));
#9434=CARTESIAN_POINT('',(-69.5,48.25,23.));
#9435=CARTESIAN_POINT('',(-69.5,48.25,23.));
#9436=CARTESIAN_POINT('Origin',(-69.5,47.25,23.));
#9437=CARTESIAN_POINT('Origin',(61.2,48.25,23.));
#9438=CARTESIAN_POINT('',(69.2,48.25,23.));
#9439=CARTESIAN_POINT('',(69.2,48.25,23.));
#9440=CARTESIAN_POINT('',(-7.5,48.25,23.));
#9441=CARTESIAN_POINT('Origin',(23.1,0.149999999999997,26.));
#9442=CARTESIAN_POINT('',(-63.5500009685755,-43.0000006407499,26.));
#9443=CARTESIAN_POINT('Origin',(-65.0000009685755,-43.0000006407499,26.));
#9444=CARTESIAN_POINT('',(66.4500009685755,43.0000006407499,26.));
#9445=CARTESIAN_POINT('Origin',(65.0000009685755,43.0000006407499,26.));
#9446=CARTESIAN_POINT('',(-12.475,35.225,26.));
#9447=CARTESIAN_POINT('',(-11.975,35.725,26.));
#9448=CARTESIAN_POINT('Origin',(-11.975,35.225,26.));
#9449=CARTESIAN_POINT('',(1.025,35.725,26.));
#9450=CARTESIAN_POINT('',(-11.975,35.725,26.));
#9451=CARTESIAN_POINT('',(1.525,35.225,26.));
#9452=CARTESIAN_POINT('Origin',(1.025,35.225,26.));
#9453=CARTESIAN_POINT('',(1.525,22.225,26.));
#9454=CARTESIAN_POINT('',(1.525,35.225,26.));
#9455=CARTESIAN_POINT('',(1.025,21.725,26.));
#9456=CARTESIAN_POINT('Origin',(1.025,22.225,26.));
#9457=CARTESIAN_POINT('',(-11.975,21.725,26.));
#9458=CARTESIAN_POINT('',(-11.975,21.725,26.));
#9459=CARTESIAN_POINT('',(-12.475,22.225,26.));
#9460=CARTESIAN_POINT('Origin',(-11.975,22.225,26.));
#9461=CARTESIAN_POINT('',(-12.475,35.225,26.));
#9462=CARTESIAN_POINT('',(44.675,16.175,26.));
#9463=CARTESIAN_POINT('',(45.175,16.675,26.));
#9464=CARTESIAN_POINT('Origin',(45.175,16.175,26.));
#9465=CARTESIAN_POINT('',(58.175,16.675,26.));
#9466=CARTESIAN_POINT('',(45.175,16.675,26.));
#9467=CARTESIAN_POINT('',(58.675,16.175,26.));
#9468=CARTESIAN_POINT('Origin',(58.175,16.175,26.));
#9469=CARTESIAN_POINT('',(58.675,3.175,26.));
#9470=CARTESIAN_POINT('',(58.675,16.175,26.));
#9471=CARTESIAN_POINT('',(58.175,2.675,26.));
#9472=CARTESIAN_POINT('Origin',(58.175,3.175,26.));
#9473=CARTESIAN_POINT('',(45.175,2.675,26.));
#9474=CARTESIAN_POINT('',(45.175,2.675,26.));
#9475=CARTESIAN_POINT('',(44.675,3.175,26.));
#9476=CARTESIAN_POINT('Origin',(45.175,3.175,26.));
#9477=CARTESIAN_POINT('',(44.675,16.175,26.));
#9478=CARTESIAN_POINT('',(25.625,-21.925,26.));
#9479=CARTESIAN_POINT('',(26.125,-21.425,26.));
#9480=CARTESIAN_POINT('Origin',(26.125,-21.925,26.));
#9481=CARTESIAN_POINT('',(39.125,-21.425,26.));
#9482=CARTESIAN_POINT('',(26.125,-21.425,26.));
#9483=CARTESIAN_POINT('',(39.625,-21.925,26.));
#9484=CARTESIAN_POINT('Origin',(39.125,-21.925,26.));
#9485=CARTESIAN_POINT('',(39.625,-34.925,26.));
#9486=CARTESIAN_POINT('',(39.625,-21.925,26.));
#9487=CARTESIAN_POINT('',(39.125,-35.425,26.));
#9488=CARTESIAN_POINT('Origin',(39.125,-34.925,26.));
#9489=CARTESIAN_POINT('',(26.125,-35.425,26.));
#9490=CARTESIAN_POINT('',(26.125,-35.425,26.));
#9491=CARTESIAN_POINT('',(25.625,-34.925,26.));
#9492=CARTESIAN_POINT('Origin',(26.125,-34.925,26.));
#9493=CARTESIAN_POINT('',(25.625,-21.925,26.));
#9494=CARTESIAN_POINT('',(44.675,-2.875,26.));
#9495=CARTESIAN_POINT('',(45.175,-2.375,26.));
#9496=CARTESIAN_POINT('Origin',(45.175,-2.875,26.));
#9497=CARTESIAN_POINT('',(58.175,-2.375,26.));
#9498=CARTESIAN_POINT('',(45.175,-2.375,26.));
#9499=CARTESIAN_POINT('',(58.675,-2.875,26.));
#9500=CARTESIAN_POINT('Origin',(58.175,-2.875,26.));
#9501=CARTESIAN_POINT('',(58.675,-15.875,26.));
#9502=CARTESIAN_POINT('',(58.675,-2.875,26.));
#9503=CARTESIAN_POINT('',(58.175,-16.375,26.));
#9504=CARTESIAN_POINT('Origin',(58.175,-15.875,26.));
#9505=CARTESIAN_POINT('',(45.175,-16.375,26.));
#9506=CARTESIAN_POINT('',(45.175,-16.375,26.));
#9507=CARTESIAN_POINT('',(44.675,-15.875,26.));
#9508=CARTESIAN_POINT('Origin',(45.175,-15.875,26.));
#9509=CARTESIAN_POINT('',(44.675,-2.875,26.));
#9510=CARTESIAN_POINT('',(-12.475,-2.875,26.));
#9511=CARTESIAN_POINT('',(-11.975,-2.375,26.));
#9512=CARTESIAN_POINT('Origin',(-11.975,-2.875,26.));
#9513=CARTESIAN_POINT('',(1.025,-2.375,26.));
#9514=CARTESIAN_POINT('',(-11.975,-2.375,26.));
#9515=CARTESIAN_POINT('',(1.525,-2.875,26.));
#9516=CARTESIAN_POINT('Origin',(1.025,-2.875,26.));
#9517=CARTESIAN_POINT('',(1.525,-15.875,26.));
#9518=CARTESIAN_POINT('',(1.525,-2.875,26.));
#9519=CARTESIAN_POINT('',(1.025,-16.375,26.));
#9520=CARTESIAN_POINT('Origin',(1.025,-15.875,26.));
#9521=CARTESIAN_POINT('',(-11.975,-16.375,26.));
#9522=CARTESIAN_POINT('',(-11.975,-16.375,26.));
#9523=CARTESIAN_POINT('',(-12.475,-15.875,26.));
#9524=CARTESIAN_POINT('Origin',(-11.975,-15.875,26.));
#9525=CARTESIAN_POINT('',(-12.475,-2.875,26.));
#9526=CARTESIAN_POINT('',(-12.475,16.175,26.));
#9527=CARTESIAN_POINT('',(-11.975,16.675,26.));
#9528=CARTESIAN_POINT('Origin',(-11.975,16.175,26.));
#9529=CARTESIAN_POINT('',(1.025,16.675,26.));
#9530=CARTESIAN_POINT('',(-11.975,16.675,26.));
#9531=CARTESIAN_POINT('',(1.525,16.175,26.));
#9532=CARTESIAN_POINT('Origin',(1.025,16.175,26.));
#9533=CARTESIAN_POINT('',(1.525,3.175,26.));
#9534=CARTESIAN_POINT('',(1.525,16.175,26.));
#9535=CARTESIAN_POINT('',(1.025,2.675,26.));
#9536=CARTESIAN_POINT('Origin',(1.025,3.175,26.));
#9537=CARTESIAN_POINT('',(-11.975,2.675,26.));
#9538=CARTESIAN_POINT('',(-11.975,2.675,26.));
#9539=CARTESIAN_POINT('',(-12.475,3.175,26.));
#9540=CARTESIAN_POINT('Origin',(-11.975,3.175,26.));
#9541=CARTESIAN_POINT('',(-12.475,16.175,26.));
#9542=CARTESIAN_POINT('',(44.675,35.225,26.));
#9543=CARTESIAN_POINT('',(45.175,35.725,26.));
#9544=CARTESIAN_POINT('Origin',(45.175,35.225,26.));
#9545=CARTESIAN_POINT('',(58.175,35.725,26.));
#9546=CARTESIAN_POINT('',(45.175,35.725,26.));
#9547=CARTESIAN_POINT('',(58.675,35.225,26.));
#9548=CARTESIAN_POINT('Origin',(58.175,35.225,26.));
#9549=CARTESIAN_POINT('',(58.675,22.225,26.));
#9550=CARTESIAN_POINT('',(58.675,35.225,26.));
#9551=CARTESIAN_POINT('',(58.175,21.725,26.));
#9552=CARTESIAN_POINT('Origin',(58.175,22.225,26.));
#9553=CARTESIAN_POINT('',(45.175,21.725,26.));
#9554=CARTESIAN_POINT('',(45.175,21.725,26.));
#9555=CARTESIAN_POINT('',(44.675,22.225,26.));
#9556=CARTESIAN_POINT('Origin',(45.175,22.225,26.));
#9557=CARTESIAN_POINT('',(44.675,35.225,26.));
#9558=CARTESIAN_POINT('',(-12.475,-21.925,26.));
#9559=CARTESIAN_POINT('',(-11.975,-21.425,26.));
#9560=CARTESIAN_POINT('Origin',(-11.975,-21.925,26.));
#9561=CARTESIAN_POINT('',(1.025,-21.425,26.));
#9562=CARTESIAN_POINT('',(-11.975,-21.425,26.));
#9563=CARTESIAN_POINT('',(1.525,-21.925,26.));
#9564=CARTESIAN_POINT('Origin',(1.025,-21.925,26.));
#9565=CARTESIAN_POINT('',(1.525,-34.925,26.));
#9566=CARTESIAN_POINT('',(1.525,-21.925,26.));
#9567=CARTESIAN_POINT('',(1.025,-35.425,26.));
#9568=CARTESIAN_POINT('Origin',(1.025,-34.925,26.));
#9569=CARTESIAN_POINT('',(-11.975,-35.425,26.));
#9570=CARTESIAN_POINT('',(-11.975,-35.425,26.));
#9571=CARTESIAN_POINT('',(-12.475,-34.925,26.));
#9572=CARTESIAN_POINT('Origin',(-11.975,-34.925,26.));
#9573=CARTESIAN_POINT('',(-12.475,-21.925,26.));
#9574=CARTESIAN_POINT('',(44.675,-21.925,26.));
#9575=CARTESIAN_POINT('',(45.175,-21.425,26.));
#9576=CARTESIAN_POINT('Origin',(45.175,-21.925,26.));
#9577=CARTESIAN_POINT('',(58.175,-21.425,26.));
#9578=CARTESIAN_POINT('',(45.175,-21.425,26.));
#9579=CARTESIAN_POINT('',(58.675,-21.925,26.));
#9580=CARTESIAN_POINT('Origin',(58.175,-21.925,26.));
#9581=CARTESIAN_POINT('',(58.675,-34.925,26.));
#9582=CARTESIAN_POINT('',(58.675,-21.925,26.));
#9583=CARTESIAN_POINT('',(58.175,-35.425,26.));
#9584=CARTESIAN_POINT('Origin',(58.175,-34.925,26.));
#9585=CARTESIAN_POINT('',(45.175,-35.425,26.));
#9586=CARTESIAN_POINT('',(45.175,-35.425,26.));
#9587=CARTESIAN_POINT('',(44.675,-34.925,26.));
#9588=CARTESIAN_POINT('Origin',(45.175,-34.925,26.));
#9589=CARTESIAN_POINT('',(44.675,-21.925,26.));
#9590=CARTESIAN_POINT('',(6.575,16.175,26.));
#9591=CARTESIAN_POINT('',(7.075,16.675,26.));
#9592=CARTESIAN_POINT('Origin',(7.075,16.175,26.));
#9593=CARTESIAN_POINT('',(20.075,16.675,26.));
#9594=CARTESIAN_POINT('',(7.075,16.675,26.));
#9595=CARTESIAN_POINT('',(20.575,16.175,26.));
#9596=CARTESIAN_POINT('Origin',(20.075,16.175,26.));
#9597=CARTESIAN_POINT('',(20.575,3.175,26.));
#9598=CARTESIAN_POINT('',(20.575,16.175,26.));
#9599=CARTESIAN_POINT('',(20.075,2.675,26.));
#9600=CARTESIAN_POINT('Origin',(20.075,3.175,26.));
#9601=CARTESIAN_POINT('',(7.075,2.675,26.));
#9602=CARTESIAN_POINT('',(7.075,2.675,26.));
#9603=CARTESIAN_POINT('',(6.575,3.175,26.));
#9604=CARTESIAN_POINT('Origin',(7.075,3.175,26.));
#9605=CARTESIAN_POINT('',(6.575,16.175,26.));
#9606=CARTESIAN_POINT('',(6.575,35.225,26.));
#9607=CARTESIAN_POINT('',(7.075,35.725,26.));
#9608=CARTESIAN_POINT('Origin',(7.075,35.225,26.));
#9609=CARTESIAN_POINT('',(20.075,35.725,26.));
#9610=CARTESIAN_POINT('',(7.075,35.725,26.));
#9611=CARTESIAN_POINT('',(20.575,35.225,26.));
#9612=CARTESIAN_POINT('Origin',(20.075,35.225,26.));
#9613=CARTESIAN_POINT('',(20.575,22.225,26.));
#9614=CARTESIAN_POINT('',(20.575,35.225,26.));
#9615=CARTESIAN_POINT('',(20.075,21.725,26.));
#9616=CARTESIAN_POINT('Origin',(20.075,22.225,26.));
#9617=CARTESIAN_POINT('',(7.075,21.725,26.));
#9618=CARTESIAN_POINT('',(7.075,21.725,26.));
#9619=CARTESIAN_POINT('',(6.575,22.225,26.));
#9620=CARTESIAN_POINT('Origin',(7.075,22.225,26.));
#9621=CARTESIAN_POINT('',(6.575,35.225,26.));
#9622=CARTESIAN_POINT('',(25.625,-2.875,26.));
#9623=CARTESIAN_POINT('',(26.125,-2.375,26.));
#9624=CARTESIAN_POINT('Origin',(26.125,-2.875,26.));
#9625=CARTESIAN_POINT('',(39.125,-2.375,26.));
#9626=CARTESIAN_POINT('',(26.125,-2.375,26.));
#9627=CARTESIAN_POINT('',(39.625,-2.875,26.));
#9628=CARTESIAN_POINT('Origin',(39.125,-2.875,26.));
#9629=CARTESIAN_POINT('',(39.625,-15.875,26.));
#9630=CARTESIAN_POINT('',(39.625,-2.875,26.));
#9631=CARTESIAN_POINT('',(39.125,-16.375,26.));
#9632=CARTESIAN_POINT('Origin',(39.125,-15.875,26.));
#9633=CARTESIAN_POINT('',(26.125,-16.375,26.));
#9634=CARTESIAN_POINT('',(26.125,-16.375,26.));
#9635=CARTESIAN_POINT('',(25.625,-15.875,26.));
#9636=CARTESIAN_POINT('Origin',(26.125,-15.875,26.));
#9637=CARTESIAN_POINT('',(25.625,-2.875,26.));
#9638=CARTESIAN_POINT('',(25.625,16.175,26.));
#9639=CARTESIAN_POINT('',(26.125,16.675,26.));
#9640=CARTESIAN_POINT('Origin',(26.125,16.175,26.));
#9641=CARTESIAN_POINT('',(39.125,16.675,26.));
#9642=CARTESIAN_POINT('',(26.125,16.675,26.));
#9643=CARTESIAN_POINT('',(39.625,16.175,26.));
#9644=CARTESIAN_POINT('Origin',(39.125,16.175,26.));
#9645=CARTESIAN_POINT('',(39.625,3.175,26.));
#9646=CARTESIAN_POINT('',(39.625,16.175,26.));
#9647=CARTESIAN_POINT('',(39.125,2.675,26.));
#9648=CARTESIAN_POINT('Origin',(39.125,3.175,26.));
#9649=CARTESIAN_POINT('',(26.125,2.675,26.));
#9650=CARTESIAN_POINT('',(26.125,2.675,26.));
#9651=CARTESIAN_POINT('',(25.625,3.175,26.));
#9652=CARTESIAN_POINT('Origin',(26.125,3.175,26.));
#9653=CARTESIAN_POINT('',(25.625,16.175,26.));
#9654=CARTESIAN_POINT('',(6.575,-21.925,26.));
#9655=CARTESIAN_POINT('',(7.075,-21.425,26.));
#9656=CARTESIAN_POINT('Origin',(7.075,-21.925,26.));
#9657=CARTESIAN_POINT('',(20.075,-21.425,26.));
#9658=CARTESIAN_POINT('',(7.075,-21.425,26.));
#9659=CARTESIAN_POINT('',(20.575,-21.925,26.));
#9660=CARTESIAN_POINT('Origin',(20.075,-21.925,26.));
#9661=CARTESIAN_POINT('',(20.575,-34.925,26.));
#9662=CARTESIAN_POINT('',(20.575,-21.925,26.));
#9663=CARTESIAN_POINT('',(20.075,-35.425,26.));
#9664=CARTESIAN_POINT('Origin',(20.075,-34.925,26.));
#9665=CARTESIAN_POINT('',(7.075,-35.425,26.));
#9666=CARTESIAN_POINT('',(7.075,-35.425,26.));
#9667=CARTESIAN_POINT('',(6.575,-34.925,26.));
#9668=CARTESIAN_POINT('Origin',(7.075,-34.925,26.));
#9669=CARTESIAN_POINT('',(6.575,-21.925,26.));
#9670=CARTESIAN_POINT('',(6.575,-2.875,26.));
#9671=CARTESIAN_POINT('',(7.075,-2.375,26.));
#9672=CARTESIAN_POINT('Origin',(7.075,-2.875,26.));
#9673=CARTESIAN_POINT('',(20.075,-2.37499999999999,26.));
#9674=CARTESIAN_POINT('',(7.075,-2.375,26.));
#9675=CARTESIAN_POINT('',(20.575,-2.875,26.));
#9676=CARTESIAN_POINT('Origin',(20.075,-2.875,26.));
#9677=CARTESIAN_POINT('',(20.575,-15.875,26.));
#9678=CARTESIAN_POINT('',(20.575,-2.875,26.));
#9679=CARTESIAN_POINT('',(20.075,-16.375,26.));
#9680=CARTESIAN_POINT('Origin',(20.075,-15.875,26.));
#9681=CARTESIAN_POINT('',(7.075,-16.375,26.));
#9682=CARTESIAN_POINT('',(7.075,-16.375,26.));
#9683=CARTESIAN_POINT('',(6.575,-15.875,26.));
#9684=CARTESIAN_POINT('Origin',(7.075,-15.875,26.));
#9685=CARTESIAN_POINT('',(6.575,-2.875,26.));
#9686=CARTESIAN_POINT('',(25.625,35.225,26.));
#9687=CARTESIAN_POINT('',(26.125,35.725,26.));
#9688=CARTESIAN_POINT('Origin',(26.125,35.225,26.));
#9689=CARTESIAN_POINT('',(39.125,35.725,26.));
#9690=CARTESIAN_POINT('',(26.125,35.725,26.));
#9691=CARTESIAN_POINT('',(39.625,35.225,26.));
#9692=CARTESIAN_POINT('Origin',(39.125,35.225,26.));
#9693=CARTESIAN_POINT('',(39.625,22.225,26.));
#9694=CARTESIAN_POINT('',(39.625,35.225,26.));
#9695=CARTESIAN_POINT('',(39.125,21.725,26.));
#9696=CARTESIAN_POINT('Origin',(39.125,22.225,26.));
#9697=CARTESIAN_POINT('',(26.125,21.725,26.));
#9698=CARTESIAN_POINT('',(26.125,21.725,26.));
#9699=CARTESIAN_POINT('',(25.625,22.225,26.));
#9700=CARTESIAN_POINT('Origin',(26.125,22.225,26.));
#9701=CARTESIAN_POINT('',(25.625,35.225,26.));
#9702=CARTESIAN_POINT('',(66.4500009685755,-43.0000006407499,26.));
#9703=CARTESIAN_POINT('Origin',(65.0000009685755,-43.0000006407499,26.));
#9704=CARTESIAN_POINT('',(-63.5500009685755,43.0000006407499,26.));
#9705=CARTESIAN_POINT('Origin',(-65.0000009685755,43.0000006407499,26.));
#9706=CARTESIAN_POINT('Origin',(-0.0249999999999995,0.,23.));
#9707=CARTESIAN_POINT('',(70.2,47.25,23.));
#9708=CARTESIAN_POINT('Origin',(69.2,47.25,23.));
#9709=CARTESIAN_POINT('',(70.2,-46.95,23.));
#9710=CARTESIAN_POINT('',(70.2,19.125,23.));
#9711=CARTESIAN_POINT('',(69.2,-47.95,23.));
#9712=CARTESIAN_POINT('Origin',(69.2,-46.95,23.));
#9713=CARTESIAN_POINT('',(-15.,-47.95,23.));
#9714=CARTESIAN_POINT('',(-60.0000008940697,13.0000001937151,23.));
#9715=CARTESIAN_POINT('',(-60.0000008940697,-13.0000001937151,23.));
#9716=CARTESIAN_POINT('',(-60.0000008940697,-6.42500009685755,23.));
#9717=CARTESIAN_POINT('',(-48.0000007152557,-13.0000001937151,23.));
#9718=CARTESIAN_POINT('',(-12.4500003576279,-13.0000001937151,23.));
#9719=CARTESIAN_POINT('',(-48.0000007152557,13.0000001937151,23.));
#9720=CARTESIAN_POINT('',(-48.0000007152557,6.57500009685755,23.));
#9721=CARTESIAN_POINT('',(-18.4500004470348,13.0000001937151,23.));
#9722=CARTESIAN_POINT('',(-12.475,35.225,23.));
#9723=CARTESIAN_POINT('',(-11.975,35.725,23.));
#9724=CARTESIAN_POINT('Origin',(-11.975,35.225,23.));
#9725=CARTESIAN_POINT('',(-12.475,22.225,23.));
#9726=CARTESIAN_POINT('',(-12.475,35.225,23.));
#9727=CARTESIAN_POINT('',(-11.975,21.725,23.));
#9728=CARTESIAN_POINT('Origin',(-11.975,22.225,23.));
#9729=CARTESIAN_POINT('',(1.025,21.725,23.));
#9730=CARTESIAN_POINT('',(-11.975,21.725,23.));
#9731=CARTESIAN_POINT('',(1.525,22.225,23.));
#9732=CARTESIAN_POINT('Origin',(1.025,22.225,23.));
#9733=CARTESIAN_POINT('',(1.525,35.225,23.));
#9734=CARTESIAN_POINT('',(1.525,35.225,23.));
#9735=CARTESIAN_POINT('',(1.025,35.725,23.));
#9736=CARTESIAN_POINT('Origin',(1.025,35.225,23.));
#9737=CARTESIAN_POINT('',(-11.975,35.725,23.));
#9738=CARTESIAN_POINT('',(44.675,16.175,23.));
#9739=CARTESIAN_POINT('',(45.175,16.675,23.));
#9740=CARTESIAN_POINT('Origin',(45.175,16.175,23.));
#9741=CARTESIAN_POINT('',(44.675,3.175,23.));
#9742=CARTESIAN_POINT('',(44.675,16.175,23.));
#9743=CARTESIAN_POINT('',(45.175,2.675,23.));
#9744=CARTESIAN_POINT('Origin',(45.175,3.175,23.));
#9745=CARTESIAN_POINT('',(58.175,2.675,23.));
#9746=CARTESIAN_POINT('',(45.175,2.675,23.));
#9747=CARTESIAN_POINT('',(58.675,3.175,23.));
#9748=CARTESIAN_POINT('Origin',(58.175,3.175,23.));
#9749=CARTESIAN_POINT('',(58.675,16.175,23.));
#9750=CARTESIAN_POINT('',(58.675,16.175,23.));
#9751=CARTESIAN_POINT('',(58.175,16.675,23.));
#9752=CARTESIAN_POINT('Origin',(58.175,16.175,23.));
#9753=CARTESIAN_POINT('',(45.175,16.675,23.));
#9754=CARTESIAN_POINT('',(25.625,-21.925,23.));
#9755=CARTESIAN_POINT('',(26.125,-21.425,23.));
#9756=CARTESIAN_POINT('Origin',(26.125,-21.925,23.));
#9757=CARTESIAN_POINT('',(25.625,-34.925,23.));
#9758=CARTESIAN_POINT('',(25.625,-21.925,23.));
#9759=CARTESIAN_POINT('',(26.125,-35.425,23.));
#9760=CARTESIAN_POINT('Origin',(26.125,-34.925,23.));
#9761=CARTESIAN_POINT('',(39.125,-35.425,23.));
#9762=CARTESIAN_POINT('',(26.125,-35.425,23.));
#9763=CARTESIAN_POINT('',(39.625,-34.925,23.));
#9764=CARTESIAN_POINT('Origin',(39.125,-34.925,23.));
#9765=CARTESIAN_POINT('',(39.625,-21.925,23.));
#9766=CARTESIAN_POINT('',(39.625,-21.925,23.));
#9767=CARTESIAN_POINT('',(39.125,-21.425,23.));
#9768=CARTESIAN_POINT('Origin',(39.125,-21.925,23.));
#9769=CARTESIAN_POINT('',(26.125,-21.425,23.));
#9770=CARTESIAN_POINT('',(44.675,-2.875,23.));
#9771=CARTESIAN_POINT('',(45.175,-2.375,23.));
#9772=CARTESIAN_POINT('Origin',(45.175,-2.875,23.));
#9773=CARTESIAN_POINT('',(44.675,-15.875,23.));
#9774=CARTESIAN_POINT('',(44.675,-2.875,23.));
#9775=CARTESIAN_POINT('',(45.175,-16.375,23.));
#9776=CARTESIAN_POINT('Origin',(45.175,-15.875,23.));
#9777=CARTESIAN_POINT('',(58.175,-16.375,23.));
#9778=CARTESIAN_POINT('',(45.175,-16.375,23.));
#9779=CARTESIAN_POINT('',(58.675,-15.875,23.));
#9780=CARTESIAN_POINT('Origin',(58.175,-15.875,23.));
#9781=CARTESIAN_POINT('',(58.675,-2.875,23.));
#9782=CARTESIAN_POINT('',(58.675,-2.875,23.));
#9783=CARTESIAN_POINT('',(58.175,-2.375,23.));
#9784=CARTESIAN_POINT('Origin',(58.175,-2.875,23.));
#9785=CARTESIAN_POINT('',(45.175,-2.375,23.));
#9786=CARTESIAN_POINT('',(-12.475,-2.875,23.));
#9787=CARTESIAN_POINT('',(-11.975,-2.375,23.));
#9788=CARTESIAN_POINT('Origin',(-11.975,-2.875,23.));
#9789=CARTESIAN_POINT('',(-12.475,-15.875,23.));
#9790=CARTESIAN_POINT('',(-12.475,-2.875,23.));
#9791=CARTESIAN_POINT('',(-11.975,-16.375,23.));
#9792=CARTESIAN_POINT('Origin',(-11.975,-15.875,23.));
#9793=CARTESIAN_POINT('',(1.025,-16.375,23.));
#9794=CARTESIAN_POINT('',(-11.975,-16.375,23.));
#9795=CARTESIAN_POINT('',(1.525,-15.875,23.));
#9796=CARTESIAN_POINT('Origin',(1.025,-15.875,23.));
#9797=CARTESIAN_POINT('',(1.525,-2.875,23.));
#9798=CARTESIAN_POINT('',(1.525,-2.875,23.));
#9799=CARTESIAN_POINT('',(1.025,-2.375,23.));
#9800=CARTESIAN_POINT('Origin',(1.025,-2.875,23.));
#9801=CARTESIAN_POINT('',(-11.975,-2.375,23.));
#9802=CARTESIAN_POINT('',(-12.475,16.175,23.));
#9803=CARTESIAN_POINT('',(-11.975,16.675,23.));
#9804=CARTESIAN_POINT('Origin',(-11.975,16.175,23.));
#9805=CARTESIAN_POINT('',(-12.475,3.175,23.));
#9806=CARTESIAN_POINT('',(-12.475,16.175,23.));
#9807=CARTESIAN_POINT('',(-11.975,2.675,23.));
#9808=CARTESIAN_POINT('Origin',(-11.975,3.175,23.));
#9809=CARTESIAN_POINT('',(1.025,2.675,23.));
#9810=CARTESIAN_POINT('',(-11.975,2.675,23.));
#9811=CARTESIAN_POINT('',(1.525,3.175,23.));
#9812=CARTESIAN_POINT('Origin',(1.025,3.175,23.));
#9813=CARTESIAN_POINT('',(1.525,16.175,23.));
#9814=CARTESIAN_POINT('',(1.525,16.175,23.));
#9815=CARTESIAN_POINT('',(1.025,16.675,23.));
#9816=CARTESIAN_POINT('Origin',(1.025,16.175,23.));
#9817=CARTESIAN_POINT('',(-11.975,16.675,23.));
#9818=CARTESIAN_POINT('',(44.675,35.225,23.));
#9819=CARTESIAN_POINT('',(45.175,35.725,23.));
#9820=CARTESIAN_POINT('Origin',(45.175,35.225,23.));
#9821=CARTESIAN_POINT('',(44.675,22.225,23.));
#9822=CARTESIAN_POINT('',(44.675,35.225,23.));
#9823=CARTESIAN_POINT('',(45.175,21.725,23.));
#9824=CARTESIAN_POINT('Origin',(45.175,22.225,23.));
#9825=CARTESIAN_POINT('',(58.175,21.725,23.));
#9826=CARTESIAN_POINT('',(45.175,21.725,23.));
#9827=CARTESIAN_POINT('',(58.675,22.225,23.));
#9828=CARTESIAN_POINT('Origin',(58.175,22.225,23.));
#9829=CARTESIAN_POINT('',(58.675,35.225,23.));
#9830=CARTESIAN_POINT('',(58.675,35.225,23.));
#9831=CARTESIAN_POINT('',(58.175,35.725,23.));
#9832=CARTESIAN_POINT('Origin',(58.175,35.225,23.));
#9833=CARTESIAN_POINT('',(45.175,35.725,23.));
#9834=CARTESIAN_POINT('',(-12.475,-21.925,23.));
#9835=CARTESIAN_POINT('',(-11.975,-21.425,23.));
#9836=CARTESIAN_POINT('Origin',(-11.975,-21.925,23.));
#9837=CARTESIAN_POINT('',(-12.475,-34.925,23.));
#9838=CARTESIAN_POINT('',(-12.475,-21.925,23.));
#9839=CARTESIAN_POINT('',(-11.975,-35.425,23.));
#9840=CARTESIAN_POINT('Origin',(-11.975,-34.925,23.));
#9841=CARTESIAN_POINT('',(1.025,-35.425,23.));
#9842=CARTESIAN_POINT('',(-11.975,-35.425,23.));
#9843=CARTESIAN_POINT('',(1.525,-34.925,23.));
#9844=CARTESIAN_POINT('Origin',(1.025,-34.925,23.));
#9845=CARTESIAN_POINT('',(1.525,-21.925,23.));
#9846=CARTESIAN_POINT('',(1.525,-21.925,23.));
#9847=CARTESIAN_POINT('',(1.025,-21.425,23.));
#9848=CARTESIAN_POINT('Origin',(1.025,-21.925,23.));
#9849=CARTESIAN_POINT('',(-11.975,-21.425,23.));
#9850=CARTESIAN_POINT('',(44.675,-21.925,23.));
#9851=CARTESIAN_POINT('',(45.175,-21.425,23.));
#9852=CARTESIAN_POINT('Origin',(45.175,-21.925,23.));
#9853=CARTESIAN_POINT('',(44.675,-34.925,23.));
#9854=CARTESIAN_POINT('',(44.675,-21.925,23.));
#9855=CARTESIAN_POINT('',(45.175,-35.425,23.));
#9856=CARTESIAN_POINT('Origin',(45.175,-34.925,23.));
#9857=CARTESIAN_POINT('',(58.175,-35.425,23.));
#9858=CARTESIAN_POINT('',(45.175,-35.425,23.));
#9859=CARTESIAN_POINT('',(58.675,-34.925,23.));
#9860=CARTESIAN_POINT('Origin',(58.175,-34.925,23.));
#9861=CARTESIAN_POINT('',(58.675,-21.925,23.));
#9862=CARTESIAN_POINT('',(58.675,-21.925,23.));
#9863=CARTESIAN_POINT('',(58.175,-21.425,23.));
#9864=CARTESIAN_POINT('Origin',(58.175,-21.925,23.));
#9865=CARTESIAN_POINT('',(45.175,-21.425,23.));
#9866=CARTESIAN_POINT('',(6.575,16.175,23.));
#9867=CARTESIAN_POINT('',(7.075,16.675,23.));
#9868=CARTESIAN_POINT('Origin',(7.075,16.175,23.));
#9869=CARTESIAN_POINT('',(6.575,3.175,23.));
#9870=CARTESIAN_POINT('',(6.575,16.175,23.));
#9871=CARTESIAN_POINT('',(7.075,2.675,23.));
#9872=CARTESIAN_POINT('Origin',(7.075,3.175,23.));
#9873=CARTESIAN_POINT('',(20.075,2.675,23.));
#9874=CARTESIAN_POINT('',(7.075,2.675,23.));
#9875=CARTESIAN_POINT('',(20.575,3.175,23.));
#9876=CARTESIAN_POINT('Origin',(20.075,3.175,23.));
#9877=CARTESIAN_POINT('',(20.575,16.175,23.));
#9878=CARTESIAN_POINT('',(20.575,16.175,23.));
#9879=CARTESIAN_POINT('',(20.075,16.675,23.));
#9880=CARTESIAN_POINT('Origin',(20.075,16.175,23.));
#9881=CARTESIAN_POINT('',(7.075,16.675,23.));
#9882=CARTESIAN_POINT('',(6.575,35.225,23.));
#9883=CARTESIAN_POINT('',(7.075,35.725,23.));
#9884=CARTESIAN_POINT('Origin',(7.075,35.225,23.));
#9885=CARTESIAN_POINT('',(6.575,22.225,23.));
#9886=CARTESIAN_POINT('',(6.575,35.225,23.));
#9887=CARTESIAN_POINT('',(7.075,21.725,23.));
#9888=CARTESIAN_POINT('Origin',(7.075,22.225,23.));
#9889=CARTESIAN_POINT('',(20.075,21.725,23.));
#9890=CARTESIAN_POINT('',(7.075,21.725,23.));
#9891=CARTESIAN_POINT('',(20.575,22.225,23.));
#9892=CARTESIAN_POINT('Origin',(20.075,22.225,23.));
#9893=CARTESIAN_POINT('',(20.575,35.225,23.));
#9894=CARTESIAN_POINT('',(20.575,35.225,23.));
#9895=CARTESIAN_POINT('',(20.075,35.725,23.));
#9896=CARTESIAN_POINT('Origin',(20.075,35.225,23.));
#9897=CARTESIAN_POINT('',(7.075,35.725,23.));
#9898=CARTESIAN_POINT('',(25.625,-2.875,23.));
#9899=CARTESIAN_POINT('',(26.125,-2.375,23.));
#9900=CARTESIAN_POINT('Origin',(26.125,-2.875,23.));
#9901=CARTESIAN_POINT('',(25.625,-15.875,23.));
#9902=CARTESIAN_POINT('',(25.625,-2.875,23.));
#9903=CARTESIAN_POINT('',(26.125,-16.375,23.));
#9904=CARTESIAN_POINT('Origin',(26.125,-15.875,23.));
#9905=CARTESIAN_POINT('',(39.125,-16.375,23.));
#9906=CARTESIAN_POINT('',(26.125,-16.375,23.));
#9907=CARTESIAN_POINT('',(39.625,-15.875,23.));
#9908=CARTESIAN_POINT('Origin',(39.125,-15.875,23.));
#9909=CARTESIAN_POINT('',(39.625,-2.875,23.));
#9910=CARTESIAN_POINT('',(39.625,-2.875,23.));
#9911=CARTESIAN_POINT('',(39.125,-2.375,23.));
#9912=CARTESIAN_POINT('Origin',(39.125,-2.875,23.));
#9913=CARTESIAN_POINT('',(26.125,-2.375,23.));
#9914=CARTESIAN_POINT('',(25.625,16.175,23.));
#9915=CARTESIAN_POINT('',(26.125,16.675,23.));
#9916=CARTESIAN_POINT('Origin',(26.125,16.175,23.));
#9917=CARTESIAN_POINT('',(25.625,3.175,23.));
#9918=CARTESIAN_POINT('',(25.625,16.175,23.));
#9919=CARTESIAN_POINT('',(26.125,2.675,23.));
#9920=CARTESIAN_POINT('Origin',(26.125,3.175,23.));
#9921=CARTESIAN_POINT('',(39.125,2.675,23.));
#9922=CARTESIAN_POINT('',(26.125,2.675,23.));
#9923=CARTESIAN_POINT('',(39.625,3.175,23.));
#9924=CARTESIAN_POINT('Origin',(39.125,3.175,23.));
#9925=CARTESIAN_POINT('',(39.625,16.175,23.));
#9926=CARTESIAN_POINT('',(39.625,16.175,23.));
#9927=CARTESIAN_POINT('',(39.125,16.675,23.));
#9928=CARTESIAN_POINT('Origin',(39.125,16.175,23.));
#9929=CARTESIAN_POINT('',(26.125,16.675,23.));
#9930=CARTESIAN_POINT('',(6.575,-21.925,23.));
#9931=CARTESIAN_POINT('',(7.075,-21.425,23.));
#9932=CARTESIAN_POINT('Origin',(7.075,-21.925,23.));
#9933=CARTESIAN_POINT('',(6.575,-34.925,23.));
#9934=CARTESIAN_POINT('',(6.575,-21.925,23.));
#9935=CARTESIAN_POINT('',(7.075,-35.425,23.));
#9936=CARTESIAN_POINT('Origin',(7.075,-34.925,23.));
#9937=CARTESIAN_POINT('',(20.075,-35.425,23.));
#9938=CARTESIAN_POINT('',(7.075,-35.425,23.));
#9939=CARTESIAN_POINT('',(20.575,-34.925,23.));
#9940=CARTESIAN_POINT('Origin',(20.075,-34.925,23.));
#9941=CARTESIAN_POINT('',(20.575,-21.925,23.));
#9942=CARTESIAN_POINT('',(20.575,-21.925,23.));
#9943=CARTESIAN_POINT('',(20.075,-21.425,23.));
#9944=CARTESIAN_POINT('Origin',(20.075,-21.925,23.));
#9945=CARTESIAN_POINT('',(7.075,-21.425,23.));
#9946=CARTESIAN_POINT('',(6.575,-2.875,23.));
#9947=CARTESIAN_POINT('',(7.075,-2.375,23.));
#9948=CARTESIAN_POINT('Origin',(7.075,-2.875,23.));
#9949=CARTESIAN_POINT('',(6.575,-15.875,23.));
#9950=CARTESIAN_POINT('',(6.575,-2.875,23.));
#9951=CARTESIAN_POINT('',(7.075,-16.375,23.));
#9952=CARTESIAN_POINT('Origin',(7.075,-15.875,23.));
#9953=CARTESIAN_POINT('',(20.075,-16.375,23.));
#9954=CARTESIAN_POINT('',(7.075,-16.375,23.));
#9955=CARTESIAN_POINT('',(20.575,-15.875,23.));
#9956=CARTESIAN_POINT('Origin',(20.075,-15.875,23.));
#9957=CARTESIAN_POINT('',(20.575,-2.875,23.));
#9958=CARTESIAN_POINT('',(20.575,-2.875,23.));
#9959=CARTESIAN_POINT('',(20.075,-2.37499999999999,23.));
#9960=CARTESIAN_POINT('Origin',(20.075,-2.875,23.));
#9961=CARTESIAN_POINT('',(7.075,-2.375,23.));
#9962=CARTESIAN_POINT('',(25.625,35.225,23.));
#9963=CARTESIAN_POINT('',(26.125,35.725,23.));
#9964=CARTESIAN_POINT('Origin',(26.125,35.225,23.));
#9965=CARTESIAN_POINT('',(25.625,22.225,23.));
#9966=CARTESIAN_POINT('',(25.625,35.225,23.));
#9967=CARTESIAN_POINT('',(26.125,21.725,23.));
#9968=CARTESIAN_POINT('Origin',(26.125,22.225,23.));
#9969=CARTESIAN_POINT('',(39.125,21.725,23.));
#9970=CARTESIAN_POINT('',(26.125,21.725,23.));
#9971=CARTESIAN_POINT('',(39.625,22.225,23.));
#9972=CARTESIAN_POINT('Origin',(39.125,22.225,23.));
#9973=CARTESIAN_POINT('',(39.625,35.225,23.));
#9974=CARTESIAN_POINT('',(39.625,35.225,23.));
#9975=CARTESIAN_POINT('',(39.125,35.725,23.));
#9976=CARTESIAN_POINT('Origin',(39.125,35.225,23.));
#9977=CARTESIAN_POINT('',(26.125,35.725,23.));
#9978=CARTESIAN_POINT('',(-63.5500009685755,43.0000006407499,23.));
#9979=CARTESIAN_POINT('Origin',(-65.0000009685755,43.0000006407499,23.));
#9980=CARTESIAN_POINT('',(66.4500009685755,-43.0000006407499,23.));
#9981=CARTESIAN_POINT('Origin',(65.0000009685755,-43.0000006407499,23.));
#9982=CARTESIAN_POINT('',(66.4500009685755,43.0000006407499,23.));
#9983=CARTESIAN_POINT('Origin',(65.0000009685755,43.0000006407499,23.));
#9984=CARTESIAN_POINT('',(-63.5500009685755,-43.0000006407499,23.));
#9985=CARTESIAN_POINT('Origin',(-65.0000009685755,-43.0000006407499,23.));
#9986=CARTESIAN_POINT('Origin',(69.2,47.25,23.));
#9987=CARTESIAN_POINT('',(70.2,47.25,23.));
#9988=CARTESIAN_POINT('Origin',(69.2,-46.95,23.));
#9989=CARTESIAN_POINT('',(69.2,-47.95,23.));
#9990=CARTESIAN_POINT('',(70.2,-46.95,23.));
#9991=CARTESIAN_POINT('Origin',(-15.,-47.95,23.));
#9992=CARTESIAN_POINT('Origin',(-48.0000007152557,13.0000001937151,25.));
#9993=CARTESIAN_POINT('',(-48.0000007152557,-13.0000001937151,25.));
#9994=CARTESIAN_POINT('',(-48.0000007152557,13.0000001937151,25.));
#9995=CARTESIAN_POINT('Origin',(-60.0000008940697,13.0000001937151,25.));
#9996=CARTESIAN_POINT('',(-60.0000008940697,13.0000001937151,25.));
#9997=CARTESIAN_POINT('Origin',(-60.0000008940697,-13.0000001937151,25.));
#9998=CARTESIAN_POINT('',(-60.0000008940697,-13.0000001937151,25.));
#9999=CARTESIAN_POINT('Origin',(-48.0000007152557,-13.0000001937151,25.));
#10000=CARTESIAN_POINT('Origin',(70.2,-37.95,23.));
#10001=CARTESIAN_POINT('Origin',(-12.475,22.225,23.));
#10002=CARTESIAN_POINT('',(-12.475,35.225,23.));
#10003=CARTESIAN_POINT('',(-12.475,22.225,23.));
#10004=CARTESIAN_POINT('Origin',(-11.975,22.225,23.));
#10005=CARTESIAN_POINT('',(-11.975,21.725,23.));
#10006=CARTESIAN_POINT('Origin',(1.025,21.725,23.));
#10007=CARTESIAN_POINT('',(1.025,21.725,23.));
#10008=CARTESIAN_POINT('Origin',(1.025,22.225,23.));
#10009=CARTESIAN_POINT('',(1.525,22.225,23.));
#10010=CARTESIAN_POINT('Origin',(1.525,35.225,23.));
#10011=CARTESIAN_POINT('',(1.525,35.225,23.));
#10012=CARTESIAN_POINT('Origin',(1.025,35.225,23.));
#10013=CARTESIAN_POINT('',(1.025,35.725,23.));
#10014=CARTESIAN_POINT('Origin',(-11.975,35.725,23.));
#10015=CARTESIAN_POINT('',(-11.975,35.725,23.));
#10016=CARTESIAN_POINT('Origin',(-11.975,35.225,23.));
#10017=CARTESIAN_POINT('Origin',(44.675,3.175,23.));
#10018=CARTESIAN_POINT('',(44.675,16.175,23.));
#10019=CARTESIAN_POINT('',(44.675,3.175,23.));
#10020=CARTESIAN_POINT('Origin',(45.175,3.175,23.));
#10021=CARTESIAN_POINT('',(45.175,2.675,23.));
#10022=CARTESIAN_POINT('Origin',(58.175,2.675,23.));
#10023=CARTESIAN_POINT('',(58.175,2.675,23.));
#10024=CARTESIAN_POINT('Origin',(58.175,3.175,23.));
#10025=CARTESIAN_POINT('',(58.675,3.175,23.));
#10026=CARTESIAN_POINT('Origin',(58.675,16.175,23.));
#10027=CARTESIAN_POINT('',(58.675,16.175,23.));
#10028=CARTESIAN_POINT('Origin',(58.175,16.175,23.));
#10029=CARTESIAN_POINT('',(58.175,16.675,23.));
#10030=CARTESIAN_POINT('Origin',(45.175,16.675,23.));
#10031=CARTESIAN_POINT('',(45.175,16.675,23.));
#10032=CARTESIAN_POINT('Origin',(45.175,16.175,23.));
#10033=CARTESIAN_POINT('Origin',(25.625,-34.925,23.));
#10034=CARTESIAN_POINT('',(25.625,-21.925,23.));
#10035=CARTESIAN_POINT('',(25.625,-34.925,23.));
#10036=CARTESIAN_POINT('Origin',(26.125,-34.925,23.));
#10037=CARTESIAN_POINT('',(26.125,-35.425,23.));
#10038=CARTESIAN_POINT('Origin',(39.125,-35.425,23.));
#10039=CARTESIAN_POINT('',(39.125,-35.425,23.));
#10040=CARTESIAN_POINT('Origin',(39.125,-34.925,23.));
#10041=CARTESIAN_POINT('',(39.625,-34.925,23.));
#10042=CARTESIAN_POINT('Origin',(39.625,-21.925,23.));
#10043=CARTESIAN_POINT('',(39.625,-21.925,23.));
#10044=CARTESIAN_POINT('Origin',(39.125,-21.925,23.));
#10045=CARTESIAN_POINT('',(39.125,-21.425,23.));
#10046=CARTESIAN_POINT('Origin',(26.125,-21.425,23.));
#10047=CARTESIAN_POINT('',(26.125,-21.425,23.));
#10048=CARTESIAN_POINT('Origin',(26.125,-21.925,23.));
#10049=CARTESIAN_POINT('Origin',(44.675,-15.875,23.));
#10050=CARTESIAN_POINT('',(44.675,-2.875,23.));
#10051=CARTESIAN_POINT('',(44.675,-15.875,23.));
#10052=CARTESIAN_POINT('Origin',(45.175,-15.875,23.));
#10053=CARTESIAN_POINT('',(45.175,-16.375,23.));
#10054=CARTESIAN_POINT('Origin',(58.175,-16.375,23.));
#10055=CARTESIAN_POINT('',(58.175,-16.375,23.));
#10056=CARTESIAN_POINT('Origin',(58.175,-15.875,23.));
#10057=CARTESIAN_POINT('',(58.675,-15.875,23.));
#10058=CARTESIAN_POINT('Origin',(58.675,-2.875,23.));
#10059=CARTESIAN_POINT('',(58.675,-2.875,23.));
#10060=CARTESIAN_POINT('Origin',(58.175,-2.875,23.));
#10061=CARTESIAN_POINT('',(58.175,-2.375,23.));
#10062=CARTESIAN_POINT('Origin',(45.175,-2.375,23.));
#10063=CARTESIAN_POINT('',(45.175,-2.375,23.));
#10064=CARTESIAN_POINT('Origin',(45.175,-2.875,23.));
#10065=CARTESIAN_POINT('Origin',(-12.475,-15.875,23.));
#10066=CARTESIAN_POINT('',(-12.475,-2.875,23.));
#10067=CARTESIAN_POINT('',(-12.475,-15.875,23.));
#10068=CARTESIAN_POINT('Origin',(-11.975,-15.875,23.));
#10069=CARTESIAN_POINT('',(-11.975,-16.375,23.));
#10070=CARTESIAN_POINT('Origin',(1.025,-16.375,23.));
#10071=CARTESIAN_POINT('',(1.025,-16.375,23.));
#10072=CARTESIAN_POINT('Origin',(1.025,-15.875,23.));
#10073=CARTESIAN_POINT('',(1.525,-15.875,23.));
#10074=CARTESIAN_POINT('Origin',(1.525,-2.875,23.));
#10075=CARTESIAN_POINT('',(1.525,-2.875,23.));
#10076=CARTESIAN_POINT('Origin',(1.025,-2.875,23.));
#10077=CARTESIAN_POINT('',(1.025,-2.375,23.));
#10078=CARTESIAN_POINT('Origin',(-11.975,-2.375,23.));
#10079=CARTESIAN_POINT('',(-11.975,-2.375,23.));
#10080=CARTESIAN_POINT('Origin',(-11.975,-2.875,23.));
#10081=CARTESIAN_POINT('Origin',(-12.475,3.175,23.));
#10082=CARTESIAN_POINT('',(-12.475,16.175,23.));
#10083=CARTESIAN_POINT('',(-12.475,3.175,23.));
#10084=CARTESIAN_POINT('Origin',(-11.975,3.175,23.));
#10085=CARTESIAN_POINT('',(-11.975,2.675,23.));
#10086=CARTESIAN_POINT('Origin',(1.025,2.675,23.));
#10087=CARTESIAN_POINT('',(1.025,2.675,23.));
#10088=CARTESIAN_POINT('Origin',(1.025,3.175,23.));
#10089=CARTESIAN_POINT('',(1.525,3.175,23.));
#10090=CARTESIAN_POINT('Origin',(1.525,16.175,23.));
#10091=CARTESIAN_POINT('',(1.525,16.175,23.));
#10092=CARTESIAN_POINT('Origin',(1.025,16.175,23.));
#10093=CARTESIAN_POINT('',(1.025,16.675,23.));
#10094=CARTESIAN_POINT('Origin',(-11.975,16.675,23.));
#10095=CARTESIAN_POINT('',(-11.975,16.675,23.));
#10096=CARTESIAN_POINT('Origin',(-11.975,16.175,23.));
#10097=CARTESIAN_POINT('Origin',(44.675,22.225,23.));
#10098=CARTESIAN_POINT('',(44.675,35.225,23.));
#10099=CARTESIAN_POINT('',(44.675,22.225,23.));
#10100=CARTESIAN_POINT('Origin',(45.175,22.225,23.));
#10101=CARTESIAN_POINT('',(45.175,21.725,23.));
#10102=CARTESIAN_POINT('Origin',(58.175,21.725,23.));
#10103=CARTESIAN_POINT('',(58.175,21.725,23.));
#10104=CARTESIAN_POINT('Origin',(58.175,22.225,23.));
#10105=CARTESIAN_POINT('',(58.675,22.225,23.));
#10106=CARTESIAN_POINT('Origin',(58.675,35.225,23.));
#10107=CARTESIAN_POINT('',(58.675,35.225,23.));
#10108=CARTESIAN_POINT('Origin',(58.175,35.225,23.));
#10109=CARTESIAN_POINT('',(58.175,35.725,23.));
#10110=CARTESIAN_POINT('Origin',(45.175,35.725,23.));
#10111=CARTESIAN_POINT('',(45.175,35.725,23.));
#10112=CARTESIAN_POINT('Origin',(45.175,35.225,23.));
#10113=CARTESIAN_POINT('Origin',(-12.475,-34.925,23.));
#10114=CARTESIAN_POINT('',(-12.475,-21.925,23.));
#10115=CARTESIAN_POINT('',(-12.475,-34.925,23.));
#10116=CARTESIAN_POINT('Origin',(-11.975,-34.925,23.));
#10117=CARTESIAN_POINT('',(-11.975,-35.425,23.));
#10118=CARTESIAN_POINT('Origin',(1.025,-35.425,23.));
#10119=CARTESIAN_POINT('',(1.025,-35.425,23.));
#10120=CARTESIAN_POINT('Origin',(1.025,-34.925,23.));
#10121=CARTESIAN_POINT('',(1.525,-34.925,23.));
#10122=CARTESIAN_POINT('Origin',(1.525,-21.925,23.));
#10123=CARTESIAN_POINT('',(1.525,-21.925,23.));
#10124=CARTESIAN_POINT('Origin',(1.025,-21.925,23.));
#10125=CARTESIAN_POINT('',(1.025,-21.425,23.));
#10126=CARTESIAN_POINT('Origin',(-11.975,-21.425,23.));
#10127=CARTESIAN_POINT('',(-11.975,-21.425,23.));
#10128=CARTESIAN_POINT('Origin',(-11.975,-21.925,23.));
#10129=CARTESIAN_POINT('Origin',(44.675,-34.925,23.));
#10130=CARTESIAN_POINT('',(44.675,-21.925,23.));
#10131=CARTESIAN_POINT('',(44.675,-34.925,23.));
#10132=CARTESIAN_POINT('Origin',(45.175,-34.925,23.));
#10133=CARTESIAN_POINT('',(45.175,-35.425,23.));
#10134=CARTESIAN_POINT('Origin',(58.175,-35.425,23.));
#10135=CARTESIAN_POINT('',(58.175,-35.425,23.));
#10136=CARTESIAN_POINT('Origin',(58.175,-34.925,23.));
#10137=CARTESIAN_POINT('',(58.675,-34.925,23.));
#10138=CARTESIAN_POINT('Origin',(58.675,-21.925,23.));
#10139=CARTESIAN_POINT('',(58.675,-21.925,23.));
#10140=CARTESIAN_POINT('Origin',(58.175,-21.925,23.));
#10141=CARTESIAN_POINT('',(58.175,-21.425,23.));
#10142=CARTESIAN_POINT('Origin',(45.175,-21.425,23.));
#10143=CARTESIAN_POINT('',(45.175,-21.425,23.));
#10144=CARTESIAN_POINT('Origin',(45.175,-21.925,23.));
#10145=CARTESIAN_POINT('Origin',(6.575,3.175,23.));
#10146=CARTESIAN_POINT('',(6.575,16.175,23.));
#10147=CARTESIAN_POINT('',(6.575,3.175,23.));
#10148=CARTESIAN_POINT('Origin',(7.075,3.175,23.));
#10149=CARTESIAN_POINT('',(7.075,2.675,23.));
#10150=CARTESIAN_POINT('Origin',(20.075,2.675,23.));
#10151=CARTESIAN_POINT('',(20.075,2.675,23.));
#10152=CARTESIAN_POINT('Origin',(20.075,3.175,23.));
#10153=CARTESIAN_POINT('',(20.575,3.175,23.));
#10154=CARTESIAN_POINT('Origin',(20.575,16.175,23.));
#10155=CARTESIAN_POINT('',(20.575,16.175,23.));
#10156=CARTESIAN_POINT('Origin',(20.075,16.175,23.));
#10157=CARTESIAN_POINT('',(20.075,16.675,23.));
#10158=CARTESIAN_POINT('Origin',(7.075,16.675,23.));
#10159=CARTESIAN_POINT('',(7.075,16.675,23.));
#10160=CARTESIAN_POINT('Origin',(7.075,16.175,23.));
#10161=CARTESIAN_POINT('Origin',(6.575,22.225,23.));
#10162=CARTESIAN_POINT('',(6.575,35.225,23.));
#10163=CARTESIAN_POINT('',(6.575,22.225,23.));
#10164=CARTESIAN_POINT('Origin',(7.075,22.225,23.));
#10165=CARTESIAN_POINT('',(7.075,21.725,23.));
#10166=CARTESIAN_POINT('Origin',(20.075,21.725,23.));
#10167=CARTESIAN_POINT('',(20.075,21.725,23.));
#10168=CARTESIAN_POINT('Origin',(20.075,22.225,23.));
#10169=CARTESIAN_POINT('',(20.575,22.225,23.));
#10170=CARTESIAN_POINT('Origin',(20.575,35.225,23.));
#10171=CARTESIAN_POINT('',(20.575,35.225,23.));
#10172=CARTESIAN_POINT('Origin',(20.075,35.225,23.));
#10173=CARTESIAN_POINT('',(20.075,35.725,23.));
#10174=CARTESIAN_POINT('Origin',(7.075,35.725,23.));
#10175=CARTESIAN_POINT('',(7.075,35.725,23.));
#10176=CARTESIAN_POINT('Origin',(7.075,35.225,23.));
#10177=CARTESIAN_POINT('Origin',(25.625,-15.875,23.));
#10178=CARTESIAN_POINT('',(25.625,-2.875,23.));
#10179=CARTESIAN_POINT('',(25.625,-15.875,23.));
#10180=CARTESIAN_POINT('Origin',(26.125,-15.875,23.));
#10181=CARTESIAN_POINT('',(26.125,-16.375,23.));
#10182=CARTESIAN_POINT('Origin',(39.125,-16.375,23.));
#10183=CARTESIAN_POINT('',(39.125,-16.375,23.));
#10184=CARTESIAN_POINT('Origin',(39.125,-15.875,23.));
#10185=CARTESIAN_POINT('',(39.625,-15.875,23.));
#10186=CARTESIAN_POINT('Origin',(39.625,-2.875,23.));
#10187=CARTESIAN_POINT('',(39.625,-2.875,23.));
#10188=CARTESIAN_POINT('Origin',(39.125,-2.875,23.));
#10189=CARTESIAN_POINT('',(39.125,-2.375,23.));
#10190=CARTESIAN_POINT('Origin',(26.125,-2.375,23.));
#10191=CARTESIAN_POINT('',(26.125,-2.375,23.));
#10192=CARTESIAN_POINT('Origin',(26.125,-2.875,23.));
#10193=CARTESIAN_POINT('Origin',(25.625,3.175,23.));
#10194=CARTESIAN_POINT('',(25.625,16.175,23.));
#10195=CARTESIAN_POINT('',(25.625,3.175,23.));
#10196=CARTESIAN_POINT('Origin',(26.125,3.175,23.));
#10197=CARTESIAN_POINT('',(26.125,2.675,23.));
#10198=CARTESIAN_POINT('Origin',(39.125,2.675,23.));
#10199=CARTESIAN_POINT('',(39.125,2.675,23.));
#10200=CARTESIAN_POINT('Origin',(39.125,3.175,23.));
#10201=CARTESIAN_POINT('',(39.625,3.175,23.));
#10202=CARTESIAN_POINT('Origin',(39.625,16.175,23.));
#10203=CARTESIAN_POINT('',(39.625,16.175,23.));
#10204=CARTESIAN_POINT('Origin',(39.125,16.175,23.));
#10205=CARTESIAN_POINT('',(39.125,16.675,23.));
#10206=CARTESIAN_POINT('Origin',(26.125,16.675,23.));
#10207=CARTESIAN_POINT('',(26.125,16.675,23.));
#10208=CARTESIAN_POINT('Origin',(26.125,16.175,23.));
#10209=CARTESIAN_POINT('Origin',(6.575,-34.925,23.));
#10210=CARTESIAN_POINT('',(6.575,-21.925,23.));
#10211=CARTESIAN_POINT('',(6.575,-34.925,23.));
#10212=CARTESIAN_POINT('Origin',(7.075,-34.925,23.));
#10213=CARTESIAN_POINT('',(7.075,-35.425,23.));
#10214=CARTESIAN_POINT('Origin',(20.075,-35.425,23.));
#10215=CARTESIAN_POINT('',(20.075,-35.425,23.));
#10216=CARTESIAN_POINT('Origin',(20.075,-34.925,23.));
#10217=CARTESIAN_POINT('',(20.575,-34.925,23.));
#10218=CARTESIAN_POINT('Origin',(20.575,-21.925,23.));
#10219=CARTESIAN_POINT('',(20.575,-21.925,23.));
#10220=CARTESIAN_POINT('Origin',(20.075,-21.925,23.));
#10221=CARTESIAN_POINT('',(20.075,-21.425,23.));
#10222=CARTESIAN_POINT('Origin',(7.075,-21.425,23.));
#10223=CARTESIAN_POINT('',(7.075,-21.425,23.));
#10224=CARTESIAN_POINT('Origin',(7.075,-21.925,23.));
#10225=CARTESIAN_POINT('Origin',(6.575,-15.875,23.));
#10226=CARTESIAN_POINT('',(6.575,-2.875,23.));
#10227=CARTESIAN_POINT('',(6.575,-15.875,23.));
#10228=CARTESIAN_POINT('Origin',(7.075,-15.875,23.));
#10229=CARTESIAN_POINT('',(7.075,-16.375,23.));
#10230=CARTESIAN_POINT('Origin',(20.075,-16.375,23.));
#10231=CARTESIAN_POINT('',(20.075,-16.375,23.));
#10232=CARTESIAN_POINT('Origin',(20.075,-15.875,23.));
#10233=CARTESIAN_POINT('',(20.575,-15.875,23.));
#10234=CARTESIAN_POINT('Origin',(20.575,-2.875,23.));
#10235=CARTESIAN_POINT('',(20.575,-2.875,23.));
#10236=CARTESIAN_POINT('Origin',(20.075,-2.875,23.));
#10237=CARTESIAN_POINT('',(20.075,-2.37499999999999,23.));
#10238=CARTESIAN_POINT('Origin',(7.075,-2.375,23.));
#10239=CARTESIAN_POINT('',(7.075,-2.375,23.));
#10240=CARTESIAN_POINT('Origin',(7.075,-2.875,23.));
#10241=CARTESIAN_POINT('Origin',(25.625,22.225,23.));
#10242=CARTESIAN_POINT('',(25.625,35.225,23.));
#10243=CARTESIAN_POINT('',(25.625,22.225,23.));
#10244=CARTESIAN_POINT('Origin',(26.125,22.225,23.));
#10245=CARTESIAN_POINT('',(26.125,21.725,23.));
#10246=CARTESIAN_POINT('Origin',(39.125,21.725,23.));
#10247=CARTESIAN_POINT('',(39.125,21.725,23.));
#10248=CARTESIAN_POINT('Origin',(39.125,22.225,23.));
#10249=CARTESIAN_POINT('',(39.625,22.225,23.));
#10250=CARTESIAN_POINT('Origin',(39.625,35.225,23.));
#10251=CARTESIAN_POINT('',(39.625,35.225,23.));
#10252=CARTESIAN_POINT('Origin',(39.125,35.225,23.));
#10253=CARTESIAN_POINT('',(39.125,35.725,23.));
#10254=CARTESIAN_POINT('Origin',(26.125,35.725,23.));
#10255=CARTESIAN_POINT('',(26.125,35.725,23.));
#10256=CARTESIAN_POINT('Origin',(26.125,35.225,23.));
#10257=CARTESIAN_POINT('Origin',(-65.0000009685755,-43.0000006407499,25.));
#10258=CARTESIAN_POINT('',(-63.5500009685755,-43.0000006407499,25.));
#10259=CARTESIAN_POINT('Origin',(65.0000009685755,43.0000006407499,25.));
#10260=CARTESIAN_POINT('',(66.4500009685755,43.0000006407499,25.));
#10261=CARTESIAN_POINT('Origin',(65.0000009685755,-43.0000006407499,25.));
#10262=CARTESIAN_POINT('',(66.4500009685755,-43.0000006407499,25.));
#10263=CARTESIAN_POINT('Origin',(-65.0000009685755,43.0000006407499,25.));
#10264=CARTESIAN_POINT('',(-63.5500009685755,43.0000006407499,25.));
#10265=CARTESIAN_POINT('Origin',(-60.45,-38.45,15.));
#10266=CARTESIAN_POINT('',(-60.45,-38.45,15.));
#10267=CARTESIAN_POINT('',(60.45,-38.45,15.));
#10268=CARTESIAN_POINT('',(-60.45,-38.45,15.));
#10269=CARTESIAN_POINT('',(60.45,-38.45,16.6));
#10270=CARTESIAN_POINT('',(60.45,-38.45,15.));
#10271=CARTESIAN_POINT('',(-60.45,-38.45,16.6));
#10272=CARTESIAN_POINT('',(-60.45,-38.45,16.6));
#10273=CARTESIAN_POINT('',(-60.45,-38.45,15.));
#10274=CARTESIAN_POINT('Origin',(-60.45,38.45,15.));
#10275=CARTESIAN_POINT('',(-60.45,38.45,15.));
#10276=CARTESIAN_POINT('',(-60.45,38.45,15.));
#10277=CARTESIAN_POINT('',(-60.45,38.45,16.6));
#10278=CARTESIAN_POINT('',(-60.45,38.45,16.6));
#10279=CARTESIAN_POINT('',(-60.45,38.45,15.));
#10280=CARTESIAN_POINT('Origin',(60.45,38.45,15.));
#10281=CARTESIAN_POINT('',(60.45,38.45,15.));
#10282=CARTESIAN_POINT('',(60.45,38.45,15.));
#10283=CARTESIAN_POINT('',(60.45,38.45,16.6));
#10284=CARTESIAN_POINT('',(60.45,38.45,16.6));
#10285=CARTESIAN_POINT('',(60.45,38.45,15.));
#10286=CARTESIAN_POINT('Origin',(60.45,-38.45,15.));
#10287=CARTESIAN_POINT('',(60.45,-38.45,15.));
#10288=CARTESIAN_POINT('',(60.45,-38.45,16.6));
#10289=CARTESIAN_POINT('Origin',(0.,0.,16.6));
#10290=CARTESIAN_POINT('Origin',(0.,0.,15.));
#10291=UNCERTAINTY_MEASURE_WITH_UNIT(LENGTH_MEASURE(0.01),#10295,
'DISTANCE_ACCURACY_VALUE',
'Maximum model space distance between geometric entities at asserted c
onnectivities');
#10292=UNCERTAINTY_MEASURE_WITH_UNIT(LENGTH_MEASURE(0.01),#10295,
'DISTANCE_ACCURACY_VALUE',
'Maximum model space distance between geometric entities at asserted c
onnectivities');
#10293=(
GEOMETRIC_REPRESENTATION_CONTEXT(3)
GLOBAL_UNCERTAINTY_ASSIGNED_CONTEXT((#10291))
GLOBAL_UNIT_ASSIGNED_CONTEXT((#10295,#10297,#10298))
REPRESENTATION_CONTEXT('','3D')
);
#10294=(
GEOMETRIC_REPRESENTATION_CONTEXT(3)
GLOBAL_UNCERTAINTY_ASSIGNED_CONTEXT((#10292))
GLOBAL_UNIT_ASSIGNED_CONTEXT((#10295,#10297,#10298))
REPRESENTATION_CONTEXT('','3D')
);
#10295=(
LENGTH_UNIT()
NAMED_UNIT(*)
SI_UNIT(.MILLI.,.METRE.)
);
#10296=(
LENGTH_UNIT()
NAMED_UNIT(*)
SI_UNIT($,.METRE.)
);
#10297=(
NAMED_UNIT(*)
PLANE_ANGLE_UNIT()
SI_UNIT($,.RADIAN.)
);
#10298=(
NAMED_UNIT(*)
SI_UNIT($,.STERADIAN.)
SOLID_ANGLE_UNIT()
);
#10299=SHAPE_DEFINITION_REPRESENTATION(#10300,#10301);
#10300=PRODUCT_DEFINITION_SHAPE('',$,#10303);
#10301=SHAPE_REPRESENTATION('',(#5931),#10293);
#10302=PRODUCT_DEFINITION_CONTEXT('part definition',#10307,'design');
#10303=PRODUCT_DEFINITION('2026-08-21-11-26-03-381','HackPad Case V2',#10304,
#10302);
#10304=PRODUCT_DEFINITION_FORMATION('',$,#10309);
#10305=PRODUCT_RELATED_PRODUCT_CATEGORY('HackPad Case V2',
'HackPad Case V2',(#10309));
#10306=APPLICATION_PROTOCOL_DEFINITION('international standard',
'automotive_design',2009,#10307);
#10307=APPLICATION_CONTEXT(
'Core Data for Automotive Mechanical Design Process');
#10308=PRODUCT_CONTEXT('part definition',#10307,'mechanical');
#10309=PRODUCT('2026-08-21-11-26-03-381','HackPad Case V2',$,(#10308));
#10310=PRESENTATION_STYLE_ASSIGNMENT((#10312));
#10311=PRESENTATION_STYLE_ASSIGNMENT((#10313));
#10312=SURFACE_STYLE_USAGE(.BOTH.,#10314);
#10313=SURFACE_STYLE_USAGE(.BOTH.,#10315);
#10314=SURFACE_SIDE_STYLE('',(#10316));
#10315=SURFACE_SIDE_STYLE('',(#10317));
#10316=SURFACE_STYLE_FILL_AREA(#10318);
#10317=SURFACE_STYLE_FILL_AREA(#10319);
#10318=FILL_AREA_STYLE('Steel - Satin',(#10320));
#10319=FILL_AREA_STYLE('ABS (White)',(#10321));
#10320=FILL_AREA_STYLE_COLOUR('Steel - Satin',#10322);
#10321=FILL_AREA_STYLE_COLOUR('ABS (White)',#10323);
#10322=COLOUR_RGB('Steel - Satin',0.627450980392157,0.627450980392157,0.627450980392157);
#10323=COLOUR_RGB('ABS (White)',0.964705882352941,0.964705882352941,0.952941176470588);
ENDSEC;
END-ISO-10303-21;
